index,code,name,en_name
1,5184,西安府,Xi'an Fu
2,8075,祥符,Xiangfu
3,7963,禹城,Yucheng
4,8076,中牟,Zhongmou
5,8038,武城,Wucheng
6,21201,贵西道,Guixi Dao
7,21167,宁夏道,Ningxia Dao
8,21111,河洛道,Heluo Dao
9,18524,新昌州,Xinchang Zhou
10,30016,安远军节度,Anyuan junjiedu
11,30090,镇宁军节度,Zhenning junjiedu
12,16819,宝坻,Baodi
13,16799,新泰,Xintai
14,16816,宛平,Wanping
15,17194,平晋,Pingjin
16,17230,坚州,Jian Zhou
17,16838,漷州,Huo Zhou
18,16811,牟平,Mouping
19,16805,德平,Deping
20,17197,太谷,Taigu
21,17108,临朐,Linqu
22,16801,安德,Ande
23,16802,平原,Pingyuan
24,17210,忻州,Xin Zhou
25,16803,齐河,Qihe
26,16804,清平,Qingping
27,16978,巨鹿,Julu
28,16882,天成,Tiancheng
29,17107,临淄,Linzi
30,17029,王屋,Wangwu
31,17021,濬州,Jun Zhou
32,17130,滕州,Teng Zhou
33,17111,寿光,Shouguang
34,16992,磁州,Ci Zhou
35,17097,兖州,Yan Zhou
36,16824,霸州,Ba Zhou
37,17135,博兴州,Boxing Zhou
38,16812,文登,Wendeng
39,17002,安阳,Anyang
40,16997,威州,Wei Zhou
41,17109,高苑,Gaoyuan
42,17115,胶州,Jiao Zhou
43,17106,益都,Yidu
44,16912,庆都,Qingdu
45,16987,永年,Yongnian
46,16842,顺州,Shun Zhou
47,17196,榆次,Yuci
48,16889,抚宁,Funing
49,17027,河阳,Heyang
50,17198,清源,Qingyuan
51,16848,固安州,Gu'an Zhou
52,16846,东安州,Dong'an Zhou
53,16850,龙庆州,Longqing Zhou
54,17242,岳阳,Yueyang
55,17200,交城,Jiaocheng
56,16793,夏津,Xiajin
57,301077,香河等处巡检司,Xianghe dengchu xunjiansi
58,17142,棣州,Di Zhou
59,17202,汾州,Fen Zhou
60,17112,潍州,Wei Zhou
61,17328,和众,Hezhong
62,16844,檀州,Tan Zhou
63,17199,寿阳,Shouyang
64,16854,开平,Kaiping
65,16942,元氏,Yuanshi
66,17251,潞州,Lu Zhou
67,16884,宝昌州,Baochang Zhou
68,17243,绛州,Jiang Zhou
69,16883,威宁,Weining
70,16798,莱芜,Laiwu
71,17028,济源,Jiyuan
72,16991,广平,Guangping
73,16818,永清,Yongqing
74,16820,昌平,Changping
75,16815,大兴,Daxing
76,17201,徐沟,Xugou
77,16829,通州,Tong Zhou
78,16821,涿州,Zhuo Zhou
79,16880,高原,Gaoyuan
80,17012,清河,Qinghe
81,17086,巨野,Juye
82,17091,虞城,Yucheng
83,17009,大名,Daming
84,17032,汲县,Ji Xian
85,17011,魏县,Wei Xian
86,17013,开州,Kai Zhou
87,17093,济州,Ji Zhou
88,17005,林州,Lin Zhou
89,17069,陵州,Ling Zhou
90,17004,临漳,Linzhang
91,16888,迁安,Qian'an
92,17008,元城,Yuancheng
93,17140,邹平,Zouping
94,17110,乐安,Le'an
95,16979,内邱,Neiqiu
96,17018,滑州,Hua Zhou
97,16941,栾城,Luancheng
98,17084,邱县,Qiu Xian
99,17351,东宁路,Dongning Lu
100,16945,灵寿,Lingshou
101,17353,中和,Zhonghe
102,16944,平山,Pingshan
103,16948,赵州,Zhao Zhou
104,16988,曲周,Quzhou
105,16939,真定,Zhending
106,16984,唐山,Tangshan
107,16881,怀安,Huai'an
108,17352,土山,Toshan
109,17010,南乐,Nanle
110,17141,济阳,Jiyang
111,17036,辉州,Hui Zhou
112,17038,淇州,Qi Zhou
113,17157,莱州,Lai Zhou
114,17187,东胜州,Dongsheng Zhou
115,200013,茌平,Chiping
116,16934,安肃州,Ansu Zhou
117,17183,武州,Wu Zhou
118,17092,丰县,Feng Xian
119,17077,平阴,Pingyin
120,17133,峄州,Yi Zhou
121,16977,邢台,Xingtai
122,16929,安州,An Zhou
123,17003,荡阴,Tangyin
124,17180,朔州,Shuo Zhou
125,17080,堂邑,Tangyi
126,17172,怀仁,Huairen
127,17081,莘县,Shen Xian
128,16914,曲阳,Quyang
129,17119,密州,Mi Zhou
130,17072,须城,Xucheng
131,17139,章邱,Zhangqiu
132,17087,郓城,Yuncheng
133,16982,沙河,Shahe
134,17138,历城,Licheng
135,17034,获嘉,Huojia
136,17063,献州,Xian Zhou
137,17147,滨州,Bin Zhou
138,17079,聊城,Liaocheng
139,17042,肃宁,Suning
140,16989,肥乡,Feixiang
141,17030,温县,Wen Xian
142,17035,昨城,Zuocheng
143,16990,鸡泽,Jize
144,17090,砀山,Dangshan
145,17059,清州,Qing Zhou
146,17171,平地,Pingdi
147,17122,莒州,Ju Zhou
148,17066,莫州,Mo Zhou
149,17459,通许,Tongxu
150,17449,中牟,Zhongmou
151,17549,蒙城,Mengcheng
152,17390,确山,Queshan
153,17545,安丰,Anfeng
154,17605,石首,Shishou
155,17437,景陵,Jingling
156,17452,荣泽,Rongze
157,17443,随州,Sui Zhou
158,17440,孝感,Xiaogan
159,17485,睢州,Sui Zhou
160,17475,陈州,Chen Zhou
161,17481,钧州,Jun Zhou
162,17458,兰阳,Lanyang
163,17447,开封,Kaifeng
164,16985,任县,Ren Xian
165,17453,封邱,Fengqiu
166,17550,濠州,Hao Zhou
167,17411,宁陵,Ningling
168,17442,云梦,Yunmeng
169,17415,宿州,Su Zhou
170,17441,应城,Yingcheng
171,17428,高邮,Gaoyou
172,17460,尉氏,Weishi
173,17388,上蔡,Shangcai
174,17555,怀宁,Huaining
175,17450,原武,Yuanwu
176,17557,望江,Wangjiang
177,17559,桐城,Tongcheng
178,17469,许州,Xu Zhou
179,17461,太康,Taikang
180,17455,阳武,Yangwu
181,17454,扶沟,Fugou
182,17511,均州,Jun Zhou
183,200006,下蔡,Xiacai
184,17448,祥符,Xiangfu
185,17535,无为州,Wuwei Zhou
186,17531,和州,He Zhou
187,17530,舒城,Shucheng
188,17529,梁县,Liang Xian
189,17558,太湖,Taihu
190,17539,六安州,Lu'an Zhou
191,17560,潜山,Qianshan
192,17519,蕲水,Qishui
193,17528,合肥,Hefei
194,7063,布伦托海设治局,Buluntuohai Shezhiju
195,7015,萝北设治局,Luobei Shezhiju
196,7020,索伦山设治局,Suolunshan Shezhiju
197,7079,都兰理事公署,Dulan Lishigongshu
198,18279,乌程,Wucheng
199,17546,霍丘,Huoqiu
200,17526,麻城,Macheng
201,17520,广济,Guangji
202,17571,泰州,Tai Zhou
203,17556,宿松,Susong
204,17582,盐城,Yancheng
205,17457,延津,Yanjin
206,17521,黄梅,Huangmei
207,17544,寿春,Shouchun
208,17522,罗田,Luotian
209,17409,永城,Yongcheng
210,17525,黄陂,Huangpi
211,17614,远安,Yuan'an
212,17518,蕲春,Qichun
213,17514,房州,Fang Zhou
214,17594,泗州,Si Zhou
215,17607,枝江,Zhijiang
216,17524,黄冈,Huanggang
217,17434,京山,Jingshan
218,17422,亳州,Bo Zhou
219,16796,奉符,Fengfu
220,16797,长清,Changqing
221,16786,朝城,Chaocheng
222,17585,淮安路海岸海水,Huai'an Lu Coastal Waters
223,17603,江陵,Jiangling
224,16862,云州,Yun Zhou
225,17433,长寿,Changshou
226,17213,平定州,Pingding Zhou
227,17436,玉沙,Yusha
228,17439,安陆,Anlu
229,17613,长阳,Changyang
230,17563,泰兴,Taixing
231,17491,洛阳,Luoyang
232,17564,真州,Zhen Zhou
233,17427,高邮,Gaoyou
234,17216,临州,Lin Zhou
235,16981,广宗,Guangzong
236,17033,新乡,Xinxiang
237,16879,兴和路,Xinghe Lu
238,16983,南和,Nanhe
239,17207,石州,Shi Zhou
240,17127,沂州,Yi Zhou
241,17234,盂州,Yu Zhou
242,16789,观城,Guancheng
243,17586,海宁州,Haining Zhou
244,16788,临清,Linqing
245,16787,馆陶,Guantao
246,16817,良乡,Liangxiang
247,16792,高唐,Gaotang
248,16794,武城,Wucheng
249,16832,蓟州,Ji Zhou
250,16790,范县,Fan Xian
251,17431,高邮府海岸海水,Gaoyou Fu Coastal Waters
252,17391,遂平,Suiping
253,17408,睢阳,Suiyang
254,17451,鄢陵,Yanling
255,17496,孟津,Mengjin
256,17456,杞县,Qi Xian
257,17464,郑州,Zheng Zhou
258,17574,通州,Tong Zhou
259,17462,洧川,Weichuan
260,17389,西平,Xiping
261,17397,息州,Xi Zhou
262,17506,南漳,Nanzhang
263,17404,信阳州,Xinyang Zhou
264,17387,汝阳,Ruyang
265,17418,邳州,Pei Zhou
266,17193,文水,Wenshui
267,17463,陈留,Chenliu
268,17611,夷陵,Yiling
269,17410,下邑,Xiayi
270,17429,兴化,Xinghua
271,17583,桃园,Taoyuan
272,17581,山阳,Shanyang
273,17580,山阳,Shanyang
274,17577,崇明州,Chongming Zhou
275,17392,颖州,Ying Zhou
276,17584,清河,Qinghe
277,17185,丰州,Feng Zhou
278,17608,潜江,Qianjiang
279,17606,松滋,Songzi
280,17604,公安,Gong'an
281,17609,监利,Jianli
282,17600,安东州,Andong Zhou
283,17400,光州,Guang Zhou
284,17430,宝应,Baoying
285,17612,宜都,Yidu
286,18370,黄岩州,Huangyan Zhou
287,18381,宣城,Xuancheng
288,18784,祁阳,Qiyang
289,18794,灌阳,Guanyang
290,18779,江华,Jianghua
291,18796,邵阳,Shaoyang
292,18800,绥宁,Suining
293,18791,桂东,Guidong
294,18790,桂阳,Guiyang
295,18788,永兴,Yongxing
296,18780,永明,Yongming
297,18392,绩溪,Jixi
298,18393,婺源州,Wuyuan Zhou
299,18391,黟县,Yi Xian
300,18384,宁国,Ningguo
301,18340,东阳,Dongyang
302,18799,武冈,Wugang
303,18713,武昌,Wuchang
304,18777,营道,Yingdao
305,18335,江山,Jiangshan
306,18758,醴陵州,Liling Zhou
307,18787,宜章,Yizhang
308,18453,浦城,Pucheng
309,18718,平江州,Pingjiang Zhou
310,18789,兴宁,Xingning
311,18715,巴陵,Baling
312,18386,太平,Taiping
313,18797,新化,Xinhua
314,18750,会同,Huitong
315,18782,零陵,Lingling
316,18803,临武,Linwu
317,18786,郴阳,Chenyang
318,18766,湘潭州,Xiangtan Zhou
319,18717,华容,Huarong
320,18348,山阴,Shanyin
321,18385,旌德,Jingde
322,18349,会稽,Kuaiji
323,18351,萧山,Xiaoshan
324,18352,嵊县,Sheng Xian
325,18353,新昌,Xinchang
326,18390,祁门,Qimen
327,18361,瑞安州,Rui'an Zhou
328,18288,嘉兴,Jiaxing
329,18360,乐清,Leqing
330,18359,永嘉,Yongjia
331,18344,浦江,Pujiang
332,18366,临海,Linhai
333,18343,武义,Wuyi
334,18342,永康,Yongkang
335,18341,义乌,Yiwu
336,18363,平阳州,Pingyang Zhou
337,18333,西安,Xi'an
338,18388,歙县,She Xian
339,18378,缙云,Jinyun
340,18377,青田,Qingtian
341,18376,遂昌,Suichang
342,18374,龙泉,Longquan
343,18373,丽水,Lishui
344,18350,上虞,Shangyu
345,18367,仙居,Xianju
346,18775,酃县,Ling Xian
347,18368,宁海,Ninghai
348,18339,金华,Jinhua
349,18711,崇阳,Chongyang
350,18369,天台,Tiantai
351,18356,诸暨州,Zhuji Zhou
352,18623,普宁,Puning
353,18375,松阳,Songyang
354,18482,长汀,Changting
355,18774,安仁,Anren
356,18500,武宁,Wuning
357,18398,安仁,Anren
358,18492,长泰,Changtai
359,211086,永安,Yong'an
360,18490,漳浦,Zhangpu
361,18499,靖安,Jing'an
362,18485,莲城,Liancheng
363,18497,进贤,Jinxian
364,18484,清流,Qingliu
365,18486,上杭,Shanghang
366,18487,武平,Wuping
367,18501,富州,Fu Zhou
368,18452,瓯宁,Ouning
369,18379,庆元,Qingyuan
370,18489,龙溪,Longxi
371,18480,将乐,Jiangle
372,18284,长兴州,Changxing Zhou
373,16785,鄄城,Juancheng
374,17332,义州,Yi Zhou
375,18283,武康,Wukang
376,18281,安吉,Anji
377,211145,盐官州,Yanguan zhou
378,18469,兴化,Xinghua
379,18308,宜兴州,Yixing Zhou
380,18477,尤溪,Youxi
381,18315,金坛,Jintan
382,200010,丰城,fengcheng
383,18503,宁州,Ning Zhou
384,18498,奉新,Fengxin
385,18495,南昌,Nanchang
386,18496,新建,Xinjian
387,18465,德化,Dehua
388,18756,宁乡,Ningxiang
389,18764,湘乡州,Xiangxiang Zhou
390,18778,宁远,Ningyuan
391,18695,漕泥等处蛮夷军民长官司,Caoni dengchu manyi zhangguansi
392,18793,清湘,Qingxiang
393,18770,湘阴州,Xiangyin Zhou
394,18810,义宁,Yining
395,18479,顺昌,Shunchang
396,18755,衡山,Hengshan
397,18459,晋江,Jinjiang
398,18804,蓝山,Lanshan
399,18762,攸州,You Zhou
400,18802,平阳,Pingyang
401,18768,益阳州,Yiyang Zhou
402,18760,浏阳州,Liuyang Zhou
403,18749,永平,Yongping
404,18619,南流,Nanliu
405,18468,仙游,Xianyou
406,18773,衡阳,Hengyang
407,18476,南平,Nanping
408,18471,邵武,Shaowu
409,18474,建宁,Jianning
410,18473,泰宁,Taining
411,18491,龙岩,Longyan
412,18472,光泽,Guangze
413,18330,昌国州,Changguo Zhou
414,18456,松溪,Songxi
415,18483,宁化,Ninghua
416,18464,安溪,Anxi
417,18463,永春,Yongchun
418,18462,同安,Tong'an
419,18461,惠安,Hui'an
420,18460,南安,Nan'an
421,18478,沙县,Sha Xian
422,18467,莆田,Putian
423,17509,光化,Guanghua
424,17319,广宁路,Guangning Lu
425,17320,闾阳,Luyang
426,17322,肇州,Zhao Zhou
427,17321,望平,Wangping
428,17336,瑞州,Rui Zhou
429,17154,长山,Changshan
430,17364,长林,Changlin
431,17494,登封,Dengfeng
432,17312,辽阳,Liaoyang
433,17508,谷城,Gucheng
434,17507,宜城,Yicheng
435,17567,滁州,Chu Zhou
436,17505,襄阳,Xiangyang
437,17497,新安,Xin'an
438,16907,宁昌,Ningchang
439,17340,锦州,Jin Zhou
440,17492,宜阳,Yiyang
441,16916,博野,Boye
442,16917,易州,Yi Zhou
443,16921,祁州,Qi Zhou
444,17276,隰州,Xi Zhou
445,16925,雄州,Xiong Zhou
446,16956,冀州,Ji Zhou
447,17317,豪州,Hao Zhou
448,17313,盖州,Gai Zhou
449,17382,裕州,Yu Zhou
450,17367,南阳,Nanyang
451,17348,建州,Jian Zhou
452,17315,懿州,Yi Zhou
453,17346,川州,Chuan Zhou
454,17344,惠州,Hui Zhou
455,17330,惠和,Huihe
456,17373,唐州,Tang Zhou
457,16855,兴州,Xing Zhou
458,17325,大定,Dading
459,17162,登州,Deng Zhou
460,17045,临邑,Linyi
461,17043,齐东,Qidong
462,17047,沧州,Cang Zhou
463,17041,河间,Hejian
464,17153,淄川,Zichuan
465,17365,当阳,Dangyang
466,17338,高州,Gao Zhou
467,17169,白登,Baideng
468,17326,龙山,Longshan
469,18345,兰溪州,Lanxi Zhou
470,18783,东安,Dong'an
471,17329,金源,Jinyuan
472,17334,兴中州,Xingzhong Zhou
473,17327,富庶,Fushu
474,17102,单州,Shan Zhou
475,16940,槁城,Gaocheng
476,17493,永宁,Yongning
477,17375,嵩州,Song Zhou
478,17369,邓州,Deng Zhou
479,17368,镇平,Zhenping
480,17378,汝州,Ru Zhou
481,17342,利州,Li Zhou
482,17046,青城,Qingcheng
483,17156,蒲台,Putai
484,17175,浑源州,Hunyuan Zhou
485,17088,肥城,Feicheng
486,17089,金乡,Jinxiang
487,17168,大同,Datong
488,16946,阜平,Fuping
489,16943,获鹿,Huolu
490,17331,武平,Wuping
491,17498,偃师,Yanshi
492,17499,陕州,Shan Zhou
493,17044,宁津,Ningjin
494,17232,岚州,Lan Zhou
495,17073,东阿,Dong'e
496,17510,枣阳,Zaoyang
497,16947,涉县,She Xian
498,16972,中山府,Zhongshan Fu
499,16965,晋州,Jin Zhou
500,16936,完州,Wan Zhou
501,16962,深州,Shen Zhou
502,17292,河中府,Hezhong Fu
503,17189,云内州,Yunnei Zhou
504,16909,清苑,Qingyuan
505,16932,遂州,Sui Zhou
506,17173,弘州,Hong Zhou
507,17562,江都,Jiangdu
508,16911,唐县,Tang Xian
509,17155,新城,Xincheng
510,17282,沁州,Qin Zhou
511,17224,代州,Dai Zhou
512,16783,楚丘,Chuqiu
513,18354,余姚州,Yuyao Zhou
514,17195,祁县,Qi Xian
515,17228,兴州,Xing Zhou
516,17495,巩县,Gong Xian
517,17259,泽州,Ze Zhou
518,17226,台州,Tai Zhou
519,17239,洪洞,Hongtong
520,17074,阳谷,Yanggu
521,17222,管州,Guan Zhou
522,17286,辽州,Liao Zhou
523,16980,平乡,Pingxiang
524,16782,禹城,Yucheng
525,17290,吉州,Ji Zhou
526,16910,满城,Mancheng
527,17082,博平,Boping
528,16781,定陶,Dingtao
529,17265,解州,Jie Zhou
530,17240,浮山,Fushan
531,17218,保德州,Baode Zhou
532,16864,顺宁府,Shunning Fu
533,17241,汾西,Fenxi
534,17238,襄陵,Xiangling
535,16887,卢龙,Lulong
536,17220,崞州,Guo Zhou
537,16891,滦州,Luan Zhou
538,211080,燕南河北道宣慰司,Yannanhebeidao xuanweisi
539,16858,松州,Song Zhou
540,16970,蠡州,Li Zhou
541,16876,云需府,Yunxu Fu
542,16860,桓州,Huan Zhou
543,17083,茬平,Chiping
544,17192,阳曲,Yangqu
545,16890,昌黎,Changli
546,16901,集宁,Jining
547,16779,济阴,Jiyin
548,16915,新安,Xin'an
549,17076,寿张,Shouzhang
550,17170,宣宁,Xuanning
551,17177,应州,Ying Zhou
552,17237,临汾,Linfen
553,16899,泰宁,Taining
554,17053,景州,Jing Zhou
555,16897,天山,Tianshan
556,16780,成武,Chengwu
557,17272,霍州,Huo Zhou
558,16913,行唐,Xingtang
559,17075,汶上,Wenshang
560,16903,应昌,Yingchang
561,5877,顺庆府,Shunqing Fu
562,6501,曲靖军民府,Qujing Junminfu
563,5900,重庆府,Chongqing Fu
564,5951,行四川行承宣布政使司,Sichuan Xingchengxuanbuzhengshisi
565,5740,眉州,Mei Zhou
566,5732,潼川州,Tongchuan Zhou
567,6516,鹤庆军民府,Heqing Junminfu
568,5943,马湖府,Mahu Fu
569,6664,思州府,Sizhou Fu
570,5087,卫辉府,Weihui Fu
571,5801,松潘卫,Songpan Wei
572,5775,播州宣慰使司,Bozhou Xuanweishisi
573,300118,福山备御中前千户所,Fushan beiyu zhong-qian qianhusuo
574,5864,保宁府,Baoning Fu
575,5825,成都府,Chengdu Fu
576,5922,夔州府,Kuizhou Fu
577,5769,乌蒙军民府,Wumeng Junminfu
578,5761,雅州,Ya Zhou
579,5078,彰德府,Zhangde Fu
580,5745,嘉定州,Jiading Zhou
581,5767,东川军民府,Dongchuan Junminfu
582,5784,永宁宣抚司,Yongning Xuanfusi
583,5799,石砫宣慰使司,Shizhu Xuanweishisi
584,5793,平茶洞长官司,Pingchadong Zhangguansi
585,5890,叙州府,Xuzhou Fu
586,5756,泸州,Lu Zhou
587,5688,金峒安抚司,Jindong Anfusi
588,302300,邛州,Qiong Zhou?
589,5791,黎州守御军民千户所,Lizhou Shouyujunminqianhusuo
590,5710,永顺军民宣慰使司,Yongshun Junminxuanweishisi
591,5642,衡州府,Hengzhou Fu
592,5576,黄州府,Huangzhou Fu
593,5702,镇南长官司,Zhennanan Zhangguansi
594,5094,怀庆府,Huaiqing Fu
595,5795,酉阳宣慰使司,Youyang Xuanweishisi
596,6391,孟定府,Mengding Fu
597,6512,姚安军民府,Yao'an Junminfu
598,6462,澂江府,Chengjiang Fu
599,6559,车里军民宣慰使司,Cheli Junminxuanweishisi
600,6522,武定军民府,Wuding Junminfu
601,6670,镇远府,Zhenyuan Fu
602,6379,陇川宣抚司,Longchuan Xuanfusi
603,6383,湾甸御夷州,Wandian Yuyizhou
604,6475,广南府,Guangnan Fu
605,6600,龙里卫军民指挥使司,Longliwei Junminzhihuishisi
606,6487,镇沅府,Zhenyuan Fu
607,6688,黎平府,Liping Fu
608,6569,普安州,Pu'an Zhou
609,6377,干崖宣抚司,Ganya Xuanfusi
610,6429,临安府,Lin'an Fu
611,6496,顺宁府,Shunning Fu
612,6387,芒市长官司,Mangshi Zhangguansi
613,6416,大理府,Dali Fu
614,6452,楚雄府,Chuxiong Fu
615,6563,缅甸军民宣慰使司,Miandian Junminxuanweishisi
616,303562,代府群牧所,Daifu Qunmusuo
617,6385,镇康州,Zhenkang Zhou
618,6397,云南府,Yunnan Fu
619,6565,老挝军民宣慰使司,Laozhua Junminxuanweishi si
620,303633,永昌府,Yongchang Fu
621,6490,永宁府,Yongning Fu
622,6371,马龙他郎甸长官司,Malongtalang Zhangguansi
623,6564,八百大甸军民宣慰使司,Babaidadian Junminxuanweishisi
624,6473,景东府,Jingdong Fu
625,5771,乌撒军民府,Wusa Junminfu
626,6580,安顺州,Anshun Zhou
627,6566,南甸宣抚司,Nandian Xuanfusi
628,6372,者乐甸长官司,Zheledian Zhangguansi
629,6595,平越卫军民指挥使司,Pingyuewei Junminzhihuishisi
630,6531,丽江军民府,Lijiang Junminfu
631,6543,元江军民府,Yuanjiang Junminfu
632,5721,郧阳府,Yunyang Fu
633,5773,芒部军民府,Mangbu Junminfu
634,303634,龙安府,Long'an Fu
635,6676,石阡府,Shiqian Fu
636,6479,广西府,Guangxi Fu
637,6603,都匀卫军民指挥使司,Duyunwei Junminzhihuishisi
638,6471,蒙化府,Menghua Fu
639,6529,浔甸军民府,Xundian Junminfu
640,6389,猛缅卫君民指挥使司,Mengmianwei Junminzhihuishisi
641,6393,孟琏卫军民指挥使司,Menglianwei Junminzhihuishisi
642,6381,威远州,Weiyuan Zhou
643,6562,孟养军民宣慰使司,Mengyang Junminxuanweishisi
644,6561,木邦军民宣慰使司,Mubang Junminxuanweishisi
645,6373,北胜州,Beisheng Zhou
646,5552,汉阳府,Hanyang Fu
647,5332,杭州府,Hangzhou Fu
648,5555,襄阳府,Xiangyang Fu
649,5653,常德府,Changde Fu
650,301031,承天府,Chengtian fu
651,4610,常州府,Changzhou Fu
652,5488,瑞州府,Ruizhou Fu
653,4604,松江府,Songjiang Fu
654,5249,平凉府,Pingliang Fu
655,4662,安庆府,Anqing Fu
656,5691,散毛宣抚司,Sanmao Xuanfusi
657,5281,临洮府,Lintao Fu
658,5478,吉安府,Ji'an Fu
659,5684,忠路安抚司,Zhonglu Anfusi
660,5704,容美宣抚司,Rongmei Xuanfusi
661,5703,唐崖长官司,Tangyai Zhangguansi
662,5446,广信府,Guangxin Fu
663,5677,大田军民千户所,Datian Junmin qianhusuo
664,5611,岳州府,Yuezhou Fu
665,5568,德安府,De'an Fu
666,4673,宁国府,Ningguo Fu
667,5636,宝庆府,Baoqing Fu
668,5101,河南府,He'nan Fu
669,6322,茗盈州,Mingying Zhou
670,5224,凤翔府,Fengxiang Fu
671,5465,建昌府,Jianchang Fu
672,5492,临江府,Linjiang Fu
673,6324,龙英州,Longying Zhou
674,6204,向武州,Xiangwu Zhou
675,5294,延安府,Yan'an Fu
676,4716,泽州,Ze Zhou
677,5687,忠孝安抚司,Zhongxiao Anfusi
678,354,东川市,Dongchuan Shi
679,330,平安,Pyongan
680,257,凉山彝族自治州,Liangshan Yi Zizhizhou
681,218,梅州市,Meizhou Shi
682,317,克拉玛依市,Kelamayi Shi
683,313,银川市,Yinchuan Shi
684,314,石嘴山市,Shizuishan Shi
685,267,昭通地区,Zhaotong Diqu
686,291,商洛地区,Shangluo Diqu
687,295,嘉峪关市,Jiayuguan Shi
688,315,银南地区,Yinnan Diqu
689,1459,石河子市,Shihezi Shi
690,327,伊犁地区,Yili Diqu
691,338,乌鲁木齐市,Wulumuqi Shi
692,265,黔南布依族苗族自治州,Qiannan Buyi-Miao Zizhizhou
693,4700,辽州,Liao Zhou
694,6338,思同州,Sitong Zhou
695,6206,都康州,Dukang Zhou
696,5533,郴州,Chen Zhou
697,5667,永州府,Yongzhou Fu
698,6306,太平州,Taiping Zhou
699,300116,雄崖守御千户所,Xiongya shouyu qianhusuo
700,303444,归德府,Guide fu
701,5028,开封府,Kaifeng Fu
702,5678,东乡五路安抚司,Dongxiangwulu Anfusi
703,5540,武昌府,Wuchang Fu
704,5522,沔阳州,Mianyang Zhou
705,5658,辰州府,Chenzhou Fu
706,4704,沁州,Qin Zhou
707,5453,南康府,Nankang Fu
708,5621,长沙府,Changsha Fu
709,5459,九江府,Jiujiang Fu
710,4687,徽州府,Huizhou Fu
711,5022,汝州,Ru Zhou
712,4669,太平府,Taiping Fu
713,5439,饶州府,Raozhou Fu
714,4617,镇江府,Zhenjiang Fu
715,4652,庐州府,Luzhou Fu
716,5470,抚州府,Fuzhou Fu
717,4552,广德州,Guangde Zhou
718,4541,应天府,Yingtian Fu
719,5514,南安府,Nan'an Fu
720,5525,安陆州,Anlu Zhou
721,4592,苏州府,Suzhou Fu
722,5589,荆州府,Jingzhou Fu
723,5141,汝宁府,Runing Fu
724,5528,靖州,Jing Zhou
725,303443,汾州府,Fenzhou fu
726,5503,赣州府,Ganzhou Fu
727,303341,潞安府,Luanfu
728,4680,池州府,Chizhou Fu
729,5429,南昌府,Nanchang Fu
730,5498,袁州府,Yuanzhou Fu
731,5692,龙潭安抚司,Longtan Anfusi
732,4517,大名府,Daming Fu
733,300064,定辽中卫,Dingliao zhong wei
734,300121,金山备御左千户所,Jinshan beiyu zuo qianhusuo
735,300105,临清卫,Linqing wei
736,4908,东昌府,Dongchang Fu
737,4945,登州府,Dengzhou Fu
738,4955,莱州府,Laizhou Fu
739,6117,潮州府,Chaozhou Fu
740,4876,兖州府,Yanzhou Fu
741,4459,真定府,Zhending Fu
742,4507,广平府,Guangping Fu
743,4413,保定府,Baoding Fu
744,300076,宁远中右千户所,Ningyuan zhong-you qianhusuo
745,4929,青州府,Qingzhou Fu
746,6166,廉州府,Lianzhou Fu
747,6326,结安州,Jie'an Zhou
748,6219,桂林府,Guilin Fu
749,4437,河间府,Hejian Fu
750,6233,柳州府,Liuzhou Fu
751,4497,顺德府,Shunde Fu
752,4448,天津卫,Tianjin Wei
753,300455,天津右卫,Tianjin you wei
754,300454,天津左卫,Tianjin zuo wei
755,300115,宁津守御千户所,Ningjin shouyu qianhusuo
756,5406,宁波府,Ningbo Fu
757,4759,平阳府,Pingyang Fu
758,4708,潞州,Lu Zhou
759,4812,蔚州,Yu Zhou
760,4722,太原府,Taiyuan Fu
761,4804,浑源州,Hunyuan Zhou
762,4809,朔州,Shuo Zhou
763,4802,大同,Datong
764,4806,应州,Ying Zhou
765,4349,宣府左卫,Xuanfuzuo Wei
766,4803,怀仁,Huairen
767,4350,宣府右卫,Xuanfuyou Wei
768,300120,濮州备御千户所,Puzhou beiyu  qianhusuo
769,5412,台州府,Taizhou Fu
770,303637,锦州卫,Jinzhou Wei
771,300108,兖州护卫,Yanzhou huwei
772,300065,定辽前卫,Dingliao qian wei
773,4375,开平卫,Kaiping Wei
774,4840,济南府,Ji'nan Fu
775,5342,嘉兴府,Jiaxing Fu
776,300067,沈阳中卫,Shenyang zhong wei
777,5352,湖州府,Huzhou Fu
778,5379,衢州府,Quzhou Fu
779,5420,温州府,Wenzhou Fu
780,5370,金华府,Jinhua Fu
781,5396,绍兴府,Shaoxing Fu
782,6349,思明府,Siming Fu
783,300068,州卫,Fuzhou wei
784,6158,高州府,Gaozhou Fu
785,6172,雷州府,Leizhou Fu
786,6021,汀州府,Tingzhou Fu
787,6033,兴化府,Xinghua Fu
788,6316,左州,Zuo Zhou
789,300128,泾府仪卫司,Jingfu Yiweisi
790,300092,青州左卫,Qingzhou zuo wei
791,300089,辽海后后千户所,Liaohai hou-hou qianhusuo
792,300090,东宁中左千户所,Dongning zhong-zuo qianhusuo
793,300510,开原卫,Kaiyuan wei
794,4346,保安州,Bao'an Zhou
795,4381,顺天府,Shuntian Fu
796,300127,德府仪卫司,Defu Yiweisi
797,6176,琼州府,Qiongzhou Fu
798,6065,广州府,Guangzhou Fu
799,6212,思陵州,Siling Zhou
800,6318,全茗州,Quanming Zhou
801,6368,镇安府,Zhen'an Fu
802,6328,结伦州,Jielun Zhou
803,6286,浔州府,Xunzhou Fu
804,6340,田州府,Tianzhou Fu
805,6210,归顺州,Guishun Zhou
806,6099,惠州府,Huizhou Fu
807,5363,严州府,Yanzhou Fu
808,6332,上下冻州,Shangxiadong Zhou
809,6274,梧州府,Wuzhou Fu
810,6089,韶州府,Shaozhou Fu
811,6096,南雄府,Nanxiong Fu
812,6037,邵武府,Shaowu Fu
813,6264,平乐府,Pingle Fu
814,6000,建宁府,Jianning Fu
815,5992,泉州府,Quanzhou Fu
816,6312,养利州,Yangli Zhou
817,6010,延平府,Yanping Fu
818,6139,肇庆府,Zhaoqing Fu
819,5977,福州府,Fuzhou Fu
820,6330,都结州,Dujie Zhou
821,6314,万承州,Wancheng Zhou
822,6216,安隆长官司,Anlong Zhangguansi
823,6310,安平州,Anping Zhou
824,6042,漳州府,Zhangzhou Fu
825,6584,金筑州,Jinzhu Zhou
826,6576,镇宁州,Zhenning Zhou
827,6572,永宁州,Yongning Zhou
828,6639,贵州宣慰使司,Guizhou Xuanweishisi
829,6681,铜仁府,Tongren Fu
830,6733,都匀府,Duyun Fu
831,6712,定番州,Dingfan Zhou
832,303666,贵阳府,Guiyang Fu
833,4801,大同府,Datong Fu
834,6711,程番府,Chengfan Fu
835,6703,思南府,Si'nan Fu
836,303667,贵阳军民府,Guiyang Junmin Fu
837,5605,归州,Gui Zhou
838,5596,枝江,Zhijiang
839,5597,荆门州,Jingmen Zhou
840,5385,处州府,Chuzhou Fu
841,4351,宣府前卫,Xuanfuqian Wei
842,5560,谷城,Gucheng
843,5592,石首,Shishou
844,5593,监利,Jianli
845,5558,南漳,Nanzhang
846,5595,松滋,Songzi
847,5590,江陵,Jiangling
848,5594,潜江,Qianjiang
849,4695,汾州,Fen Zhou
850,5600,夷陵州,Yiling Zhou
851,5117,南阳府,Nanyang Fu
852,5557,宜城,Yicheng
853,5591,公安,Gong'an
854,5561,光化,Guanghua
855,5559,枣阳,Zaoyang
856,5556,襄阳,Xiangyang
857,5565,均州,Jun Zhou
858,5725,房县,Fang Xian
859,5564,上津,Shangjin
860,5468,南丰,Nanfeng
861,6290,南宁府,Nanning Fu
862,5466,南城,Nancheng
863,5918,涪州,Fu Zhou
864,5837,资县,Zi Xian
865,5878,南充,Nanchong
866,5297,甘泉,Ganquan
867,5946,屏山,Pingshan
868,5866,苍溪,Cangxi
869,5303,鄜州,Fu Zhou
870,5858,茂州,Mao Zhou
871,5807,阿昔洞簇长官司,Axidongcu Zhangguansi
872,5846,崇庆州,Chongqing Zhou
873,5286,归德所,Guide Suo
874,5839,内江,Neijiang
875,5868,广元州,Guangyuan Zhou
876,5829,郫县,Pi Xian
877,5830,新繁,Xinfan
878,5469,广昌,Guangchang
879,5548,兴国州,Xingguo Zhou
880,5844,石泉,Shiquan
881,5828,双流,Shuangliu
882,5460,德化,Dehua
883,5813,祈命簇长官司,Qimingcu Zhangguansi
884,5827,华阳,Huayang
885,5861,威州,Wei Zhou
886,5312,葭州,Jia Zhou
887,5822,芒儿者安抚司,Mang'erzhe Anfusi
888,5903,长寿,Changshou
889,5842,彭县,Peng Xian
890,5553,汉阳,Hanyang
891,6019,永安,Yong'an
892,5934,梁山,Liangshan
893,5929,开县,Kai Xian
894,5925,大昌,Dachang
895,6020,大田,Datian
896,5268,宁远,Ningyuan
897,6025,上杭,Shanghang
898,5543,嘉鱼,Jiayu
899,5628,醴陵,Liling
900,6026,武平,Wuping
901,5908,南川,Nanchuan
902,5192,鄠县,Hu Xian
903,6029,清流,Qingliu
904,5910,合州,He Zhou
905,5832,金堂,Jintang
906,5947,平夷长官司,Pingyi Zhangguansi
907,5301,延川,Yanchuan
908,5291,宁州,Ning Zhou
909,5840,资阳,Ziyang
910,5635,茶陵州,Chaling Zhou
911,5981,古田,Gutian
912,5865,阆中,Langzhong
913,6023,宁化,Ninghua
914,5285,兰县,Lan Xian
915,5467,新城,Xincheng
916,5867,南部,Nanbu
917,5302,延长,Yanchang
918,5833,仁寿,Renshou
919,5845,安县,An Xian
920,5904,大足,Dazu
921,5905,永川,Yongchuan
922,5296,安塞,Ansai
923,5471,临川,Linchuan
924,5831,新都,Xindu
925,5893,富顺,Fushun
926,5898,珙县,Gong Xian
927,5781,重安长官司,Chong'an Zhangguansi
928,5843,崇宁,Chongning
929,5897,筠连,Junlian
930,5627,浏阳,Liuyang
931,5896,高县,Gao Xian
932,5295,肤施,Fushi
933,5290,环县,Huan Xian
934,5841,灌县,Guan Xian
935,303348,安居,Anju
936,5814,勒都簇长官司,Leducu Zhangguansi
937,303433,商州,Shangzhou
938,6123,海阳,Haiyang
939,5263,陇西,Longxi
940,5808,北定簇长官司,Beidingcu Zhangguansi
941,5630,湘乡,Xiangxiang
942,5895,长宁,Changning
943,5631,攸县,You Xian
944,5477,东乡,Dongxiang
945,5188,兴平,Xingping
946,301028,崖州,Ya Zhou
947,5811,牟力结簇长官司,Moulijiecu Zhangguansi
948,5442,乐平,Leping
949,5804,蜡匝簇长官司,Lazacu Zhangguansi
950,5835,温江,Wenjiang
951,6161,信宜,Xinyi
952,5854,绵州,Mian Zhou
953,5902,江津,Jiangjin
954,5819,八郎安抚司,Balang Anfusi
955,5463,湖口,Hukou
956,5834,井研,Jingyan
957,5891,宜宾,Yibin
958,5894,南溪,Nanxi
959,5892,庆符,Qingfu
960,5950,雷波长官司,Leibo Zhangguansi
961,5299,保安,Bao'an
962,5462,瑞昌,Ruichang
963,5880,蓬州,Peng Zhou
964,5449,弋阳,Yiyang
965,5289,合水,Heshui
966,6011,南平,Nanping
967,5927,云阳,Yunyang
968,5836,简县,Jian Xian
969,5879,西充,Xichong
970,5914,忠州,Zhong Zhou
971,5623,善化,Shanhua
972,5884,广安州,Guang'an Zhou
973,5554,汉川,Hanchuan
974,5906,荣昌,Rongchang
975,5909,黔江,Qianjiang
976,5849,汉州,Han Zhou
977,5451,铅山,Qianshan
978,5438,宁州,Ning Zhou
979,303631,隆昌,Longchang
980,5298,安定,Anding
981,5899,戎县,Rong Xian
982,5990,宁德,Ningde
983,5670,东安,Dong'an
984,6146,阳春,Yangchun
985,5706,椒山玛瑙长官司,Jiaoshanmanao Zhangguansi
986,5375,永康,Yongkang
987,5343,嘉兴,Jiaxing
988,5668,零陵,Lingling
989,5345,秀水,Xiushui
990,5376,武义,Wuyi
991,6303,忠州,Zhong Zhou
992,5730,保康,Baokang
993,5346,嘉善,Jiashan
994,5416,天台,Tiantai
995,5661,辰溪,Chenxi
996,5250,平凉,Pingliang
997,5989,福安,Fu'an
998,5308,绥德州,Suide Zhou
999,5937,达州,Da Zhou
1000,6054,长泰,Changtai
1001,5437,宁县,Ning Xian
1002,5826,成都,Chengdu
1003,5987,福宁,Funing
1004,5928,万县,Wan Xian
1005,5464,彭泽,Pengze
1006,5436,武宁,Wuning
1007,5869,广元,Guangyuan
1008,6046,漳浦,Zhangpu
1009,5284,金县,Jin Xian
1010,5931,达县,Da Xian
1011,6085,连州,Lian Zhou
1012,5988,福宁州,Funing Zhou
1013,5426,平阳,Pingyang
1014,5354,归安,Gui'an
1015,5419,太平,Taiping
1016,5663,沅州,Yuan Zhou
1017,6294,横州,Heng Zhou
1018,4836,丰州,Feng Zhou
1019,302126,兴和守御千户所,Xinghe shouyu qianhusuo
1020,302130,长安守御千户所,Changan shouyu qianhusuo
1021,302125,永宁卫,Yongning Wei
1022,302075,察罕脑儿卫,Chahannao'er Wei
1023,302128,云州守御千户所,Yunzhou shouyu qianhusuo
1024,4354,怀安卫,Huai'an Wei
1025,4362,赤城堡,Chicheng Bao
1026,302124,隆庆左卫,Longqing zuo wei
1027,4364,马营堡,Maying Bao
1028,300472,延庆左卫,Yanqing zuo wei
1029,302127,美峪守御千户所,Meiyu shouyu qianhusuo
1030,5954,礼州长官司,Lizhou Zhangguansi
1031,300475,蔚州卫,Yuzhou wei
1032,4357,隆庆右卫,Longqingyou Wei
1033,302129,四海治守御千户所,Sihaizhi shouyu qianhusuo
1034,4355,保安右卫,Bao'anyou Wei
1035,302077,广昌守御千户所,Guangchang shouyu Qianhusuo
1036,300467,保定后卫,Baoding hou wei
1037,4358,龙门卫,Longmen Wei
1038,4359,龙门守御千户所,Longmen Shouyuqianhusuo
1039,4360,长安岭堡,Chang'anling Bao
1040,5159,文县守御千户所,Wenxian Shouyuqianhusuo
1041,4363,云州堡,Yunzhou Bao
1042,300140,平凉卫,Pingliang wei
1043,303548,安东群牧所,Andong Qunmusuo
1044,302150,金州守御千户所,Jinzhou shouyu qianhusuo
1045,300146,秦州卫,Qinzhou wei
1046,5175,洮州卫,Taozhou Wei
1047,300177,甘州群牧千户所,Ganzhou qunmu qianhusuo
1048,300143,巩昌卫,Gongchang wei
1049,300170,宁夏平虏千户所,Ningxia Pinglu qianhusuo
1050,300151,宁夏中屯卫,Ningxia zhong tunwei
1051,4376,开平左屯卫,Kaipingzuo Tunwei
1052,300138,延安卫,Yan'an wei
1053,300281,马隆守御千户所,Malong shouyu qianhusuo
1054,302187,建昌前卫,Jianchang qianwei
1055,300149,安东中护卫,Andong zhong huwei
1056,5180,宁羌卫,Ningqiang Wei
1057,4830,东胜卫,Dongsheng Wei
1058,5179,靖虏卫,Jinglu Wei
1059,5178,河州卫,Hezhou Wei
1060,5174,宁夏中卫,Ningxiazhong Wei
1061,5160,宁夏卫,Ningxia Wei
1062,300144,临洮卫,Lintao wei
1063,300194,松潘卫,Songpan wei
1064,5182,榆林卫,Yulin Wei
1065,300147,宁夏中护卫,Ningxia zhong huwei
1066,300137,西安后卫,Xi'an hou wei
1067,5161,宁夏卫,Ningxia Wei
1068,300139,汉中卫,Hanzhong wei
1069,303431,秦府仪卫司,Qinfu Yiwei si
1070,300141,绥德卫,Suide wei
1071,5177,西固城守御千户所,Xigucheng Shouyuqianhusuo
1072,4374,兴州五卫,Xingzhouwu Wei
1073,302117,济州卫,Jizhou Wei
1074,303539,沈府仪卫司,Shenfu Yiwei si
1075,300451,大同中屯卫,Datong zhong tunwei
1076,300478,太原前卫,Taiyuan qian wei
1077,300432,开平中屯卫,Kaiping zhong wunwei
1078,300431,密云后卫,Miyun hou wei
1079,303379,晋府仪卫司,Jinfu Yiwei si
1080,302139,倒马关守御千户所,Daomaguan shouyu Qianhusuo
1081,300484,汾州卫,Fenzhou wei
1082,302107,永清左卫,Yongqing zuo Wei
1083,300477,太原右卫,TaiyuanBaoding you wei
1084,302148,平阳左卫,Pingyang zuowei
1085,4380,宜兴守御千户所,Yixing shouyu Qianhusuo
1086,302138,白羊口守御千户所,Baiyangkou shouyu Qianhusuo
1087,302118,居庸关守御千户所,Juyongguan shouyu Qianhusuo
1088,303560,晋府群牧所,Jinfu Qunmusuo
1089,302114,彭城卫,Pengcheng Wei
1090,302133,富峪守御千户所,Fuyu shouyu qianhusuo
1091,300476,太原左卫,Taiyuan zuo wei
1092,4377,开平前屯卫,Kaipingqian Tunwei
1093,300470,营州后屯卫,Yingzhou hou tunwei
1094,4369,会州卫,Huizhou Wei
1095,4370,全宁卫,Quanning Wei
1096,4371,营州右屯卫,Yingzhouyou Tunwei
1097,4372,营州中屯卫,Yingzhouzhong Tunwei
1098,4373,营州后屯卫,Yingzhouhou Tunwei
1099,300474,保安卫,Baoan wei
1100,300482,潞州卫,Luzhou wei
1101,4352,万全左卫,Wanquanzuo Wei
1102,300483,沈阳中护卫,Shenyang zhong huwei
1103,4828,平虏卫,Pinglu Wei
1104,4818,大同前卫,Datongqian Wei
1105,4833,干鲁忽奴千户所,Ganluhunu Qianhusuo
1106,300489,威远卫,Weiyuan wei
1107,4829,宣德卫,Xuande Wei
1108,302082,山阴守御千户所,Shanyin shouyu Qianhusuo
1109,4361,雕鹗堡,Diao'e Bao
1110,300488,天城卫,Tiancheng wei
1111,302080,大同左屯卫,Datong zuo Tunwei
1112,302078,大同前屯卫,Datong qian Tunwei
1113,4353,万全右卫,Wanquan Youwei
1114,5958,威龙长官司,Weilong Zhangguansi
1115,302109,燕山前卫,Yanshan qian Wei
1116,302120,开平右屯卫,Kaiping you Tunwei
1117,4832,五花城千户所,Wuhuacheng Qianhusuo
1118,4831,失宝赤千户所,Shibaochi Qianhusuo
1119,4835,瓮吉剌千户所,Wengjila Qianhusuo
1120,300427,永平卫,Yongping wei
1121,4825,高山卫,Gaoshan Wei
1122,4824,阳和卫,Yanghe Wei
1123,4826,天成卫,Tiancheng Wei
1124,4823,玉林卫,Yulin Wei
1125,4834,燕只千户所,Yanzhi Qianhusuo
1126,302072,紫荆关守御千户所,Zijingguan shouyu qianhusuo
1127,5287,庆阳府,Qingyang Fu
1128,5262,巩昌府,Gongchang Fu
1129,5422,瑞安,Rui'an
1130,5659,沅陵,Yuanling
1131,5425,乐清,Leqing
1132,6094,翁源,Wengyuan
1133,6309,思城州,Sicheng Zhou
1134,6301,果化州,Guohua Zhou
1135,5629,益阳,Yiyang
1136,5374,义乌,Yiwu
1137,5390,遂昌,Suichang
1138,6307,太平州,Taiping Zhou
1139,5680,摇把峒长官司,Yaobadong Zhangguansi
1140,5371,金华,Jinhua
1141,6032,永定,Yongding
1142,5349,平湖,Pinghu
1143,5572,孝感,Xiaogan
1144,6136,普宁,Puning
1145,5373,东阳,Dongyang
1146,5413,临海,Linhai
1147,5372,兰溪,Lanxi
1148,5348,海盐,Haiyan
1149,5714,上溪州,Shangxi Zhou
1150,6133,惠来,Huilai
1151,5351,桐乡,Tongxiang
1152,5729,郧县,Yun Xian
1153,5501,萍乡,Pingxiang
1154,5427,泰顺,Taishun
1155,6135,澄海,Chenghai
1156,6038,邵武,Shaowu
1157,6031,归化,Guihua
1158,5785,永宁谖抚司,Yongning Xuanfusi
1159,5269,伏羌,Fuqiang
1160,6012,将乐,Jiangle
1161,5766,吐蕃宣慰使司,Tufan Xuanweishisi
1162,6022,长汀,Changting
1163,5765,芦山,Lushan
1164,5205,华州,Hua Zhou
1165,6034,莆田,Putian
1166,6015,沙县,Sha Xian
1167,5770,乌蒙军民府,Wumeng Junminfu
1168,5907,綦江,Qijiang
1169,5772,乌撒军民府,Wusa Junminfu
1170,6056,平和,Pinghe
1171,5535,永兴,Yongxing
1172,6148,阳江,Yangjiang
1173,5935,建始,Jianshi
1174,5254,开城,Kaicheng
1175,6018,顺昌,Shunchang
1176,5933,新宁,Xinning
1177,5283,渭源,Weiyuan
1178,5936,东乡,Dongxiang
1179,6036,兴化,Xinghua
1180,5816,阿用簇长官司,Ayongcu Zhangguansi
1181,5782,草塘安抚司,Caotang Anfusi
1182,6041,建宁,Jianning
1183,5433,进贤,Jinxian
1184,5780,真州长官司,Zhenzhou Zhangguansi
1185,5486,永新,Yongxin
1186,5945,泥溪长官司,Nixi Zhangguansi
1187,6052,南靖,Nanjing
1188,5434,奉新,Fengxin
1189,5949,沐川长官司,Muchuan Zhangguansi
1190,5753,大邑,Dayi
1191,5812,班班簇长官司,Banbancu Zhangguansi
1192,5530,会同,Huitong
1193,303561,荣州,Rongzhou
1194,6040,泰宁,Taining
1195,5754,蒲江,Pujiang
1196,5963,越雟军民指挥使司,Yuexi Junminzhihuisi
1197,5924,巫山,Wushan
1198,5986,永福,Yongfu
1199,5252,华亭,Huating
1200,5625,湘阴,Xiangyin
1201,5923,奉节,Fengjie
1202,5265,会宁,Huining
1203,6058,海澄,Haicheng
1204,5435,靖安,Jing'an
1205,5926,大宁,Daning
1206,5871,昭化,Zhaohua
1207,6051,龙岩,Longyan
1208,6059,宁洋,Ningyang
1209,5288,安化,Anhua
1210,5873,剑州,Jian Zhou
1211,6035,仙游,Xianyou
1212,5253,镇原,Zhenyuan
1213,302298,巴州,Ba zhou
1214,5870,巴县,Ba Xian
1215,5944,马湖府,Mahu Fu
1216,5251,崇信,Chongxin
1217,5948,蛮夷长官司,Manyi Zhangguansi
1218,5646,常宁,Changning
1219,5255,泾州,Jing Zhou
1220,5734,射洪,Shehong
1221,5995,惠安,Hui'an
1222,5271,成县,Cheng Xian
1223,5186,咸宁,Xianning
1224,5738,蓬溪,Pengxi
1225,5735,盐亭,Yanting
1226,5457,建昌,Jianchang
1227,6008,松溪,Songxi
1228,5736,中江,Zhongjiang
1229,6002,瓯宁,Ouning
1230,5737,遂宁,Suining
1231,5632,安化,Anhua
1232,6003,建阳,Jianyang
1233,300020,温州卫,Wenzhou wei
1234,300019,昌国卫,Changguo wei
1235,5984,连江,Lianjiang
1236,300018,海宁卫,Haining wei
1237,300012,杭州前卫,Hangzhou qian wei
1238,300035,三江守御千户所,Sanjiang shouyu qianhusuo
1239,300048,水军千户所,Shuijun qianhusuo
1240,5739,安岳,Anyue
1241,302285,崇德卫,Chongde wei
1242,5272,秦州,Qin Zhou
1243,300017,绍兴卫,Shaoxing wei
1244,300026,盘石卫,Panshi wei
1245,302170,碉门守御百户所,Diaomen shouyu baihusuo
1246,302287,明州卫,Mingzhou wei
1247,6001,建安,Jian'an
1248,5755,洪雅,Hongya
1249,302284,严州卫,Yanzhou wei
1250,6009,寿宁,Shouning
1251,5733,潼川州,Tongchuan Zhou
1252,5978,闽县,Min Xian
1253,5191,高陵,Gaoling
1254,5743,丹棱,Danleng
1255,5996,德化,Dehua
1256,5764,荣经,Yingjing
1257,5440,鄱阳,Poyang
1258,6005,浦城,Pucheng
1259,5741,眉州,Mei Zhou
1260,6006,政和,Zhenghe
1261,5185,长安,Chang'an
1262,6162,化州,Hua Zhou
1263,5195,商县,Shang Xian
1264,5282,狄道,Didao
1265,5742,彭山,Pengshan
1266,5444,德兴,Dexing
1267,300028,海宁守御千户所,Haining shouyu qianhusuo
1268,6004,崇安,Chong'an
1269,5545,咸宁,Xianning
1270,5455,都昌,Duchang
1271,5276,阶州,Jie Zhou
1272,5649,桂阳州,Guiyang Zhou
1273,6175,徐闻,Xuwen
1274,5994,南安,Nan'an
1275,5746,峨眉,Emei
1276,5194,盩厔,Zhouzhi
1277,6142,高要,Gaoyao
1278,5544,蒲圻,Puqi
1279,5763,名山,Mingshan
1280,5748,夹江,Jiajiang
1281,5240,凤县,Feng Xian
1282,4568,凤阳府,Fengyang Fu
1283,6197,泗城州,Sicheng Zhou
1284,6308,太平府,Taiping Fu
1285,6320,镇远州,Zhenyuan Zhou
1286,6208,龙州,Long Zhou
1287,6248,庆远府,Qingyuan Fu
1288,300016,处州卫,Chuzhou wei
1289,300130,德府群牧千户所,Defu qunmu qianhusuo
1290,6214,上林长官司,Shanglin Zhangguansi
1291,4637,淮安府,Huai'an Fu
1292,4622,扬州府,Yangzhou Fu
1293,5234,汉中府,Hanzhong Fu
1294,303654,关中,Guanzhong
1295,300025,定海卫,Dinghai wei
1296,300014,台州卫,Taizhou wei
1297,5458,安义,Anyi
1298,4562,徐州,Xu Zhou
1299,4558,滁州,Chu Zhou
1300,6200,利州,Li Zhou
1301,6361,思恩军民府,Si'en Junminfu
1302,6070,顺德,Shunde
1303,5187,咸阳,Xianyang
1304,5242,略阳,Lueyang
1305,5806,山洞簇长官司,Shandongcu Zhangguansi
1306,5452,永丰,Yongfeng
1307,5236,褒城,Baocheng
1308,6075,香山,Xiangshan
1309,6153,德庆州,Deqing Zhou
1310,5238,洋县,Yang Xian
1311,6182,会同,Huitong
1312,6072,增城,Zengcheng
1313,5241,沔县,Mian Xian
1314,6078,新会,Xinhui
1315,6091,乐昌,Lechang
1316,5654,武陵,Wuling
1317,5778,白泥长官司,Baini Zhangguansi
1318,6152,开平,Kaiping
1319,5542,武昌,Wuchang
1320,5229,郿县,Mei Xian
1321,6181,文昌,Wenchang
1322,6179,临高,Lin'gao
1323,6331,都结州,Dujie Zhou
1324,5235,南郑,Nanzheng
1325,6192,崖州,Ya Zhou
1326,5531,通道,Tongdao
1327,5198,同州,Tong Zhou
1328,6177,琼山,Qiongshan
1329,300011,钟祥,Zhongxiang xian
1330,5777,余庆长官司,Yuqing Zhangguansi
1331,6188,万州,Wan Zhou
1332,300006,三原,Sanyuan
1333,5818,潘斡寨长官司,Panguanzhai Zhangguansi
1334,5193,蓝田,Lantian
1335,6173,海康,Haikang
1336,5750,荣县,Rong Xian
1337,5760,江安,Jiang'an
1338,5752,邛县,Qiong Xian
1339,5211,耀州,Yao Zhou
1340,6174,遂溪,Suixi
1341,6150,恩平,Enping
1342,5815,包藏先结簇长官司,Baozangxianjiecu Zhangguansi
1343,5872,通江,Tongjiang
1344,5441,余干,Yugan
1345,5626,宁乡,Ningxiang
1346,6180,定安,Ding'an
1347,6159,茂名,Maoming
1348,5189,临潼,Lintong
1349,5190,泾阳,Jingyang
1350,6169,钦州,Qin Zhou
1351,5757,泸州,Lu Zhou
1352,303629,新城,Xincheng
1353,5751,威远,Weiyuan
1354,5541,江夏,Jiangxia
1355,5744,青神,Qingshen
1356,5267,漳县,Zhang Xian
1357,5820,麻儿匝安抚司,Ma'erza Anfusi
1358,6167,合浦,Hepu
1359,5759,合江,Hejiang
1360,5758,纳溪,Naxi
1361,5443,浮梁,Fuliang
1362,6168,石康,Shikang
1363,5644,衡山,Hengshan
1364,5991,福清,Fuqing
1365,5803,占藏先结簇长官司,Zhanzangxianjiecu Zhangguansi
1366,5999,永春,Yongchun
1367,5430,南昌,Nanchang
1368,5810,者多簇长官司,Zheduocu Zhangguansi
1369,5998,同安,Tong'an
1370,5270,西和,Xihe
1371,5278,徽州,Hui Zhou
1372,5221,邠州,Bin Zhou
1373,5809,麦匝簇长官司,Maizacu Zhangguansi
1374,6039,光泽,Guangze
1375,5783,黄平安抚司,Huangping Anfusi
1376,5264,安定,Anding
1377,5817,思曩日安抚司,Si'nangri Anfusi
1378,6030,莲城,Liancheng
1379,5447,上饶,Shangrao
1380,5762,雅州,Ya Zhou
1381,5985,罗源,Luoyuan
1382,5300,宜川,Yichuan
1383,5786,九姓长官司,Jiuxing Zhangguansi
1384,6055,漳平,Zhangping
1385,5216,干州,Qian Zhou
1386,5776,播州宣长官司,Bozhou Zhangguansi
1387,5983,长乐,Changle
1388,5432,丰城,Fengcheng
1389,6045,龙溪,Longxi
1390,5779,容山长官司,Rongshan Zhangguansi
1391,6057,诏安,Zhao'an
1392,6017,尤溪,Youxi
1393,5993,晋江,Jinjiang
1394,5749,犍为,Qianwei
1395,5805,白马路簇长官司,Baimalucu Zhangguansi
1396,5239,西乡,Xixiang
1397,6069,番禺,Panyu
1398,6064,西宁,Xining
1399,6063,东安,Dong'an
1400,6079,清远,Qingyuan
1401,6183,乐会,Lehui
1402,6081,三水,Sanshui
1403,6160,电白,Dianbai
1404,301026,儋州,Dan Zhou
1405,5237,城固,Chenggu
1406,6149,广宁,Guangning
1407,5454,星子,Xingzi
1408,6145,新兴,Xinxing
1409,6062,罗定州,Luoding Zhou
1410,5980,怀安,Huai'an
1411,5821,阿角寨安抚司,Ajuezhai Anfusi
1412,5997,安溪,Anxi
1413,302179,别思寨长官司,Biesizhai zhangguansi
1414,5979,侯官,Houguan
1415,5536,宜章,Yizhang
1416,6080,新安,Xin'an
1417,302180,长宁安抚司,Changning anfusi
1418,5796,石耶洞长官司,Shiyedong Zhangguansi
1419,5798,麻兔洞长官司,Matudong Zhangguansi
1420,5982,闽清,Minqing
1421,5797,邑梅洞长官司,Yimeidong Zhangguansi
1422,302176,龙州军民千户所,Longzhou junmin qianhusuo
1423,6066,南海,Nanhai
1424,5266,通渭,Tongwei
1425,300363,辰州卫,Chenzhou wei
1426,300441,镇朔卫,Zhenshuo wei
1427,4822,大同右卫,Datongyou Wei
1428,4821,云川卫,Yunchuan Wei
1429,4820,大同左卫,Datongzuo Wei
1430,300220,守御冕山桥后千户所,Shouyu Mianshanqiao hou qianhusuo
1431,300439,东胜左卫,Dongsheng zuo wei
1432,300440,东胜右卫,Dongsheng you wei
1433,4819,大同后卫,Datonghou Wei
1434,302079,大同后屯卫,Datong hou Tunwei
1435,300487,安东中屯卫,Andong zhong tunwei
1436,302083,马邑守御千户所,Mayi shouyu Qianhusuo
1437,302084,井坪守御千户所,Jingping shouyu Qianhusuo
1438,303572,铅山守御千户所,Qianshan Shouyuqianhusuo
1439,303532,辽府仪卫司,Liaofu Yiwei si
1440,6613,威清卫,Weiqing Wei
1441,300383,荆州右卫,Jingzhou you wei
1442,300414,南海卫,Nanhai wei
1443,300411,广州后卫,Guangzhou hou wei
1444,302279,肇庆守御千户所,Zhaoqing shouyu qianhusuo
1445,300416,雷州卫,Leizhou wei
1446,303580,阳江守御千户所,Yangjiang Shouyuqianhusuo
1447,300421,广海卫,Guanghai wei
1448,300415,潮州卫,Chaozhou wei
1449,303581,新会守御千户所,Xinhui Shouyuqianhusuo
1450,300423,神电卫,Shendian wei
1451,300410,广州前卫,Guangzhou qian wei
1452,300413,广州右卫,Guangzhou you wei
1453,303537,益府仪卫司,Yifu Yiwei si
1454,303565,吉安卫,Jian Wei
1455,300381,荆州卫,Jingzhou wei
1456,303398,饶州守御千户所,Raozhou Shouyuqianhusuo
1457,300409,赣州卫,Ganzhou wei
1458,300424,廉州卫,Lianzhou wei
1459,303536,淮府仪卫司,Huaifu Yiwei si
1460,303577,韶州守御千户所,Shaozhou Shouyuqianhusuo
1461,303566,安福守御千户所,Anfu Shouyuqianhusuo
1462,303567,会昌守御千户所,Huichang Shouyuqianhusuo
1463,303558,淮府群牧所,Huaifu Qunmusuo
1464,302188,建昌土卫,Jianchang tuwei
1465,303575,吉安守御千户所,Jianshouyuqianhusuo
1466,5676,施州卫,Shizhou Wei
1467,300407,南昌左卫,Nanchang zuo wei
1468,303579,新兴守御千户所,Xinxing Shouyuqianhusuo
1469,6633,赤水卫,Chishui Wei
1470,303568,永新守御千户所,Yongxin Shouyuqianhusuo
1471,303569,南安守御千户所,Nanan Shouyuqianhusuo
1472,303570,建昌守御千户所,Jianchang Shouyuqianhusuo
1473,300364,常德卫,Changde wei
1474,303535,宁府仪卫司,Ningfu Yiwei si
1475,6615,安庄卫,Anzhuang Wei
1476,6375,澜沧卫,Lancang Wei
1477,6631,乌撒卫,Wusa Wei
1478,303411,湖广群牧所,Huguang Qunmusuo
1479,300419,惠州卫,Huizhou wei
1480,300366,宝庆卫,Baoqing wei
1481,300365,沅州卫,Yuanzhou wei
1482,300129,衡府仪卫司,Hengfu Yiweisi
1483,303571,抚州守御千户所,Fuzhou Shouyuqianhusuo
1484,6627,新城所,Xincheng Suo
1485,6611,毕节卫,Bijie Wei
1486,6630,黄平千户所,Huangping Qianhusuo
1487,303559,益府群牧所,Yifu Qunmusuo
1488,6617,关索岭守御千户所,Guansuoling Shouyuqianhusuo
1489,303564,南昌前卫,Nanchangqian Wei
1490,6624,安南卫,Annan Wei
1491,6741,平定长官司,Pingding Zhangguansi
1492,6622,平坝卫,Pingba Wei
1493,303574,南昌卫,Nanchang Wei
1494,6620,清平长官司,Qingping Zhangguansi
1495,303573,广信守御千户所,Guangxin Shouyuqianhusuo
1496,6628,兴隆卫,Xinglong Wei
1497,6618,清平卫,Qingping Wei
1498,300385,襄阳卫,Xiangyang wei
1499,303382,山西聚落驿,Shanxijuluo yi
1500,303645,淮甸,Huaidian
1501,4531,永平府,Yongping Fu
1502,4343,隆庆州,Longqing Zhou
1503,300473,延庆右卫,Yanqing you wei
1504,300150,宁夏前卫,Ningxia qian wei
1505,5320,山丹卫,Shandan Wei
1506,302168,临河卫,Linhe wei
1507,302165,碾北卫,Nianbei wei
1508,5959,普济长官司,Puji Zhangguansi
1509,300178,甘州左卫,Ganzhou zuo wei
1510,300435,兴州中屯卫,Xingzhou zhong wunwei
1511,300180,甘州中卫,Ganzhou zhong wei
1512,4367,新城卫,Xincheng Wei
1513,300181,甘州前卫,Ganzhou qian wei
1514,303540,代府仪卫司,Daifu Yiwei si
1515,5325,西宁卫,Xining Wei
1516,5322,凉州卫,Liangzhou Wei
1517,5321,永昌卫,Yongchang Wei
1518,5330,高台守御千户所,Gaotai Shouyuqianhusuo
1519,5327,沙州卫,Shazhou Wei
1520,5323,镇番卫,Zhenfan Wei
1521,302081,大同右屯卫,Datong you Tunwei
1522,300377,永定卫,Yongding wei
1523,5329,古浪守御千户所,Gulang Shouyuqianhusuo
1524,5176,岷州卫,Minzhou Wei
1525,300437,兴州后屯卫,Xingzhou hou tunwei
1526,300433,兴州左屯卫,Xingzhou zuo wunwei
1527,300434,兴州右屯卫,Xingzhou you wunwei
1528,302097,大宁右卫,Daning you wei
1529,303434,陕西群牧所,Shanxi Qunmusuo
1530,300480,平阳卫,Pingyang wei
1531,300277,十八寨守御千户所,Shibazhai shouyu qianhusuo
1532,302153,西安左护卫,Xi'an zuo hu wei
1533,302154,秦川卫,Qinchuan wei
1534,300174,韩府仪卫司,Hanfu Yiweisi
1535,300175,宁夏群牧千户所,Ningxia qunmu qianhusuo
1536,303549,甘州群牧所,Ganzhou Qunmusuo
1537,300176,安东群牧千户所,Andong qunmu qianhusuo
1538,300172,庆府仪卫司,Qingfu Yiweisi
1539,300273,安宁守御千户所,Anning shouyu qianhusuo
1540,5968,盐井卫长官司,Malawei Zhangguansi
1541,300212,盐井卫军民指挥使司,Yanjing wei junmin zhihui shisi
1542,5953,建昌卫军民指挥使司,Jianchangwei Junminshihuisi
1543,5957,昌州长官司,Changzhou Zhangguansi
1544,302152,华山卫,Huashan wei
1545,300276,杨林堡守御千户所,Yanglinbao shouyu qianhusuo
1546,302155,秦州守御千户所,Qinzhou shouyu qianhusuo
1547,300279,守御通海右右千户所,Shouyu tonghai youyou qianhusuo
1548,303547,宁夏群牧所,Ningxia Qunmusuo
1549,300284,武定守御千户所,Wuding shouyu qianhusuo
1550,5962,冕山桥千户所,Mianshanqiao Qianhusuo
1551,5173,宁夏右屯卫,Ningxiayou Tunwei
1552,300292,凤梧守御千户所,Fengwu shouyu qianhusuo
1553,300145,兰州卫,Lanzhou wei
1554,302137,潮河川守御千户所,Chaohechuan shouyu Qianhusuo
1555,302143,汾州守御千户所,Fenzhou shouyu qianhusuo
1556,302145,沁州守御千户所,Qinzhou shouyu qianhusuo
1557,300486,镇虏卫,Zhenlu wei
1558,300481,镇西卫,Zhenxi wei
1559,302094,八角守御千户所,Bajiao shouyu qianhusuo
1560,303435,肃府仪卫司,Sufu Yiwei si
1561,302093,平定州守御千户所,Pingdingzhou shouyu qianhusuo
1562,302166,威虏卫,Weilu wei
1563,5319,肃州卫,Suzhou Wei
1564,5324,庄浪卫,Zhuanglang Wei
1565,5328,镇夷守御千户所,Zhenyi Shouyuqianhusuo
1566,300182,甘州后卫,Ganzhou hou wei
1567,302164,甘肃卫,Gansu wei
1568,300179,甘州右卫,Ganzhou you wei
1569,4378,兴和所,Xinghe Suo
1570,302096,大宁左卫,Daning zuo wei
1571,302099,大宁前卫,Daning qian wei
1572,300452,沈阳中屯卫,Shenyang zhong tunwei
1573,300429,遵化卫,Zunhua wei
1574,302140,老营堡守御千户所,Laoyingbao shouyu qianhusuo
1575,302102,燕山右卫,Yanshan you Wei
1576,300464,保定右卫,Baoding you wei
1577,300428,山海卫,Shanhai wei
1578,302136,沧州守御千户所,Cangzhou shouyu Qianhusuo
1579,300436,兴州前屯卫,Xingzhou qian tunwei
1580,302073,镇边城千户所,Zhenbiancheng Qianhusuo
1581,300509,宁化守御千户所,Ninghua shouyu qianhusuo
1582,303381,沈府群牧所,Shenfu Qunmusuo
1583,4379,宽河守御千户所,Kuanhe shouyu qianhusuo
1584,300349,彰德卫,Zhangde wei
1585,303578,德庆守御千户所,Deqing Shouyuqianhusuo
1586,302260,东海守御千户所,Donghai shouyu qianhusuo
1587,300271,大罗卫,Daluo wei
1588,300352,颍州卫,Yingzhou wei
1589,303521,唐府仪卫司,Tangfu Yiwei si
1590,302225,安吉卫,Anji wei
1591,303406,陈州卫,Chenzhou Wei
1592,300315,徐州卫,Xuzhou wei
1593,300343,河南卫,Henan wei
1594,303399,伊府仪卫司,Yifu Yiwei si
1595,300344,弘农卫,Hongnong wei
1596,302220,颍上守御千户所,Yingshang shouyu qianhusuo
1597,300346,睢阳卫,Suiyang wei
1598,300134,西安右护卫,Xi'an you huwei
1599,300354,汝州卫,Ruzhou wei
1600,5521,平溪卫,Pingxi Wei
1601,303530,荣府仪卫司,Rongfu Yiwei si
1602,300374,五开卫,Wukai wei
1603,303408,颍川卫,Yingchuan Wei
1604,303526,徽府仪卫司,Huifu Yiwei si
1605,303552,崇府群牧所,Chongfu Qunmusuo
1606,303553,徽府群牧所,Huifu Qunmusuo
1607,300329,武平卫,Wuping wei
1608,300345,陈州卫,Chenzhou wei
1609,300353,南阳中护卫,Nanyang zhong huwei
1610,300461,潼关卫,Tongguan wei
1611,300351,怀庆卫,Huaiqing wei
1612,302231,芒部卫,Mangbu wei
1613,303640,延绥镇,Yansui Zhen
1614,303400,郑府仪卫司,Zhengfu Yiwei si
1615,302241,腾冲卫,Tengchong wei
1616,300249,河池守御千户所,Hechi shouyu qianhusuo
1617,302198,乌蒙卫,Wumeng wei
1618,302201,尾洒卫,Weisa wei
1619,302230,东川卫,Dongchuan wei
1620,300269,云南后卫,Yunnan hou wei
1621,300229,浔州卫,Xunzhou wei
1622,300248,灌阳守御千户所,Guanyang shouyu qianhusuo
1623,300231,广西护卫,Guangxi huwei
1624,300238,全州守御千户所,Quanzhou shouyu qianhusuo
1625,300233,怀集守御千户所,Huaiji shouyu qianhusuo
1626,300234,武缘守御千户所,Wuyuan shouyu qianhusuo
1627,300222,桂林右卫,Guilin you wei
1628,300142,庆阳卫,Qingyang wei
1629,300268,云南中卫,Yunnan zhong wei
1630,300148,甘州中护卫,Ganzhou zhong huwei
1631,302238,金齿卫,Jinchi wei
1632,300153,固原卫,Guyuan wei
1633,302199,层台卫,Cengtai wei
1634,300154,宁夏后卫,Ningxia hou wei
1635,300158,守御沔县千户所,Shouyu Mianxian qianhusuo
1636,300155,兴安守御千户所,Xiang'an shouyu qianhusuo
1637,302244,右甸土守御千户所,Youdian tu shouyu qianhusuo
1638,300169,镇戎守御千户所,Zhenrong shouyu qianhusuo
1639,300270,广南卫,Guangnan wei
1640,300156,凤翔守御千户所,Fengxiang shouyu qianhusuo
1641,300272,腾冲卫,Tengchong wei
1642,300262,曲靖卫,Qujing wei
1643,303523,赵府仪卫司,Zhaofu Yiwei si
1644,300166,安边守御千户所,Anbian shouyu qianhusuo
1645,300193,利州卫,Lizhou wei
1646,300196,保宁守御千户所,Baoning shouyu qianhusuo
1647,302178,成都右护卫,Chengdu you huwei
1648,302177,成都中护卫,Chengdu zhong huwei
1649,302175,潘州卫,Panzhou wei
1650,302174,松州卫,Songzhou wei
1651,300213,越嶲卫军民指挥使司,Yuesui OR Yuexi wei junmin zhihui shisi
1652,6557,腾冲军民指挥使司,Tengchong Junminzhihuishisi
1653,300205,小河守御千户所,Xiaohe shouyu qianhusuo
1654,300136,西安前卫,Xi'an qian wei
1655,300186,成都前卫,Chengdu qian wei
1656,300187,成都后卫,Chengdu hou wei
1657,300228,庆远卫,Qingyuan wei
1658,300189,茂州卫,Maozhou wei
1659,300375,九溪卫,Jiuxi wei
1660,300216,建昌打冲河守御前中千户所,Jianchang Dachonghe souyu zhong-qian qianhusuo
1661,300217,守御德昌千户所,Shouyu Dechang qianhusuo
1662,300256,云南右卫,Yunnan you wei
1663,300188,宁川卫,Ningchuan wei
1664,300218,守御米易千户所,Shouyu Miyi qianhusuo
1665,300219,盐井打冲河守御中左千户所,Yanjing Dachonghe shouyu zhong-zuo qianhusuo
1666,302169,成都左卫,Chengdu zuo wei
1667,300214,礼州守御后千户所,Lizhou shouyu hou qianhusuo
1668,300191,叙南卫,Xu'nan wei
1669,300209,建昌卫军民指挥使司,Jianchang wei junmin zhihui shisi
1670,300210,宁番卫军民指挥使司,Ningfan wei junmin zhihui shisi
1671,5789,天全六番招讨司,Tianquanliufan Zhaotaosi
1672,300183,成都左护卫,Chengdu zuo huwei
1673,300184,成都右卫,Chengdu you wei
1674,303405,卫辉守御千户所,Weihui Shouyuqianhusuo
1675,300215,礼州守御中中千户所,Lizhou shouyu zhong-zhong qianhusuo
1676,300348,信阳卫,Xinyang wei
1677,300185,成都中卫,Chengdu zhong wei
1678,302263,浏河堡守御中千户所,Liuhebao shouyu zhong qianhusuo
1679,302259,海州守御千户所,Haizhou shouyu qianhusuo
1680,302247,泰州守御千户所,Taizhou shouyu qianhusuo
1681,303551,郑府群牧所,Zhengfu Qunmusuo
1682,302224,宁国卫,Ningguo wei
1683,303550,赵府群牧所,Zhaofu Qunmusuo
1684,302261,协守吴淞中千户所,Xieshou wusong zhong qianhusuo
1685,302248,通州守御千户所,Tongzhou shouyu qianhusuo
1686,302249,兴化守御千户所,Xinghua shouyu qianhusuo
1687,302258,盐城守御千户所,Yancheng shouyu qianhusuo
1688,300237,贺县守御千户所,Hexian shouyu qianhusuo
1689,300328,归德卫,Guide wei
1690,6547,金齿军民指挥使司,Jinchi Junminzhihuishisi
1691,303407,雎阳卫,Juyang Wei
1692,303403,崇府仪卫司,Chongfu Yiwei si
1693,4356,怀来卫,Huailai Wei
1694,302202,新添千户所,Xintian qianhusuo
1695,300450,宁山卫,Ningshan wei
1696,300347,宣武卫,Xuanwu wei
1697,302245,嘉兴中左千户所,Jiaxing zhong zuo qianhusuo
1698,302257,崇明守御千户所,Chongming shouyuqianhusuo
1699,303520,周府仪卫司,Zhoufu Yiwei si
1700,300190,重庆卫,Chongqing wei
1701,302253,青村守御千户所,Qingcun shouyu qianhusuo
1702,302255,松江守御千户所,Songjiang shouyu qianhusuo
1703,302254,南汇嘴守御千户所,Nanhuizui shouyu qianhusuo
1704,302262,宝山千户所,Baoshan qianhusuo
1705,302256,吴淞江守御千户所,Wusongjiang shouyu qianhusuo
1706,300350,南阳卫,Nanyang wei
1707,302217,汝宁卫,Runing wei
1708,4978,宁远卫,Ningyuan Wei
1709,300079,广宁中左千户所,Guangning zhong-zuo qianhusuo
1710,300111,滕县守御千户所,Tengxian shouyu qianhusuo
1711,300084,三万后后千户所,Sanwan hou-hou qianhusuo
1712,4972,广宁卫,Guangning Wei
1713,4967,东宁卫,Dongning Wei
1714,300086,辽海中中千户所,Liaohai zhong-zhong qianhusuo
1715,300104,东昌卫,Dongchang wei
1716,4984,定辽右卫,Dingliaoyou Wei
1717,4975,广宁中屯卫,Guangningzhong Tunwei
1718,4979,沈阳卫,Shenyang Wei
1719,4977,广宁前屯卫,Guangningqian Tunwei
1720,4980,铁岭卫,Tieling Wei
1721,4981,三万卫,Sanwan Wei
1722,4973,义州卫,Yizhou Wei
1723,4971,金州卫,Jinzhou Wei
1724,4974,广宁后屯卫,Guangninghou Tunwei
1725,300071,广宁右卫,Guangning you wei
1726,300113,海阳守御千户所,Haiyang shouyu qianhusuo
1727,300102,成山卫,Chengshan wei
1728,300103,靖海卫,Jinghai wei
1729,300091,登州卫,Dengzhou wei
1730,300131,泾府群牧千户所,Jingfu qunmu qianhusuo
1731,300088,辽海前前千户所,Liaohai qian-qian qianhusuo
1732,300096,平山卫,Pingshan wei
1733,300114,东平守御千户所,Dongping shouyu qianhusuo
1734,300117,浮山守御千户所,Fushan shouyu qianhusuo
1735,300123,百尺崖备御后千户所,Baichiya beiyu hou qianhusuo
1736,300132,衡府群牧千户所,Hengfu qunmu qianhusuo
1737,6297,新宁州,Xinning Zhou
1738,300085,三万中中千户所,Sanwan zhong-zhong qianhusuo
1739,300080,金州中左千户所,Jinzhou zhong-zuo qianhusuo
1740,300119,奇山守御千户所,Qishan shouyu qianhusuo
1741,6218,凭祥州,Pingxiang Zhou
1742,300160,阶州守御千户所,Jiezhou shouyu qianhusuo
1743,4985,安乐州,Anle Zhou
1744,4966,定辽卫,Dingliao Wei
1745,4983,抚顺卫,Fushun Wei
1746,300112,肥城守御千户所,Feicheng shouyu qianhusuo
1747,4982,辽海卫,Liaohai Wei
1748,300126,鲁府仪卫司,Lufu Yiweisi
1749,300110,诸城守御千户所,Zhucheng shouyu qianhusuo
1750,300253,迁江屯田千户所,Qianjiang tuntian shouyu qianhusuo
1751,300167,平虏守御千户所,Pinglu shouyu qianhusuo
1752,300157,礼店守御前千户所,Lidian shouyu qian qianhusuo
1753,300165,镇羌守御千户所,Zhenqiang shouyu qianhusuo
1754,300152,宁夏左屯卫,Ningxia zuo tunwei
1755,300162,西安守御千户所,Xi'an shouyu qianhusuo
1756,300094,宁海卫,Ninghai wei
1757,302236,马隆卫,Malong wei
1758,300255,云南左卫,Yunnan zuo huwei
1759,302203,水西卫,Shuixi wei
1760,300252,五屯屯田千户所,Wutun tuntian qianhusuo
1761,302211,镇西卫,Zhenxi wei
1762,300251,向武军民千户所,Xiangwu junmin qianhusuo
1763,300161,灵州守御千户所,Lingzhou shouyu qianhusuo
1764,300163,西固城守御军民千户所,Xigucheng shouyu junmin qianhusuo
1765,300159,环县守御千户所,Huanxian shouyu qianhusuo
1766,300368,长沙卫,Changsha wei
1767,300236,守御贵县千户所,Shouyu Guixian qianhusuo
1768,300246,容县守御千户所,Rongxian shouyu qianhusuo
1769,302200,普定卫,Puding wei
1770,300168,兴武营千户所,Xingwuying qianhusuo
1771,300075,宁远中左千户所,Ningyuan zhong-zuo qianhusuo
1772,300230,奉义卫,Fengyi wei
1773,300070,广宁左卫,Guangning zuo wei
1774,300069,广宁左屯卫,Guangning zuo tunwei
1775,300098,灵山卫,Lingshan wei
1776,300073,抚顺千户所,Fushun qianhusuo
1777,300082,铁岭中左千户所,Tieling zhong-zuo qianhusuo
1778,300078,广宁中后千户所,Guangning zhong-hou qianhusuo
1779,300106,任城卫,Rencheng wei
1780,300093,莱州卫,Laizhou wei
1781,300107,济宁卫,Ji'ning wei
1782,300097,安东卫,Andong wei
1783,300099,螯山卫,Aoshan wei
1784,300109,胶州守御千户所,Jiaozhou shouyu qianhusuo
1785,300095,济南卫,Ji'nan wei
1786,300083,三万前前千户所,Sanwan qian-qian qianhusuo
1787,300063,定辽左卫,Dingliao zuo wei
1788,300072,广宁中卫,Guangning zhong wei
1789,300293,普定卫军民指挥使司,Puding wei junmin zhihui shisi
1790,4976,广宁右屯卫,Guangningyou Tunwei
1791,300074,蒲河千户所,Puhe qianhusuo
1792,4970,复州卫,Fuzhou Wei
1793,4968,海州卫,Haizhou Wei
1794,300122,寻山备御后千户所,Xunshan beiyu hou qianhusuo
1795,4987,自在州,Zizai Zhou
1796,4969,盖州卫,Gaizhou Wei
1797,300081,铁岭左右千户所,Tieling zuo-you qianhusuo
1798,300101,威海卫,Weihai wei
1799,300125,夏河寨前千户所,Xiahezhai qian qianhusuo
1800,300124,王徐寨备御前千户所,Wanxuzhai beiyu qian qianhusuo
1801,300077,广宁中前千户所,Guangning zhong-qian qianhusuo
1802,300087,辽海右右千户所,Liaohai you-you qianhusuo
1803,300100,大嵩卫,Dasong wei
1804,300022,松门卫,Songmen wei
1805,300013,杭州右卫,Hangzhou youwei
1806,303545,泾府群牧所,Jingfu Qunmusuo
1807,300032,金华守御千户所,Jinhua shouyu qianhusuo
1808,300029,衢州守御千户所,Quzhou shouyu qianhusuo
1809,302286,德清卫,Deqing Wei
1810,300031,湖州守御千户所,Huzhou shouyu qianhusuo
1811,300030,严州守御千户所,Yanzhou shouyu qianhusuo
1812,302291,定海守御千户所,Dinghai shouyu qianhusuo
1813,300027,观海卫,Guanhai wei
1814,300021,临山卫,Linshan wei
1815,300015,宁波卫,Ningbo wei
1816,303534,兴府仪卫司,Xingfu Yiwei si
1817,300024,海门卫,Haimen wei
1818,303546,衡山群牧所,Hengshan Qunmusuo
1819,300023,金乡卫,Jinxiang wei
1820,300066,定辽后卫,Dingliao hou wei
1821,302185,柏兴千户所,Boxing qianhusuo
1822,303544,德府群牧所,Defu Qunmusuo
1823,303557,吉府群牧所,Jifu Qunmusuo
1824,300397,漳州卫,Zhangzhou wei
1825,300418,清远卫,Qingyuan wei
1826,300362,施州卫军民指挥使司,Shizhou wei junmin zhihui shisi
1827,300420,肇庆卫,Zhaoqing wei
1828,303582,增城守御千户所,Zengcheng Shouyuqianhusuo
1829,300387,安陆卫,Anlu wei
1830,300399,镇东卫,Zhendong wei
1831,300356,武昌卫,Wuchang wei
1832,303414,长沙仪卫司,Changsha Yiwei si
1833,303413,长宁守御千户所,Changning shouyuqianhusuo
1834,300378,铜鼓卫,Tonggu wei
1835,303531,岷府仪卫司,Minfu Yiwei si
1836,300379,武昌护卫,Wuchang huwei
1837,300371,镇远卫,Zhenyuan wei
1838,300361,蕲州卫,Qizhou wei
1839,300360,岳州卫,Yuezhou wei
1840,300359,永州卫,Yongzhou wei
1841,300358,黄州卫,Huangzhou wei
1842,300357,武昌左卫,Wuchang zuo wei
1843,303527,楚府仪卫司,Chufu Yiwei si
1844,300369,衡州卫,Hengzhou wei
1845,303528,荆府仪卫司,Jingfu Yiwei si
1846,300376,靖州卫,Jingzhou wei
1847,303556,荣府群牧所,Rongfu Qunmusuo
1848,303541,潭府仪卫司,Tanfu Yiwei si
1849,303554,荆府群牧所,Jingfu Qunmusuo
1850,303555,雍府群牧所,Yongfu Qunmusuo
1851,300400,平海卫,Pinghai wei
1852,303367,吉府仪卫司,Jifu Yiwei si
1853,300398,福宁卫,Funing wei
1854,300372,偏桥卫,Pianqiao wei
1855,300373,清浪卫,Qinglang wei
1856,300394,福州右卫,Fuzhou you wei
1857,300393,福州左卫,Fuzhou zuo wei
1858,300412,广州左卫,Guangzhou zuo wei
1859,303576,南雄守御千户所,Nanxiong Shouyuqianhusuo
1860,300396,泉州卫,Quanzhou wei
1861,300401,镇海卫,Zhenhai wei
1862,300392,福州中卫,Fuzhou zhong wei
1863,300380,襄阳护卫,Xiangyang huwei
1864,300408,袁州卫,Yuanzhou wei
1865,303583,从化守御千户所,Conghua Shouyuqianhusuo
1866,300395,兴化卫,Xinghua wei
1867,300405,邵武卫,Shaowu wei
1868,300403,建宁右卫,Jianning you wei
1869,300404,延平卫,Yanping wei
1870,300402,建宁左卫,Jianning zuo wei
1871,300406,汀州卫,Tingzhou wei
1872,300422,碣石卫,Jieshi wei
1873,300417,海南卫,Hainan wei
1874,300242,郁林守御千户所,Yulin shouyu qianhusuo
1875,300300,重安守御千户所,Chong'an shouyu qianhusuo
1876,303339,敷勇卫,Fuyong wei
1877,300135,西安左卫,Xi'an zuo wei
1878,300224,南宁卫,Nanning wei
1879,300239,守御太平后千户所,Shouyu Taiping hou qianhusuo
1880,300244,守御来宾中前千户所,Shouyu Laibin zhong-qian qianhusuo
1881,300250,武宣守御千户所,Wuxuan shouyu qianhusuo
1882,300247,守御融县左千户所,Shouyu Rongxian zuo qianhusuo
1883,300245,富川守御千户所,Fuchuan shouyu qianhusuo
1884,300241,平乐守御千户所,Pingle shouyu qianhusuo
1885,300267,陆凉卫,Luliang wei
1886,300200,广安守御千户所,Guang'an shouyu qianhusuo
1887,300254,靖江府仪卫司,Jingjiangfu Yiweisi
1888,300198,雅州守御千户所,Yazhou shouyu qianhusuo
1889,5788,龙州宣抚司,Longzhou Xuanfusi
1890,300207,寿府仪卫司,Shoufu Yiweisi
1891,5823,叠溪千户所,Dieqi Qianhusuo
1892,300243,守御宾州后千户所,Shouyu Binzhou hou qianhusuo
1893,300298,都匀卫,Duyun wei
1894,300232,梧州守御千户所,Wuzhou shouyu qianhusuo
1895,303529,雍府仪卫司,Yongfu Yiwei si
1896,300226,驯象卫,Xunxiang wei
1897,300225,柳州卫,Liuzhou wei
1898,6571,普安卫,Pu'an Wei
1899,300223,桂林中卫,Guilin zhong wei
1900,300227,南丹卫,Nandan wei
1901,300261,景东卫,Jingdong wei
1902,302196,桂林左卫,Guilin zuo wei
1903,300291,新安守御千户所,Xin'an shouyu qianhusuo
1904,300204,建武守御千户所,Jianwu shouyu qianhusuo
1905,300285,木密关守御千户所,Mumiguan shouyu qianhusuo
1906,300202,黔江守御千户所,Qianjiang shouyu qianhusuo
1907,300290,腾冲守御千户所,Tengchong shouyu qianhusuo
1908,300260,临安卫,Lin'an wei
1909,300307,安南守御千户所,Annan shouyu qianhusuo
1910,300275,易门守御千户所,Yimen shouyu qianhusuo
1911,300263,洱海卫,Erhai wei
1912,300274,宜良守御千户所,Yiliang shouyu qianhusuo
1913,300265,平夷卫,Pingyi wei
1914,300266,越州卫,Yuzhou wei
1915,300259,楚雄卫,Chuxiong wei
1916,300257,云南前卫,Yunnan qian wei
1917,300201,灌县守御千户所,Guanxian shouyu qianhusuo
1918,6637,永宁卫,Yongning Wei
1919,6590,新添卫军民指挥使司,Xintianwei Junminshihuishisi
1920,300235,古田守御千户所,Gutian shouyu qianhusuo
1921,300240,守御象州中右千户所,Shouyu Xiangzhou zhong-you qianhusuo
1922,300264,蒙化卫,Menghua wei
1923,300208,寿府群牧所,Shoufu Qunmusuo
1924,303661,黎平卫,Liping Wei
1925,300211,会川卫军民指挥使司,Huichuan wei junmin zhihui shisi
1926,300294,平越卫,PingyueGuizhou wei
1927,300296,安庄卫军民指挥使司,Anzhuang wei junmin zhihui shisi
1928,300297,龙里卫军民指挥使司,Longli wei junmin zhihui shisi
1929,300299,黄平守御千户所,Huangping shouyu qianhusuo
1930,300301,安龙守御千户所,Anlong shouyu qianhusuo
1931,300258,大理卫,Dali wei
1932,303533,襄府仪卫司,Xiangfu Yiwei si
1933,300199,大渡河守御千户所,Daduhe shouyu qianhusuo
1934,300388,郧阳卫,Yunyang wei
1935,300384,瞿塘卫,Qutang wei
1936,300386,襄阳护卫,Xiangyang huwei
1937,300382,荆州左卫,Jingzhou zuo wei
1938,300370,茶陵卫,Chaling wei
1939,6638,龙里卫,Longli Wei
1940,300511,永昌卫,Yongchang wei
1941,6601,平代长官司,Pingdai Zhangguansi
1942,6635,贵州卫,Guizhou Wei
1943,6636,贵州前卫,Guizhouqian Wei
1944,300206,蜀府仪卫司,Shufu Yiweisi
1945,300192,泸州卫,Luzhou wei
1946,300203,叠溪守御军民千户所,Duexu shouyu junmin qianhusuo
1947,300195,青川守御千户所,Qingchuan shouyu qianhusuo
1948,5970,会川卫长官司,Huichuanwei Zhangguansi
1949,6568,普市守御千户所,Pushi Shouyuqianhusuo
1950,5145,确山,Queshan
1951,4446,宁津,Ningjin
1952,303648,汤阴,Tangyin
1953,4440,阜城,Fucheng
1954,4467,无极,Wuji
1955,4842,章邱,Zhangqiu
1956,4419,唐县,Tang Xian
1957,4683,铜陵,Tongling
1958,4901,平阴,Pingyin
1959,4532,卢龙,Lulong
1960,4904,沂州,Yi Zhou
1961,4463,元氏,Yuanshi
1962,4885,鱼台,Yutai
1963,4423,完县,Wan Xian
1964,303438,青浦,Qingpu
1965,4486,赵州,Zhao Zhou
1966,4434,易州,Yi Zhou
1967,4390,永清,Yongqing
1968,4503,巨鹿,Julu
1969,4903,寿张,Shouzhang
1970,4880,邹县,Zou Xian
1971,4416,安肃,Ansu
1972,4508,永年,Yongnian
1973,4469,阜平,Fuping
1974,4470,定州,Ding Zhou
1975,4513,邯郸,Handan
1976,4844,淄川,Zichuan
1977,4511,鸡泽,Jize
1978,4382,大兴,Daxing
1979,5149,遂平,Suiping
1980,4460,真定,Zhending
1981,5033,太康,Taikang
1982,4502,广宗,Guangzong
1983,4509,曲周,Quzhou
1984,4422,容城,Rongcheng
1985,4847,齐河,Qihe
1986,4462,获鹿,Huolu
1987,4414,清苑,Qingyuan
1988,5056,陈州,Chen Zhou
1989,4877,滋阳,Ziyang
1990,4494,深州,Shen Zhou
1991,4506,任县,Ren Xian
1992,4392,香河,Xianghe
1993,4499,沙河,Shahe
1994,4845,长山,Changshan
1995,4533,迁安,Qian'an
1996,4466,栾城,Luancheng
1997,4443,交河,Jiaohe
1998,4441,肃宁,Suning
1999,4417,定兴,Dingxing
2000,5109,新安,Xin'an
2001,4846,新城,Xincheng
2002,4956,掖县,Ye Xian
2003,5031,杞县,Qi Xian
2004,4444,青县,Qing Xian
2005,4884,金乡,Jinxiang
2006,4461,井陉,Jingxing
2007,4870,滨州,Bin Zhou
2008,5081,临漳,Linzhang
2009,4912,茬平,Chiping
2010,4941,莒州,Ju Zhou
2011,5102,洛阳,Luoyang
2012,4856,泰安州,Tai'an Zhou
2013,303649,姚江,Yao jiang
2014,303663,阿鲁浑河,Orxun River
2015,4934,乐安,Le'an
2016,5148,西平,Xiping
2017,4938,安邱,Anqiu
2018,4648,邳州,Pei Zhou
2019,5112,陕州,Shan Zhou
2020,4763,浮山,Fushan
2021,5090,新乡,Xinxiang
2022,4778,解州,Jie Zhou
2023,5092,淇县,Qi Xian
2024,4843,邹平,Zouping
2025,4766,岳阳,Yueyang
2026,4939,诸城,Zhucheng
2027,4767,曲沃,Quwo
2028,5091,获嘉,Huojia
2029,4768,翼城,Yicheng
2030,5121,泌阳,Biyang
2031,5144,上蔡,Shangcai
2032,303635,昌平州,Changping Zhou
2033,6494,香罗甸长官司,Xiangluodian Zhangguansi
2034,4936,昌乐,Changle
2035,4442,任邱,Renqiu
2036,4438,河间,Hejian
2037,4946,蓬莱,Penglai
2038,4902,阳谷,Yanggu
2039,5082,林县,Lin Xian
2040,4425,雄县,Xiong Xian
2041,4465,槁城,Gaocheng
2042,4504,唐山,Tangshan
2043,4883,峄县,Yi Xian
2044,5110,渑池,Mianchi
2045,4439,献县,Xian Xian
2046,5032,通许,Tongxu
2047,4851,临邑,Linyi
2048,4335,瓜州,Gua Zhou
2049,4424,蠡县,Li Xian
2050,4520,南乐,Nanle
2051,4388,怀柔,Huairou
2052,5088,汲县,Ji Xian
2053,4387,密云,Miyun
2054,4888,曹州,Cao Zhou
2055,4500,南和,Nanhe
2056,4498,邢台,Xingtai
2057,4957,平度州,Pingdu Zhou
2058,4535,昌黎,Changli
2059,4924,濮州,Pu Zhou
2060,5122,桐柏,Tongbai
2061,4909,聊城,Liaocheng
2062,4911,博平,Boping
2063,5093,辉县,Hui Xian
2064,4385,昌平,Changping
2065,6455,定远,Dingyuan
2066,6434,亏容甸长官司,Kuirongdian Zhangguansi
2067,6468,路南州,Lu'nan Zhou
2068,6492,剌次和长官司,Lacihe Zhangguansi
2069,6436,思陀甸长官司,Situodian Zhangguansi
2070,4454,沧州,Cang Zhou
2071,4887,成武,Chengwu
2072,4421,庆都,Qingdu
2073,5105,孟津,Mengjin
2074,4881,泗水,Sishui
2075,4501,平乡,Pingxiang
2076,4393,通州,Tong Zhou
2077,303650,安隆所,Anlong Suo
2078,6491,永宁府,Yongning Fu
2079,4475,冀州,Ji Zhou
2080,4931,临淄,Linzi
2081,4516,清河,Qinghe
2082,4899,汶上,Wenshang
2083,4383,宛平,Wanping
2084,5052,睢州,Sui Zhou
2085,4525,滑县,Hua Xian
2086,4519,大名,Daming
2087,4950,招远,Zhaoyuan
2088,5123,邓州,Deng Zhou
2089,4510,肥乡,Feixiang
2090,5111,嵩县,Song Xian
2091,4402,霸州,Ba Zhou
2092,6498,大候长官司,Dahou Zhangguansi
2093,6483,弥勒州,Mile Zhou
2094,6502,南宁,Nanning
2095,6481,师宗州,Shizong Zhou
2096,6480,广西府,Guangxi Fu
2097,6506,陆凉州,Luliang Zhou
2098,6408,安宁州,Anning Zhou
2099,6489,禄谷寨长官司,Luguzhai Zhangguansi
2100,6427,宾川州,Binchuan Zhou
2101,6412,昆阳州,Kunyang Zhou
2102,6495,瓦鲁之长官司,Waluzhi Zhangguansi
2103,6390,猛缅长官司,Mengmian Zhangguansi
2104,6399,富民,Fumin
2105,6437,左能甸长官司,Zuonengdian Zhangguansi
2106,6546,恭顺州,Gongshun Zhou
2107,6488,镇沅府,Zhenyuan Fu
2108,6523,和曲州,Hequ Zhou
2109,6526,禄劝州,Luquan Zhou
2110,302232,霑益卫,Zhanyi wei
2111,6513,姚州,Yao Zhou
2112,6421,邓川州,Dengchuan Zhou
2113,6424,云龙州,Yunlong Zhou
2114,6497,顺宁府,Shunning Fu
2115,6454,广通,Guangtong
2116,6225,永福,Yongfu
2117,6464,江川,Jiangchuan
2118,6418,赵州,Zhao Zhou
2119,4514,成安,Cheng'an
2120,6493,革甸长官司,Gedian Zhangguansi
2121,5104,巩县,Gong Xian
2122,4951,莱阳,Laiyang
2123,4521,魏县,Wei Xian
2124,4515,威县,Wei Xian
2125,4468,平山,Pingshan
2126,4512,广平,Guangping
2127,4882,滕县,Teng Xian
2128,4449,景州,Jing Zhou
2129,4523,内黄,Neihuang
2130,4947,黄县,Huang Xian
2131,4430,安州,An Zhou
2132,4518,元城,Yuancheng
2133,4384,顺义,Shunyi
2134,4952,宁海州,Ninghai Zhou
2135,4399,涿州,Zhuo Zhou
2136,4542,上元,Shangyuan
2137,4524,濬县,Jun Xian
2138,4426,祁州,Qi Zhou
2139,4445,兴济,Xingji
2140,4345,永宁,Yongning
2141,5080,荡阴,Tangyin
2142,4886,单县,Shan Xian
2143,4961,胶州,Jiao Zhou
2144,4505,内邱,Neiqiu
2145,5030,陈留,Chenliu
2146,4536,滦州,Luan Zhou
2147,4420,博野,Boye
2148,4418,新城,Xincheng
2149,4892,济宁州,Jining Zhou
2150,4389,固安,Gu'an
2151,5034,尉氏,Weishi
2152,4534,抚宁,Funing
2153,4415,满城,Mancheng
2154,4900,东阿,Dong'e
2155,4522,清丰,Qingfeng
2156,4386,良乡,Liangxiang
2157,4949,栖霞,Qixia
2158,4526,开州,Kai Zhou
2159,303342,商丘,Shangqiu
2160,5103,偃师,Yanshi
2161,4543,江宁,Jiangning
2162,4948,福山,Fushan
2163,4447,静海,Jinghai
2164,4544,句容,Jurong
2165,5062,许州,Xu Zhou
2166,4545,溧阳,Liyang
2167,5079,安阳,Anyang
2168,4879,宁阳,Ningyang
2169,4550,高淳,Gaochun
2170,4546,溧水,Lishui
2171,4549,六合,Liuhe
2172,4910,堂邑,Tangyi
2173,4481,晋州,Jin Zhou
2174,4548,江浦,Jiangpu
2175,4407,蓟州,Ji Zhou
2176,4391,东安,Dong'an
2177,5068,钧州,Jun Zhou
2178,4878,曲阜,Qufu
2179,4668,望江,Wangjiang
2180,4682,青阳,Qingyang
2181,4678,旌德,Jingde
2182,4619,丹徒,Dantu
2183,4670,当涂,Dangtu
2184,4620,丹阳,Danyang
2185,4685,建德,Jiande
2186,4672,繁昌,Fanchang
2187,4681,贵池,Guichi
2188,4690,婺源,Wuyuan
2189,4721,沁水,Qinshui
2190,4631,泰州,Tai Zhou
2191,5024,鲁山,Lushan
2192,4634,通州,Tong Zhou
2193,4675,宁国,Ningguo
2194,4627,高邮州,Gaoyou Zhou
2195,4626,扬州海岸海水,Yangzhou Coastal Waters
2196,4623,江都,Jiangdu
2197,4624,仪真,Yizhen
2198,4689,休宁,Xiuning
2199,4671,芜湖,Wuhu
2200,4612,无锡,Wuxi
2201,4686,东流,Dongliu
2202,4667,宿松,Susong
2203,4688,歙县,She Xian
2204,4621,金坛,Jintan
2205,4665,潜山,Qianshan
2206,4720,陵川,Lingchuan
2207,4573,五河,Wuhe
2208,4852,长清,Changqing
2209,4717,泽州,Ze Zhou
2210,4574,虹县,Hong Xian
2211,5036,鄢陵,Yanling
2212,4559,滁州,Chu Zhou
2213,4698,平遥,Pingyao
2214,4583,宿州,Su Zhou
2215,4701,辽州,Liao Zhou
2216,4643,沭阳,Shuyang
2217,4664,桐城,Tongcheng
2218,4556,和州,He Zhou
2219,4714,壶关,Huguan
2220,4691,祁门,Qimen
2221,4699,介休,Jiexiu
2222,4676,泾县,Jing Xian
2223,5098,武陟,Wuzhi
2224,4572,定远,Dingyuan
2225,4715,黎城,Licheng
2226,4692,黟县,Yi Xian
2227,4663,怀宁,Huaining
2228,4693,绩溪,Jixi
2229,4666,太湖,Taihu
2230,4684,石埭,Shidai
2231,4679,南陵,Nanling
2232,4641,安东,Andong
2233,4677,太平,Taiping
2234,4644,淮安海岸海水,Huai'an Coastal Waters
2235,4638,山阳,Shanyang
2236,4616,靖江,Jingjiang
2237,5118,南阳,Nanyang
2238,4696,汾州,Fen Zhou
2239,4561,来安,Lai'an
2240,5040,原武,Yuanwu
2241,4567,沛县,Pei Xian
2242,4702,榆社,Yushe
2243,4566,丰县,Feng Xian
2244,4737,平定州,Pingding Zhou
2245,4611,武进,Wujin
2246,4565,砀山,Dangshan
2247,4564,萧县,Xiao Xian
2248,4563,徐州,Xu Zhou
2249,5147,信阳,Xinyang
2250,4725,榆次,Yuci
2251,5146,新蔡,Xincai
2252,5095,河内,Henei
2253,4640,清河,Qinghe
2254,4705,沁州,Qin Zhou
2255,4615,宜兴,Yixing
2256,4703,和顺,Heshun
2257,4674,宣城,Xuancheng
2258,4734,盂县,Yu Xian
2259,4653,合肥,Hefei
2260,4709,潞州,Lu Zhou
2261,4554,建平,Jianping
2262,5339,于潜,Yuqian
2263,5685,忠路安抚司,Zhonglu Anfusi
2264,4712,襄垣,Xiangyuan
2265,4654,舒城,Shucheng
2266,4569,凤阳,Fengyang
2267,4711,屯留,Tunliu
2268,4599,吴江,Wujiang
2269,4618,镇江城坊厢,Zhenjiang Chengfangxiang
2270,4729,清源,Qingyuan
2271,4603,太仓州,Taicang Zhou
2272,4659,六安州,Lu'an Zhou
2273,4724,太原,Taiyuan
2274,4609,清浦,Qingpu
2275,5035,洧川,Weichuan
2276,4607,上海,Shanghai
2277,4594,长洲,Changzhou
2278,303343,颍州,Yingzhou
2279,4697,孝义,Xiaoyi
2280,4625,泰兴,Taixing
2281,4728,徐沟,Xugou
2282,4598,常熟,Changshu
2283,4655,庐江,Lujiang
2284,5039,阳武,Yangwu
2285,4639,盐城,Yancheng
2286,4727,祁县,Qi Xian
2287,4602,崇明,Chongming
2288,4656,无为州,Wuwei Zhou
2289,5042,延津,Yanjin
2290,303340,长治,Changzhi
2291,4713,潞城,Lucheng
2292,5099,孟县,Meng Xian
2293,5041,封邱,Fengqiu
2294,4605,华亭,Huating
2295,4864,武定州,Wuding Zhou
2296,4726,太谷,Taigu
2297,5043,兰阳,Lanyang
2298,5108,永宁,Yongning
2299,303350,禹州,Yuzhou
2300,4915,冠县,Guan Xian
2301,4897,东平州,Dongping Zhou
2302,4575,寿州,Shou Zhou
2303,5037,扶沟,Fugou
2304,4841,历城,Licheng
2305,4764,赵城,Zhaocheng
2306,5106,宜阳,Yiyang
2307,4733,临县,Lin Xian
2308,4736,河曲,Hequ
2309,5129,裕州,Yu Zhou
2310,4940,蒙阴,Mengyin
2311,4756,石州,Shi Zhou
2312,5151,光州,Guang Zhou
2313,4740,忻州,Xin Zhou
2314,4464,灵寿,Lingshou
2315,303670,荏平县,
2316,4645,海州,Hai Zhou
2317,5143,真阳,Zhenyang
2318,5025,郏县,Jia Xian
2319,5029,祥符,Xiangfu
2320,5096,济源,Jiyuan
2321,4336,赤斤蒙古卫,Chijinmenggu Wei
2322,5083,磁州,Ci Zhou
2323,5142,汝阳,Ruyang
2324,4849,济阳,Jiyang
2325,4600,嘉定,Jiading
2326,5120,唐县,Tang Xian
2327,4642,桃源,Taoyuan
2328,4596,昆山,Kunshan
2329,4919,高唐州,Gaotang Zhou
2330,4344,隆庆州,Longqing Zhou
2331,4718,高平,Gaoping
2332,303665,沂水,Yi Shui
2333,303642,皮岛,Pi Dao
2334,303641,福州卫,Fuzhou Wei
2335,4848,齐东,Qidong
2336,303325,广东诸道,Guangdong Zhudao
2337,5089,昨城,Zuocheng
2338,4723,阳曲,Yangqu
2339,4855,陵县,Ling Xian
2340,4731,文水,Wenshui
2341,4732,寿阳,Shouyang
2342,4743,代州,Dai Zhou
2343,4918,邱县,Qiu Xian
2344,4710,长子,Zhangzi
2345,5044,仪封,Yifeng
2346,4916,临清,Linqing
2347,5119,镇平,Zhenping
2348,4796,隰州,Xi Zhou
2349,5027,伊阳,Yiyang
2350,4785,绛州,Jiang Zhou
2351,4850,禹城,Yucheng
2352,4730,交城,Jiaocheng
2353,4762,洪洞,Hongtong
2354,4591,亳州,Bo Zhou
2355,4560,全椒,Quanjiao
2356,4553,广德州,Guangde Zhou
2357,4793,吉州,Ji Zhou
2358,4571,怀远,Huaiyuan
2359,4937,临朐,Linqu
2360,4579,泗州,Si Zhou
2361,4706,沁源,Qinyuan
2362,4586,颖州,Ying Zhou
2363,4719,阳城,Yangcheng
2364,4707,武乡,Wuxiang
2365,4570,临淮,Linhuai
2366,5038,中牟,Zhongmou
2367,4593,吴县,Wu Xian
2368,4614,江阴,Jiangyin
2369,4557,含山,Hanshan
2370,5072,郑州,Zheng Zhou
2371,5026,宝丰,Baofeng
2372,4735,静乐,Jingle
2373,4854,青城,Qingcheng
2374,5045,归德州,Guide Zhou
2375,4748,岢岚州,Kelan Zhou
2376,4853,肥城,Feicheng
2377,4769,汾西,Fenxi
2378,5023,汝州,Ru Zhou
2379,4771,蒲州,Pu Zhou
2380,4860,德州,De Zhou
2381,4770,蒲县,Pu Xian
2382,5100,温县,Wen Xian
2383,4917,馆陶,Guantao
2384,4754,保德州,Baode Zhou
2385,4765,太平,Taiping
2386,4932,博兴,Boxing
2387,5107,登封,Dengfeng
2388,4933,高苑,Gaoyuan
2389,4760,临汾,Linfen
2390,5150,罗山,Luoshan
2391,4761,襄陵,Xiangling
2392,4914,清平,Qingping
2393,4930,益都,Yidu
2394,4790,霍州,Huo Zhou
2395,5097,修武,Xiuwu
2396,4935,寿光,Shouguang
2397,5474,金谿,Jinxi
2398,5417,仙居,Xianju
2399,6287,桂平,Guiping
2400,5660,卢溪,Luxi
2401,5418,宁海,Ninghai
2402,5421,永嘉,Yongjia
2403,6288,平南,Pingnan
2404,5708,石梁下峒长官司,Shilioangxiadong Zhangguansi
2405,6279,怀集,Huaiji
2406,5615,平江,Pingjiang
2407,5511,瑞金,Ruijin
2408,5493,清江,Qingjiang
2409,5480,泰和,Taihe
2410,6280,郁林州,Yulin Zhou
2411,5409,奉化,Fenghua
2412,5581,罗田,Luotian
2413,5491,新昌,Xinchang
2414,6278,岑溪,Cenxi
2415,5400,诸暨,Zhuji
2416,5407,鄞县,Yin Xian
2417,5401,余姚,Yuyao
2418,5399,萧山,Xiaoshan
2419,6289,贵县,Gui Xian
2420,5616,澧州,Li Zhou
2421,5392,庆元,Qingyuan
2422,5497,峡江,Xiajiang
2423,5579,黄冈,Huanggang
2424,5509,安远,Anyuan
2425,6355,思明州,Siming Zhou
2426,5571,应城,Yingcheng
2427,6305,下雷州,Xialei Zhou
2428,6293,隆安,Long'an
2429,5402,上虞,Shangyu
2430,5398,会稽,Kuaiji
2431,5394,宣平,Xuanping
2432,5709,水尽源通塔平长官司,Shuijinyuantongtaping Zhangguansi
2433,5410,定海,Dinghai
2434,5411,象山,Xiangshan
2435,5637,邵阳,Shaoyang
2436,6292,武缘,Wuyuan
2437,5490,上高,Shanggao
2438,5648,酃县,Ling Xian
2439,5404,新昌,Xinchang
2440,5391,龙泉,Longquan
2441,5397,山阴,Shanyin
2442,5408,慈溪,Cixi
2443,6315,万承州,Wancheng Zhou
2444,5513,石城,Shicheng
2445,6321,镇远州,Zhenyuan Zhou
2446,300008,河源,Heyuan
2447,5403,嵊县,Sheng Xian
2448,5657,沅江,Yuanjiang
2449,5713,施溶州,Shirong Zhou
2450,5230,麟游,Linyou
2451,6128,程乡,Chengxiang
2452,6113,连平州,Lianping Zhou
2453,5196,镇安,Zhen'an
2454,5225,凤翔,Fengxiang
2455,5532,绥宁,Suining
2456,5512,龙南,Longnan
2457,6103,博罗,Boluo
2458,5662,叙浦,Xupu
2459,6107,龙川,Longchuan
2460,5231,陇州,Long Zhou
2461,5639,武冈州,Wugang Zhou
2462,5334,仁和,Renhe
2463,5643,衡阳,Hengyang
2464,5523,沔阳州,Mianyang Zhou
2465,6108,长乐,Changle
2466,6095,英德,Yingde
2467,6143,四会,Sihui
2468,5476,乐安,Le'an
2469,5537,兴宁,Xingning
2470,5645,耒阳,Leiyang
2471,5445,安仁,Anren
2472,5243,金州,Jin Zhou
2473,5431,新建,Xinjian
2474,5529,靖州,Jing Zhou
2475,5539,桂东,Guidong
2476,6357,上石西州,Shangshixi Zhou
2477,5393,云和,Yunhe
2478,6335,陀陵,Tuoling
2479,5612,巴陵,Baling
2480,6138,镇平,Zhenping
2481,5258,静宁州,Jingning Zhou
2482,5526,安陆州,Anlu Zhou
2483,6102,归善,Guishan
2484,5226,岐山,Qishan
2485,6151,高明,Gaoming
2486,5656,龙阳,Longyang
2487,5546,崇阳,Chongyang
2488,5461,德安,De'an
2489,300007,和平,Heping
2490,5711,保靖军民宣慰使司,Baojing Junminxuanweishisi
2491,5228,扶风,Fufeng
2492,5387,青田,Qingtian
2493,6109,兴宁,Xingning
2494,6098,始兴,Shixing
2495,5450,贵溪,Guixi
2496,5655,桃源,Taoyuan
2497,6104,海丰,Haifeng
2498,6137,平远,Pingyuan
2499,6097,保昌,Baochang
2500,5368,寿昌,Shouchang
2501,5395,景宁,Jingning
2502,5227,宝鸡,Baoji
2503,6093,乳源,Ruyuan
2504,5712,南渭州,Nanwei Zhou
2505,5622,长沙,Changsha
2506,5383,江山,Jiangshan
2507,5524,景陵,Jingling
2508,5388,缙云,Jinyun
2509,6110,长宁,Changning
2510,6127,揭阳,Jieyang
2511,5507,兴国,Xingguo
2512,5726,竹山,Zhushan
2513,5366,桐庐,Tonglu
2514,6092,仁化,Renhua
2515,6071,东莞,Dongguan
2516,5690,西坪蛮夷长官司,Xiping Manyichangguansi
2517,5500,分宜,Fenyi
2518,5367,遂安,Sui'an
2519,5534,郴州,Chen Zhou
2520,6134,大埔,Dapu
2521,5389,松阳,Songyang
2522,5358,安吉,Anji
2523,5679,东乡五路安抚司,Dongxiangwulu Anfusi
2524,5360,安吉州,Anji Zhou
2525,5369,分水,Fenshui
2526,5359,孝丰,Xiaofeng
2527,5693,大旺安抚司,Dawang Anfusi
2528,5682,下爱茶峒长官司,Xia'aichadong Zhangguansi
2529,4913,莘县,Shen Xian
2530,6199,程县,Cheng Xian
2531,5669,祁阳,Qiyang
2532,5414,黄岩,Huangyan
2533,5365,淳安,Chun'an
2534,5671,道州,Dao Zhou
2535,6300,归德州,Guide Zhou
2536,5502,万载,Wanzai
2537,5350,崇德,Chongde
2538,5705,容美宣抚司,Rongmei Xuanfusi
2539,5380,西安,Xi'an
2540,6082,龙门,Longmen
2541,5336,富阳,Fuyang
2542,5377,浦江,Pujiang
2543,5707,五峰石宝长官司,Wufengshibao Zhangguansi
2544,5499,宜春,Yichun
2545,6124,潮阳,Chaoyang
2546,5381,龙游,Longyou
2547,5386,丽水,Lishui
2548,5727,竹谿,Zhuxi
2549,6083,新宁,Xinning
2550,5384,开化,Kaihua
2551,5364,建德,Jiande
2552,5686,剑南长官司,Jiannan Zhangguansi
2553,5681,上爱茶峒长官司,Shang'aichadong Zhangguansi
2554,5341,昌化,Changhua
2555,5333,钱塘,Qiantang
2556,5519,崇义,Chongyi
2557,5638,新化,Xinhua
2558,5496,新喻,Xinyu
2559,5614,华容,Huarong
2560,5489,高安,Gao'an
2561,6291,宣化,Xuanhua
2562,5484,龙泉,Longquan
2563,5580,蕲水,Qishui
2564,5585,蕲州,Qi Zhou
2565,5504,赣县,Gan Xian
2566,5448,玉山,Yushan
2567,6342,上隆州,Shanglong Zhou
2568,5475,宜黄,Yihuang
2569,5613,临湘,Linxiang
2570,5583,黄陂,Huangpi
2571,5515,大庾,Dayu
2572,6353,忠州,Zhong Zhou
2573,5582,麻城,Macheng
2574,5570,云梦,Yunmeng
2575,5516,南康,Nankang
2576,5473,崇仁,Chongren
2577,6359,下石西州,Xiashixi Zhou
2578,5517,上犹,Shangyou
2579,5506,信丰,Xinfeng
2580,5510,宁都,Ningdu
2581,5573,随州,Sui Zhou
2582,301025,上思州,Shangsi Zhou
2583,5569,安陆,Anlu
2584,5355,长兴,Changxing
2585,6131,饶平,Raoping
2586,5547,通城,Tongcheng
2587,5683,镇远蛮夷长官司,Zhenyuan Manyichangguansi
2588,6178,澄迈,Chengmai
2589,5353,乌程,Wucheng
2590,6084,从化,Conghua
2591,5689,金峒安抚司,Jindong Anfusi
2592,5485,万安,Wan'an
2593,6317,左州,Zuo Zhou
2594,6350,思明府,Siming Fu
2595,5481,吉水,Jishui
2596,5495,新淦,Xin'gan
2597,5482,永丰,Yongfeng
2598,5357,武康,Wukang
2599,6362,思恩军民府,Si'en Junminfu
2600,5584,黄安,Huang'an
2601,5483,安福,Anfu
2602,6364,武缘,Wuyuan
2603,5624,湘潭,Xiangtan
2604,5479,庐陵,Luling
2605,6365,奉议州,Fengyi Zhou
2606,5508,会昌,Huichang
2607,300001,茶陵,Chaling
2608,5487,永宁,Yongning
2609,5505,雩都,Yudu
2610,6261,永顺长官司,Yongshun Zhangguansi
2611,6533,剌和庄司,Lahezhuang Si
2612,6667,施溪长官司,Shixi Zhangguansi
2613,6710,务川,Wuchuan
2614,6262,永定长官司,Yongding Zhangguansi
2615,6369,镇安府,Zhen'an Fu
2616,6253,思恩,Si'en
2617,6237,柳城,Liucheng
2618,6236,罗城,Luocheng
2619,6234,马平,Maping
2620,6241,象州,Xiang Zhou
2621,6235,洛容,Luorong
2622,6432,教化三部长官司,Jiaohuasanbu Zhangguansi
2623,6694,西山阳洞蛮夷长官司,Xishanyangdong Manyichangguansi
2624,6444,阿迷州,Ami Zhou
2625,6690,八舟蛮夷长官司,Bazhou Manyichangguansi
2626,6276,藤县,Teng Xian
2627,6254,南丹州,Nandan Zhou
2628,6240,来宾,Laibin
2629,6252,忻城,Xincheng
2630,6251,河池,Hechi
2631,6250,天河,Tianhe
2632,6249,宜山,Yishan
2633,6257,东兰州,Donglan Zhou
2634,6460,镇南州,Zhennan Zhou
2635,6430,临安府,Lin'an Fu
2636,6536,宝山州,Baoshan Zhou
2637,6696,亮寨蛮夷长官司,Liangzhai Manyichangguansi
2638,6263,永安长官司,Yong'an Changguan si
2639,6675,施秉,Shibing
2640,6736,平浪长官司,Pinglang Zhangguansi
2641,6728,麻向长官司,Maxiang Zhangguansi
2642,6701,龙里蛮夷昌长官司,Longli Manyichangguansi
2643,6729,大华长官司,Dahua Zhangguansi
2644,6674,邛水长官司,Qiongshui Zhangguansi
2645,6672,镇远,Zhenyuan
2646,6730,木官寨,Muguan Zhai
2647,6697,欧阳蛮夷长官司,Ouyang Manyichangguansi
2648,6720,洪番长官司,Hongfan Zhangguansi
2649,6579,康佐长官司,Kangzuo Zhangguansi
2650,6583,西堡长官司,Xibao Zhangguansi
2651,6721,卧龙番长官司,Wolongfan Zhangguansi
2652,6680,龙泉长官司,Longquan Zhangguansi
2653,6575,顶营长官司,Dingying Zhangguansi
2654,6538,兰州,Lan Zhou
2655,6709,郎溪长官司,Langxi Zhangguansi
2656,6577,镇宁州,Zhenning Zhou
2657,6742,独山州,Dushan Zhou
2658,6699,中林蛮夷长官司,Zhonglin Manyichangguansi
2659,6700,赤溪湳洞蛮夷长官司,Chixi'nandong Manyichangguansi
2660,6702,永从,Yongcong
2661,6695,湖耳蛮夷长官司,Hu'er Manyichangguansi
2662,6686,乌罗长官司,Wuluo Zhangguansi
2663,6708,沿河祐溪长官司,Yanheyouxi Zhangguansi
2664,6738,麻哈州,Maha Zhou
2665,6737,平洲六洞长官司,Pingzhouliudong Zhangguansi
2666,6682,铜仁长官司,Tongren Zhangguansi
2667,6232,永安州,Yong'an Zhou
2668,6435,溪处甸长官司,Xichudian Zhangguansi
2669,6396,新化州,Xinhua Zhou
2670,6727,木瓜长官司,Mugua Zhangguansi
2671,6344,恩城州,Encheng Zhou
2672,6336,永康,Yongkang
2673,6207,都康州,Dukang Zhou
2674,6223,阳朔,Yangshuo
2675,6270,富川,Fuchuan
2676,6275,苍梧,Cangwu
2677,6259,那地州,Nadi Zhou
2678,6229,全州,Quan Zhou
2679,6367,上映州,Shangying Zhou
2680,6341,田州府,Tianzhou Fu
2681,6198,泗城州,Sicheng Zhou
2682,6347,果化州,Guohua Zhou
2683,6201,利州,Li Zhou
2684,6271,贺县,He Xian
2685,6209,龙州,Long Zhou
2686,6211,归顺州,Guishun Zhou
2687,6213,思陵州,Siling Zhou
2688,6238,怀远,Huaiyuan
2689,6228,古田,Gutian
2690,6090,曲江,Qujiang
2691,5356,德清,Deqing
2692,6239,融县,Rong Xian
2693,6227,修仁,Xiuren
2694,6221,兴安,Xing'an
2695,6226,义宁,Yining
2696,6273,永安州,Yong'an Zhou
2697,6458,南安州,Nan'an Zhou
2698,6453,楚雄,Chuxiong
2699,6540,巨津州,Jujin Zhou
2700,6439,安南长官司,Annan Zhangguansi
2701,6447,宁州,Ning Zhou
2702,6442,石屏州,Shiping Zhou
2703,6433,王弄山长官司,Wangnongshan Zhangguansi
2704,6456,定边,Dingbian
2705,6438,落恐甸长官司,Luokongdian Zhangguansi
2706,6457,锷嘉,Ejia
2707,6431,纳楼茶甸长官司,Nalouchadian Zhangguansi
2708,6272,昭平,Zhaoping
2709,6325,龙英州,Longying Zhou
2710,6333,上下冻州,Shangxiadong Zhou
2711,6440,建水州,Jianshui Zhou
2712,6244,宾州,Bin Zhou
2713,6268,平乐,Pingle
2714,6220,临桂,Lingui
2715,6346,归德州,Guide Zhou
2716,6277,容县,Rong Xian
2717,6334,崇善,Chongshan
2718,6269,恭城,Gongcheng
2719,6224,荔浦,Lipu
2720,6337,罗阳,Luoyang
2721,6222,灵川,Lingchuan
2722,6339,思同州,Sitong Zhou
2723,300010,上林,Shanglin
2724,6465,阳宗,Yangzong
2725,6401,嵩明州,Songming Zhou
2726,6485,维摩州,Weimo Zhou
2727,301013,小程番长官司,Xiaochengfan Changguansi
2728,301019,程番长官司,Chengfan Changguansi
2729,6609,合江陈蒙烂长官司,Hejiangchenmenglan Zhangguansi
2730,6724,金石番长官司,Jinshifan Zhangguansi
2731,6608,九名九姓独山州长官司,Jiumingjiuxing Dushanzhou Zhangguansi
2732,6598,麻哈长官司,Maha Zhangguansi
2733,6735,邦水长官司,Bangshui Zhangguansi
2734,6689,潭溪蛮夷长官司,Tanxi Manyichangguansi
2735,6650,小程番长官司,Xiaochengfan Zhangguansi
2736,6596,平越卫军民指挥使司,Pingyuewei Junminzhihuishisi
2737,6510,罗雄州,Luoxiong Zhou
2738,301004,大华长官司,Dahua Changguansi
2739,6659,大龙番长官司,Dalongfan Zhangguansi
2740,6518,剑川州,Jianchuan Zhou
2741,6382,威远州,Weiyuan Zhou
2742,6463,河阳,Heyang
2743,6417,太和,Taihe
2744,6520,顺州,Shun Zhou
2745,6504,霑益州,Zhanyi Zhou
2746,6508,马龙州,Malong Zhou
2747,6503,亦佐,Yizuo
2748,6544,元江军民府,Yuanjiang Junminfu
2749,6376,蒗渠州,Langqu Zhou
2750,6400,宜良,Yiliang
2751,6398,昆明,Kunming
2752,6597,杨义长官司,Yangyi Zhangguansi
2753,6648,养龙长官司,Yanglong Zhangguansi
2754,5337,余杭,Yuhang
2755,5382,常山,Changshan
2756,5527,京山,Jingshan
2757,5378,汤溪,Tangxi
2758,6534,通安州,Tong'an Zhou
2759,6731,通州寨,Tongzhou Zhai
2760,5538,桂阳,Guiyang
2761,5335,海宁,Haining
2762,6111,永安,Yong'an
2763,5647,安仁,Anren
2764,6184,儋州,Dan Zhou
2765,6581,安顺州,Anshun Zhou
2766,5340,新城,Xincheng
2767,301012,大龙番长官司,Dalongfan Changguansi
2768,6578,十二营长官司,Shi'errong Zhangguansi
2769,6649,上马桥长官司,Shangmaqiao Zhangguansi
2770,6587,大华长官司,Dahua Zhangguansi
2771,6610,丰宁长官司,Fengning Zhangguansi
2772,6640,贵竹长官司,Guizhu Zhangguansi
2773,6707,印江,Yinjiang
2774,6646,白纳长官司,Baina Zhangguansi
2775,6570,普安州,Pu'an Zhou
2776,6647,乖西长官司,Guaixi Zhangguansi
2777,6573,永宁州,Yongning Zhou
2778,6599,乐平长官司,Leping Zhangguansi
2779,6706,思印江长官司,Siyinjiang Zhangguansi
2780,5338,临安,Lin'an
2781,6666,都素长官司,Dusu Zhangguansi
2782,6713,金筑安抚司,Jinzhu Anfusi
2783,6716,上马桥长官司,Shangmaqiao Zhangguansi
2784,6643,劄佐长官司,Zhazuo Zhangguansi
2785,6723,大龙番长官司,Dalongfan Zhangguansi
2786,6673,偏桥长官司,Pianqiao Zhangguansi
2787,6691,洪州泊里蛮夷长官司,Hongzhouboli Manyichangguansi
2788,6692,曹滴洞蛮夷长官司,Caodidong Manyichangguansi
2789,6685,大万山长官司,Dawanshan Zhangguansi
2790,6679,葛彰葛商长官司,Gezhanggeshang Zhangguansi
2791,6726,卢山长官司,Lushan Zhangguansi
2792,6678,苗民长官司,Miaomin Zhangguansi
2793,6693,古州蛮夷长官司,Guzhou Manyichangguansi
2794,6677,石阡长官司,Shiqian Zhangguansi
2795,6705,蛮夷长官司,Manyi Zhangguansi
2796,6665,都坪长官司,Duping Zhangguansi
2797,6725,罗番长官司,Luofan Zhangguansi
2798,6698,新化蛮夷长官司,Xinhua Manyichangguansi
2799,6582,宁谷寨长官司,Ningguzhai Zhangguansi
2800,6645,底寨长官司,Dizhai Zhangguansi
2801,6732,克渡寨,Kedu Zhai
2802,6687,平头着可长官司,Pingtouzhuke Zhangguansi
2803,6717,卢番长官司,Lufan Zhangguansi
2804,6718,韦番长官司,Weifan Zhangguansi
2805,6668,黄道溪长官司,Huangdaoxi Zhangguansi
2806,6719,方番长官司,Fangfan Zhangguansi
2807,6374,北胜州,Beisheng Zhou
2808,6404,晋宁州,Jinning Zhou
2809,6476,广南府,Guangnan Fu
2810,6644,龙里长官司,Longli Zhangguansi
2811,6671,镇远金容金达蛮夷长官司,Zhenyuanjinrongjinda Manyichangguansi
2812,6722,小龙番长官司,Xiaolongfan Zhangguansi
2813,6683,省溪长官司,Shengxi Zhangguansi
2814,6641,中曹长官司,Zhongcao Zhangguansi
2815,6662,水东长官司,Shuidong Zhangguansi
2816,6642,青山长官司,Qingshan Zhangguansi
2817,6574,慕役长官司,Muyi Zhangguansi
2818,303632,保山,Baoshan
2819,6704,水德江长官司,Shuidejiang Zhangguansi
2820,6466,新兴州,Xinxing Zhou
2821,6532,丽江军民府,Lijiang Junminfu
2822,301014,小龙番长官司,Xiaolongfan Changguansi
2823,6517,鹤庆军民府,Heqing Junminfu
2824,6477,富州,Fu Zhou
2825,6474,景东府,Jingdong Fu
2826,6734,都匀长官司,Duyun Zhangguansi
2827,6658,小龙番长官司,Xiaolongfan Zhangguansi
2828,6715,小程番长官司,Xiaochengfan Zhangguansi
2829,6472,蒙化府,Menghua Fu
2830,6545,因远罗必甸长官司,Yinyuanluodian Zhangguansi
2831,6684,提溪长官司,Dixi Zhangguansi
2832,6386,镇康州,Zhenkang Zhou
2833,9758,德清,Deqing
2834,30038,河东节度,Hedong Jiedu
2835,12247,临汾,Linfen
2836,100017,交城,Jiaocheng
2837,9739,如皋,Rugao
2838,9743,南通,Nantong
2839,100561,赵城,Zhaocheng
2840,12182,永宁,Yongning
2841,12009,顺化,Shunhua
2842,100186,彭原,Pengyuan
2843,9737,溧阳,Liyang
2844,12259,岳阳,Yueyang
2845,100532,华亭,Huating
2846,9763,永康,Yongkang
2847,12248,洪洞,Hongtong
2848,9159,白沙,Baisha
2849,100117,安化,Anhua
2850,9769,桐庐,Tonglu
2851,10794,岫岩,Xiuyan
2852,9766,武义,Wuyi
2853,9746,启东,Qidong
2854,100675,宁远,Ningyuan
2855,9745,海门,Haimen
2856,12054,通远,Tongyuan
2857,9770,遂安,Sui'an
2858,21221,浙江省诸道区,
2859,9757,武康,Wukang
2860,9756,孝丰,Xiaofeng
2861,100180,延川,Yanchuan
2862,9702,松江,Songjiang
2863,12251,神山,Shenshan
2864,9717,太仓,Taicang
2865,100551,襄陵,Xiangling
2866,9744,崇明,Chongming
2867,12254,汾西,Fenxi
2868,9740,泰兴,Taixing
2869,13356,玉津,Yujin
2870,12709,嘉兴,Jiaxing
2871,100383,永康,Yongkang
2872,10601,伊通,Yitong
2873,13353,犍为,Qianwei
2874,9764,磐安,Panan
2875,9772,分水,Fenshui
2876,9768,建德,Jiande
2877,12013,同川,Tongchuan
2878,12710,华亭,Huating
2879,9759,长兴,Changxing
2880,12256,冀氏,Jishi
2881,9760,金华,Jinhua
2882,21229,吉林省诸道区,
2883,13352,峨眉,Emei
2884,100169,平晋,Pingjin
2885,9773,寿昌,Shouchang
2886,100156,崇信,Chongxin
2887,12181,陇西,Longxi
2888,100386,永正,Yongzheng
2889,12015,华池,Huachi
2890,13357,平羌,Pingqiang
2891,10608,桦甸,Huadian
2892,10617,海龙,Hailong
2893,10603,双城,Shuangcheng
2894,13354,绥山,Suishan
2895,10602,双阳,Shuangyang
2896,10611,蛟河,Jiaohe
2897,100086,和川,Hechuan
2898,302171,叙南守御千户所,Xunan shouyu qianhusuo
2899,10780,阿城,Acheng
2900,10520,通化市,Tonghua shi
2901,11951,金明,Jinming
2902,9703,上海市,Shanghaishi
2903,10671,延寿,Yanshou
2904,100076,博野,Boye
2905,100369,武成军节度,Wucheng junjiedu
2906,10669,汪清,Wangqing
2907,10670,珲春,Hunchun
2908,300479,振武卫,Zhenwu wei
2909,11815,宁晋,Ningjin
2910,9722,武进,Wujin
2911,100569,遂城,Suicheng
2912,9947,徐州市,Xuzhou shi
2913,10522,桓仁,Huanren
2914,9948,丰县,Feng Xian
2915,9949,沛县,Peixian
2916,13074,邵阳,Shaoyang
2917,9721,吴江,Wujiang
2918,11957,临真,Linzhen
2919,9720,宝山,Baoshan
2920,9747,江都,Jiangdu
2921,11954,延水,Yanshui
2922,11955,延长,Yanchang
2923,13620,永归,Yonggui
2924,100638,高阳,Gaoyang
2925,10668,和龙,Helong
2926,10195,霍丘,Huoqiu
2927,10690,安图,Antu
2928,13459,西充,Xichong
2929,9950,萧县,Xiao Xian
2930,13727,犍羁縻州,Jian Jimizhou
2931,11958,敷政,Fuzheng
2932,10588,靖江,Jingjiang
2933,11959,甘泉,Ganquan
2934,9955,泗阳,Siyang
2935,9954,宿迁,Suqian
2936,11956,门山,Menshan
2937,13726,候羁縻州,Hou Jimizhou
2938,10521,宽甸,Kuandian
2939,10354,临江,Linjiang
2940,10208,灌云,Guanyun
2941,13725,陈蒙羁縻州,Chenmeng Jimizhou
2942,10797,凤城,Fengcheng
2943,10356,柳河,Liuhe
2944,10343,安东市,Andong shi
2945,9749,高邮,Gaoyou
2946,13719,大万谷乐羁縻州,Dawangule Jimizhou
2947,13724,蒋羁縻州,Jiang Jimizhou
2948,13739,合江羁縻州,Hejiang Jimizhou
2949,13723,普宁羁縻州,Puning Jimizhou
2950,10796,旅顺,Lyushun shi
2951,10355,辑安,Ji'an
2952,10618,东丰,Dongfeng
2953,10689,新宾,Xinbin
2954,100494,管城,Guancheng
2955,10621,青冈,Qinggang
2956,10625,肇源,Zhaoyuan
2957,13733,乡羁縻州,Xiang Jimizhou
2958,3061,益津,Yijin
2959,12681,盐官,Yanguan
2960,100352,桐庐,Tonglu
2961,21018,兴安省,Xingan sheng
2962,3882,镇州,Zhen Zhou
2963,3001,云川,Yunchuan
2964,100011,丹徒,Dantu
2965,3032,易县,Yi Xian
2966,9687,新登,Xindeng
2967,3068,满城,Mancheng
2968,3879,静州,Jing Zhou
2969,3799,河董城,Hedong Cheng
2970,2941,泰州,Tai Zhou
2971,2948,宣宁,Xuanning
2972,2987,宁远,Ningyuan
2973,101101,筠州,Yun Zhou
2974,400764,毗沙都督府,Pisha Dudufu
2975,9691,定海,Dinghai
2976,12255,霍邑,Huoyi
2977,9767,浦江,Pujiang
2978,12675,余杭,Yuhang
2979,9750,衢县,Qu Xian
2980,9753,常山,Changshan
2981,100158,昆山,Kunshan
2982,9259,玉环,Yuhuan
2983,100512,临安,Linan
2984,3798,上京道,Shangjing Dao
2985,100046,六合,Liuhe
2986,9690,奉化,Fenghua
2987,9689,宁波市,Ningbo shi
2988,9296,宣平,Xuanping
2989,30057,平江军节度,Pingjiang junjiedu
2990,9692,镇海,Zhenhai
2991,3802,塔懒主城,Talanzhu Cheng
2992,400763,焉耆都督府,Yanqi Dudufu
2993,3800,静边城,Jingbian Cheng
2994,101093,严州,Yan Zhou
2995,101068,邢州,Xing Zhou
2996,101064,干宁军,Qianning Jun
2997,101067,定州,Ding Zhou
2998,101060,颍州,Ying Zhou
2999,101069,赵州,Zhao Zhou
3000,400761,辽城州都督府,Liaochengzhou Duhufu
3001,101082,晋州,Jin Zhou
3002,101091,秀州,Xiu Zhou
3003,400765,隋州,Sui Zhou
3004,3899,定理府,Dingli Fu
3005,400750,疏勒都督府,Shule dudufu
3006,10227,宜阳,Yiyang
3007,101123,忠州,Zhong Zhou
3008,101061,瀛州,Ying Zhou
3009,13456,南充,Nanchong
3010,3016,宝坻,Baodi
3011,3936,会农,Huinong
3012,3937,贺州,He Zhou
3013,4348,万全都指挥使司,Wanquan Duzhihuishisi
3014,101077,通远军,Tongyuan Jun
3015,3801,皮被河城,Pibeihe Cheng
3016,10105,青城,Qingcheng
3017,101104,邵州,Shao Zhou
3018,3886,河董城,Hedong Cheng
3019,3890,皮被河城,Pipihe Cheng
3020,3892,招州,Zhao Zhou
3021,3894,塔懒主城,Talaizhu Cheng
3022,3898,率宾府,Shuaibin Fu
3023,21000,新疆省,Xinjiang Sheng
3024,302132,朔州卫,Shuozhou wei
3025,9698,萧山,Xiaoshan
3026,12183,宁远,Ningyuan
3027,100415,海门,Haimen
3028,9686,海宁,Haining
3029,9754,吴兴,Wuxing
3030,9295,云和,Yunhe
3031,12672,钱塘,Qiantang
3032,9752,江山,Jiangshan
3033,10788,鞍山市,Anshan shi
3034,13718,蛮羁縻州,Man Jimizhou
3035,12542,静海,Jinghai
3036,12014,乐蟠,Lepan
3037,9765,兰溪,Lanxi
3038,9736,高淳,Gaochun
3039,9762,义乌,Yiwu
3040,12011,合水,Heshui
3041,12678,于潜,Yuqian
3042,9742,兴化,Xinghua
3043,9741,东台,Dongtai
3044,9952,邳县,Peixian
3045,9685,于潜,Yuqian
3046,9699,上虞,Shangyu
3047,302288,杭州左卫,Hangzhou zuo wei
3048,12673,钱江,Qianjiang
3049,12250,襄陵,Xiangling
3050,100368,武康,Wukang
3051,9697,余姚,Yuyao
3052,12679,新登,Xindeng
3053,10619,辉南,Huinan
3054,10620,泰康,Taikang
3055,9695,绍兴,Shaoxing
3056,12684,昭德,Zhaode
3057,9694,象山,Xiangshan
3058,12685,南新,Nanxin
3059,9693,慈溪,Cixi
3060,9696,诸暨,Zhuji
3061,9738,泰县,Taixian
3062,101137,仪真郡,Yizhen jun
3063,12680,新城,Xincheng
3064,9250,黄岩,Huangyan
3065,13720,功羁縻州,Gong Jimizhou
3066,10785,铁岭,Tieling
3067,12682,横山,Hengshan
3068,12683,昌化,Changhua
3069,12677,富阳,Fuyang
3070,9755,安吉,Anji
3071,9771,淳安,Chun'an
3072,12674,仁和,Renhe
3073,9751,开化,Kaihua
3074,13734,罗嵩羁縻州,Luosong Jimizhou
3075,500029,满洲,Manchuria
3076,30065,安远军节度,Anyuan junjiedu
3077,100399,沅江,Yuanjiang
3078,400497,殷国,Yin guo
3079,13197,湘阴,Xiangyin
3080,400484,梁国,Liang guo
3081,500006,沙陀,Shatuo Turk domain
3082,400494,韩国,Han guo
3083,303653,吐蕃诸部,Tibetan Tribes
3084,400486,蜀国,Shu guo
3085,500032,葡萄牙,Portuguese
3086,500031,比利时,Belgium
3087,500015,朝鲜,Choson
3088,500035,美国,United States of America
3089,500004,高丽,Koryo
3090,400488,大圣周,DashengZhou
3091,500013,琉球国,Ryukyu
3092,100616,云梦,Yunmeng
3093,100202,成安,Chengan
3094,10204,阜宁,Funing
3095,500025,突厥,TurkicTribes
3096,400483,霍国,Huo guo
3097,100114,孝感,Xiaogan
3098,400498,相国,Xiang guo
3099,400485,信国,Xin guo
3100,12500,海州海岸海水,Haizhou Coastal Waters
3101,101055,蛮部,Aboriginal Tribal Lands
3102,400490,吴国,Wu guo
3103,100198,应山,Yingshan
3104,10205,宝应,Baoying
3105,100197,应城,Yingcheng
3106,400482,光国,Guang guo
3107,100501,繁昌,Fanchang
3108,400481,福国,Fu guo
3109,100122,安陆,Anlu
3110,11740,北平,Beiping
3111,303662,瓦剌,Oriat
3112,100589,巨鹿,Julu
3113,11738,望都,Wangdu
3114,11734,安喜,Anxi
3115,11743,陉邑,Xingyi
3116,100024,任县,Rencheng
3117,500028,蒙古,Menggu (Mongolia)
3118,100054,南和,Nanhe
3119,11736,曲阳,Quyang
3120,13655,清川,Qingchuan
3121,13300,灵池,Lingchi
3122,11471,灵河,Linghe
3123,100668,石泉,Shiquan
3124,100482,神泉,Shenquan
3125,101053,吐蕃诸部,Tufan Tribes
3126,500002,天竺,Tianzhu (India)
3127,500001,中印度,Middle India
3128,500014,热尔玛尼亚国(日耳曼),Germania
3129,100199,怀仁,Huairen
3130,101054,西夏,Xi Xia
3131,500007,西域,Western Regions
3132,100642,黎阳,Liyang
3133,30102,义武军节度,Yiwu junjiedu
3134,30050,定武军节度,Dingwu junjiedu
3135,100454,无极,Wuji
3136,100092,尧山,Yaoshan
3137,500020,南策,Nance (in Vietnam)
3138,100071,南丰,Nanfeng
3139,18954,吴越,Wuyue
3140,100007,上高,Shanggao
3141,9701,新昌,Xinchang
3142,100564,通山,Tongshan
3143,9683,临安,Lin'an
3144,9688,昌化,Changhua
3145,100387,永泰,Yongtai
3146,100557,贵平,Guiping
3147,9251,温岭,Wenling
3148,13075,新化,Xinhua
3149,9712,平湖,Pinghu
3150,13077,莳竹,Shizhu
3151,10574,三门,Sanmen
3152,9294,丽水,Lishui
3153,100055,南城,Nancheng
3154,9256,文成,Wencheng
3155,302250,洪塘湖屯田千户所,Hongtanghu tuntian qianhusuo
3156,12984,新昌,Xinchang
3157,12711,海盐,Haiyan
3158,100535,万载,Wanzai
3159,9684,富阳,Fuyang
3160,100633,高安,Gaoan
3161,14479,于阗,Yutian
3162,100001,三江,Sanjiang
3163,9257,平阳,Pingyang
3164,100333,会同,Huitong
3165,13291,成都,Chengdu
3166,9301,龙泉,Longquan
3167,9297,松阳,Songyang
3168,100460,玉沙,Yusha
3169,100590,银川城,Yinchuan Cheng
3170,500017,廓尔喀,(Nepal)
3171,14476,黑汗,Heihan
3172,500016,暹逻国,Siam (Thailand)
3173,500018,南掌国,Nanzhang (Laos)
3174,500036,义大利,Italy
3175,100424,清江,Qingjiang
3176,500030,占城,Champa
3177,100130,宛丘,Wanqiu
3178,14474,西州回鹘,Xizhou Huihu
3179,100629,项城,Hancheng
3180,100089,商水,Shangshui
3181,12086,银川城,Yinchuan Cheng
3182,12087,银川城,Yinchuan Cheng
3183,100547,卫县,Wei Xian
3184,400840,梁州都督府,Liangzhou Dudufu
3185,500026,交州,Jiaozhou (Northern Vietnam)
3186,14477,黑汗,Heihan
3187,101138,魏郡,Wei jun
3188,14478,于阗,Yutian
3189,14475,西州回鹘,Xizhou Huihu
3190,500033,法国,France
3191,100097,大名,Daming
3192,6748,鞑靼,Dada
3193,500008,日本国,Japan
3194,500009,安南国,Annan (Vietnam)
3195,500010,荷兰国,Holland
3196,11193,禹城,Yucheng
3197,500012,苏禄国,Sulu (phillipines)
3198,500034,英国,Britain
3199,6754,朵豁剌惕,Duohuolati
3200,500005,交趾,Jiaozhi (Northern Vietnam)
3201,6752,亦力把里,Yilibali
3202,6750,土鲁番,Tulufan
3203,500011,西洋,Europe
3204,100073,南顿,Nandun
3205,10770,营口市,Yingkou shi
3206,100220,新郑,Xinzheng
3207,10523,清原,Qingyuan
3208,10795,复县,Fu Xian
3209,13731,南宁羁縻州,Nanning Jimizhou
3210,10789,辽中,Liaozhong
3211,13730,邦羁縻州,Bang Jimizhou
3212,10790,海城,Haicheng
3213,13717,洋羁縻州,Yang Jimizhou
3214,10636,泰来,Tailai
3215,100050,剑门,Jianmen
3216,10791,沈阳,Shenyang
3217,9166,定安,Ding'an
3218,9167,临高,Lin'gao
3219,13710,洪都,Hongdu
3220,10792,新民,Xinmin
3221,9165,琼山,Qiongshan
3222,9160,感恩,Ganen
3223,10635,景星,Jingxing
3224,11818,昭庆,Zhaoqing
3225,10987,齐齐哈尔市,Qiqihaer shi
3226,100636,高邑,Gaoyi
3227,9723,江阴,Jiangyin
3228,10648,呼兰,Hulan
3229,13728,庄羁縻州,Zhuang Jimizhou
3230,9719,昆山,Kunshan
3231,100625,青苑,Qingyuan
3232,11950,丰林,Fenglin
3233,9704,川沙,Chuansha
3234,100630,顺安军,Shunan Jun
3235,9705,南汇,Nanhui
3236,13488,合江,Hejiang
3237,13714,务川城,Wuchuan Cheng
3238,13639,长举,Changju
3239,100440,荥阳,Xingyang
3240,13615,武连,Wulian
3241,10624,大赉,Dalai
3242,13713,都濡,Duru
3243,9718,嘉定,Jiading
3244,10649,兰西,Lanxi
3245,11518,颍上,Yingshang
3246,100338,束城,Shucheng
3247,9168,澄迈,Chengmai
3248,100359,乐寿,Leshou
3249,11624,河间,Hejian
3250,11629,景城,Jingcheng
3251,500027,狮子国,Simhalauipa (Sri Lanka)
3252,500024,日本,Japan
3253,500022,新罗,Silla
3254,500021,印度,India
3255,11239,莱芜,Laiwu
3256,400886,汉中郡都督府,Hanzhongjun Dudufu
3257,10136,广平,Guangping
3258,100537,蒲阴,Puyin
3259,11737,唐县,Tang Xian
3260,11519,沈丘,Shenqiu
3261,11232,奉符,Fengfu
3262,11739,新乐,Xinle
3263,100488,程乡,Chengxiang
3264,100077,原武,Yuanwu
3265,10687,抚松,Fusong
3266,13732,和武羁縻州,Hewu Jimizhou
3267,10688,蒙江,Mengjiang
3268,11517,万寿,Wanshou
3269,10209,沭阳,Shuyang
3270,10686,长白,Changbai
3271,13637,顺政,Shunzheng
3272,10634,木兰,Mulan
3273,10626,肇州,Zhaozhou
3274,100339,东光,Dongguang
3275,100646,龙安,Longan
3276,100013,干宁,Qianning
3277,100393,汝阴,Ruyin
3278,400855,西州都督府,Xizhou Dudufu
3279,400853,凉州都督府,Liangzhou Dudufu
3280,400854,瓜州都督府,Guazhou Dudufu
3281,400802,瓜州总管府,Guazhou Zongguanfu
3282,400801,凉州总管府,Liangzhou Zongguanfu
3283,9706,金山,Jinshan
3284,10207,连云市,Lianyun shi
3285,100162,巴陵,Baling
3286,500019,俄罗斯国,Russia
3287,30086,永清军节度,Yongqing junjiedu
3288,271,红河哈尼族彝族自治州,Honghe Hani-Yi Zizhizhou
3289,285,日喀则地区,Rikaze Diqu
3290,71,兴安盟,Xing'an Meng
3291,37,北京市县,Beijing Shixian
3292,334,北京市辖区,Beijing Shixiaqu
3293,38,天津市县,Tianjin Shixian
3294,335,天津市辖区,Tianjin Shixiaqu
3295,41,秦皇岛市,Qinhuangdao Shi
3296,68,乌海市,Wuhai Shi
3297,63,忻州地区,Xinzhou Diqu
3298,78,沈阳市,Shenyang Shi
3299,91,锦西市,Jinxi Shi
3300,94,四平市,Siping Shi
3301,99,延边朝鲜族自治州,Yanbian Chaoxian Zizhizhou
3302,98,白城地区,Baicheng Diqu
3303,114,无锡市,Wuxi Shi
3304,10145,安平,Anping
3305,103,鹤岗市,Hegang Shi
3306,60,长治市,Changzhi Shi
3307,49,邯郸地区,Handan Diqu
3308,77,阿拉善盟,Alashan Meng
3309,66,临汾地区,Linfen Diqu
3310,59,阳泉市,Yangquan Shi
3311,52,保定地区,Baoding Diqu
3312,61,晋城市,Jincheng Shi
3313,189,黄冈地区,Huanggang Diqu
3314,57,太原市,Taiyuan Shi
3315,274,西双版纳  族自治州,Xishuangbanna Dai Zizhizhou
3316,362,包头,Baotou
3317,70,沍伦贝尔盟,Hulunbei'er Meng
3318,72,哲里木盟,Zhelimu Meng
3319,56,衡水地区,Hengshui Diqu
3320,333,呼和浩特市,Huhehaote Shi
3321,40,唐山市,Tangshan Shi
3322,105,大庆市,Daqing Shi
3323,51,石家庄地区,Shijiazhuang Diqu
3324,73,锡林郭勒盟,Xilinguole Meng
3325,83,丹东市,Dandong Shi
3326,364,上海,Shanghai
3327,117,盐城市,Yancheng Shi
3328,116,连云港市,Lianyungang Shi
3329,347,南京市,Nanjing Shi
3330,115,南通市,Nantong Shi
3331,100,哈尔滨市,Ha'erbin Shi
3332,79,大连市,Dalian Shi
3333,106,伊春市,Yichun Shi
3334,80,鞍山市,Anshan Shi
3335,90,朝阳市,Chaoyang Shi
3336,89,铁岭市,Tieling Shi
3337,88,盘锦市,Panjin Shi
3338,87,辽阳市,Liaoyang Shi
3339,86,阜新市,Fuxin Shi
3340,85,营口市,Yingkou Shi
3341,108,七台河市,Qitaihe Shi
3342,287,阿里地区,Ali Diqu
3343,109,松花江地区,Songhuajiang Diqu
3344,270,玉溪地区,Yuxi Diqu
3345,95,辽源市,Liaoyuan Shi
3346,272,文山壮族苗族自治州,Wenshan Zhuang-Miao Zizhizhou
3347,273,思茅地区,Simao Diqu
3348,383,林芝,Linzhi
3349,113,上海市县,Shanghai Shixian
3350,284,山南地区,Shannan Diqu
3351,112,大兴安岭地区,Daxing'anling Diqu
3352,385,宝鸡,Baoji
3353,282,拉萨市,Lasa Shi
3354,266,昆明市,Kunming Shi
3355,10128,巨鹿,Julu
3356,269,楚雄彝族自治州,Chuxiong Yi Zizhizhou
3357,69,赤峰市,Chifeng Shi
3358,97,浑江市,Hunjiang Shi
3359,283,昌都地区,Changdu Diqu
3360,10216,郑县,Zheng Xian
3361,386,咸阳,Xianyang
3362,10168,满城,Mancheng
3363,10864,都山设治局,Dushan shezhiju
3364,10166,永清,Yongqing
3365,10176,宁津,Ningjin
3366,10304,滨县,Bin Xian
3367,10170,密云,Miyun
3368,10303,武安,Wu'an
3369,10171,清丰,Qingfeng
3370,10861,良乡,Liangxiang
3371,10860,定兴,Dingxing
3372,10301,磁县,Ci Xian
3373,10867,唐山市,Tangshan shi
3374,10065,遂平,Suiping
3375,10631,布特哈旗,Buteha qi
3376,10630,莫力达瓦旗,Molidawa qi
3377,10302,邯郸,Handan
3378,10702,新巴尔虎右翼旗,Xinbaerhuyouyi qi
3379,10165,文安,Wen'an
3380,10858,固安,Gu'an
3381,10709,胪滨,Lubin
3382,10708,室韦,Shiwei
3383,10632,阿荣旗,Arong qi
3384,10706,呼伦,Hulun
3385,10169,完县,Wan Xian
3386,10704,额尔古纳左翼旗,E'erguna zuoyi qi
3387,10653,布西,Buxi
3388,10505,定边,Dingbian
3389,10696,索伦,Suolun
3390,10308,大城,Dacheng
3391,10707,奇干,Jiqian
3392,10299,青县,Qing Xian
3393,10173,观城,Guancheng
3394,10183,献县,Xian Xian
3395,10652,雅鲁,Yalu
3396,107,佳木斯市,Jiamusi Shi
3397,44,保定市,Baoding Shi
3398,45,张家口市,Zhangjiakou Shi
3399,42,邯郸市,Handan Shi
3400,47,沧州市,Cangzhou Shi
3401,54,承德地区,Chengde Diqu
3402,76,巴彦淖尔盟,Bayannao'er Meng
3403,10556,德昌,Dechang
3404,55,沧州地区,Cangzhou Diqu
3405,39,石家庄市,Shijiazhuang Shi
3406,92,长春市,Changchun Shi
3407,96,通化市,Tonghua Shi
3408,101,齐齐哈尔市,Qiqiha'er Shi
3409,363,牧丹江,Mudanjiang
3410,102,鸡西市,Jixi Shi
3411,111,黑河地区,Heihe Diqu
3412,82,本溪市,Benxi Shi
3413,50,邢台地区,Xingtai Diqu
3414,10014,淄川,Zichuan
3415,110,绥化地区,Suihua Diqu
3416,10058,宁陵,Ningling
3417,10712,干宁,Qianning
3418,10066,息县,Xi Xian
3419,10510,天津,Tianjin
3420,10064,新蔡,Xincai
3421,10063,上蔡,Shangcai
3422,43,邢台市,Xingtai Shi
3423,10061,汝南,Ru'nan
3424,74,乌兰察布盟,Wulanchabu Meng
3425,10086,南乐,Nanle
3426,10705,额尔古纳右翼旗,E'erguna youyi qi
3427,10296,行唐,Xingtang
3428,10701,新巴尔虎左翼旗,Xinbaerhuzuoyi qi
3429,48,廊坊市,Langfang Shi
3430,53,张家口地区,Zhangjiakou Diqu
3431,10162,雄县,Xiong Xian
3432,10062,西平,Xiping
3433,353,南昌市,Nanchang Shi
3434,46,承德市,Chengde Shi
3435,175,濮阳市,Puyang Shi
3436,176,漯河市,Luohe Shi
3437,186,沙市市,Shashi Shi
3438,377,宜昌,Yichang
3439,178,商邱地区,Shangqiu Diqu
3440,180,驻马店地区,Zhumadian Diqu
3441,356,鹰潭市,Yingtan Shi
3442,177,三门峡市,Sanmenxia Shi
3443,346,九江市,Jiujiang Shi
3444,171,平顶山市,Pingdingshan Shi
3445,252,南充地区,Nanchong Diqu
3446,188,荆门市,Jingmen Shi
3447,238,成都市,Chengdu Shi
3448,2523,琼中黎族苗族自治县,Qiongzhong Li-Miao Zizhixian
3449,2521,琼海,Qionghai
3450,156,枣庄市,Zaozhuang Shi
3451,375,鹤壁,Hebi
3452,84,锦州市,Jinzhou Shi
3453,64,吕粱地区,Luliang Diqu
3454,384,铜川,Tongchuan
3455,164,德州地区,Dezhou Diqu
3456,173,新乡市,Xinxiang Shi
3457,58,大同市,Datong Shi
3458,174,焦作市,Jiaozuo Shi
3459,376,许昌,Xuchang
3460,2516,临高,Lin'gao
3461,181,南阳地区,Nanyang Diqu
3462,179,周口地区,Zhoukou Diqu
3463,151,吉安地区,Ji'an Diqu
3464,172,安阳市,Anyang Shi
3465,159,潍坊市,Weifang Shi
3466,182,信阳地区,Xinyang Diqu
3467,365,徐州,Xuzhou
3468,168,郑州市,Zhengzhou Shi
3469,192,荆州地区,Jingzhou Diqu
3470,228,南宁地区,Nanning Diqu
3471,215,茂名市,Maoming Shi
3472,379,郧阳,Yunyang
3473,195,鄂西土家族苗族自治州,Exi Tujia-Miao Zizhizhou
3474,190,孝感地区,Xiaogan Diqu
3475,185,十堰市,Shiyan Shi
3476,2520,儋县,Dan Xian
3477,183,武汉市,Wuhan Shi
3478,246,遂宁市,Suining Shi
3479,380,长沙,Changsha
3480,191,咸宁地区,Xianning Diqu
3481,341,常德市,Changde Shi
3482,205,怀北地区,Huaibei Diqu
3483,378,襄樊,Xiangfan
3484,201,益阳地区,Yiyang Diqu
3485,297,酒泉地区,Jiuquan Diqu
3486,184,黄石市,Huangshi Shi
3487,2512,琼山,Qiongshan
3488,75,伊克昭盟,Yikezhao Meng
3489,2515,澄迈,Chengmai
3490,2513,白沙黎族自治县,Baisha Li Zizhixian
3491,248,乐山市,Leshan Shi
3492,382,黔江,Qianjiang
3493,196,株洲市,Zhuzhou Shi
3494,251,宜宾地区,Yibin Diqu
3495,213,江门市,Jiangmen Shi
3496,249,万县地区,Wanxian Diqu
3497,187,鄂州市,Ezhou Shi
3498,247,内江市,Neijiang Shi
3499,243,德阳市,Deyang Shi
3500,224,柳州市,Liuzhou Shi
3501,242,泸州市,Luzhou Shi
3502,203,彬州地区,Chenzhou Diqu
3503,293,榆林地区,Yulin Diqu
3504,2518,保亭黎族苗族自治县,Baoting Li-Miao Zizhixian
3505,2517,定安,Ding'an
3506,124,金华市,Jinhua Shi
3507,361,雁北,Yanbei
3508,143,巢湖地区,Chaohu Diqu
3509,371,池州,Chizhou
3510,131,蚌埠市,Bengbu Shi
3511,132,淮南市,Huainan Shi
3512,120,温州市,Wenzhou Shi
3513,125,衢州市,Quzhou Shi
3514,154,青岛市,Qingdao Shi
3515,374,宜春,Yichun
3516,141,六安地区,Lu'an Diqu
3517,9829,白水,Baishui
3518,129,合肥市,Hefei Shi
3519,144,安庆地区,Anqing Diqu
3520,142,宣城地区,Xuancheng Diqu
3521,140,滁县地区,Chuxian Diqu
3522,139,宿县地区,Suxian Diqu
3523,170,洛阳市,Luoyang Shi
3524,121,嘉兴市,Jiaxing Shi
3525,67,运城地区,Yuncheng Diqu
3526,81,抚顺市,Fushun Shi
3527,122,湖州市,Huzhou Shi
3528,367,苏州,Suzhou
3529,368,淮阴,Huaiyin
3530,127,丽水地区,Lishui Diqu
3531,370,镇江,Zhenjiang
3532,130,芜湖市,Wuhu Shi
3533,119,宁波市,Ningbo Shi
3534,118,杭州市,Hangzhou Shi
3535,123,绍兴市,Shaoxing Shi
3536,128,台州地区,Taizhou Diqu
3537,62,朔州市,Shuozhou Shi
3538,133,马鞍山市,Ma'anshan Shi
3539,348,福州市,Fuzhou Shi
3540,369,扬州,Yangzhou
3541,152,抚州地区,Fuzhou Diqu
3542,104,双鸭山市,Shuangyashan Shi
3543,148,赣州地区,Ganzhou Diqu
3544,155,淄博市,Zibo Shi
3545,336,日照市,Rizhao Shi
3546,157,东营市,Dongying Shi
3547,167,渮泽地区,Heze Diqu
3548,137,黄山市,Huangshan Shi
3549,165,聊城地区,Liaocheng Diqu
3550,163,惠民地区,Huimin Diqu
3551,160,济宁市,Jining Shi
3552,340,萍乡市,Pingxiang Shi
3553,162,威海市,Weihai Shi
3554,161,泰安市,Tai'an Shi
3555,373,景德镇,Jingdezhen
3556,158,烟台市,Yantai Shi
3557,65,晋中地区,Jinzhong Diqu
3558,166,临沂地区,Linyi Diqu
3559,134,淮北市,Huaibei Shi
3560,93,吉林市,Jilin Shi
3561,146,宁德地区,Ningde Diqu
3562,366,常州,Changzhou
3563,138,阜阳地区,Fuyang Diqu
3564,149,宜春地区,Yichun Diqu
3565,352,漳州市,Zhangzhou Shi
3566,351,泉州市,Quanzhou Shi
3567,150,上饶地区,Shangrao Diqu
3568,349,厦门市,Xiamen Shi
3569,153,济南市,Ji'nan Shi
3570,145,建阳地区,Jianyang Diqu
3571,126,舟山市,Zhoushan Shi
3572,147,龙岩地区,Longyan Diqu
3573,372,莆田,Putian
3574,169,开封市,Kaifeng Shi
3575,135,铜陵市,Tongling Shi
3576,136,安庆市,Anqing Shi
3577,350,三明市,Sanming Shi
3578,10241,潢川,Huanchuan
3579,10130,广宗,Guangzong
3580,10126,邢台,Xingtai
3581,10284,福山,Fushan
3582,10139,鸡泽,Jize
3583,10857,涿县,Zhuoxian
3584,10276,沂水,Yishui
3585,10157,武邑,Wuyi
3586,10286,荣成,Rongcheng
3587,10156,景县,Jing Xian
3588,10514,临榆,Linyu
3589,10360,顺义,Shunyi
3590,10330,沔县,Mian Xian
3591,10329,吴堡,Wubao
3592,10111,徐水,Xushui
3593,10134,沙河,Shahe
3594,10149,望都,Wangdu
3595,10158,衡水,Hengshui
3596,10287,威海卫,Weihaiwei shi
3597,10148,无极,Wuji
3598,10278,峄县,Yi Xian
3599,10140,清苑,Qingyuan
3600,10138,肥乡,Feixiang
3601,10135,永年,Yongnian
3602,10161,新河,Xinhe
3603,10153,蠡县,Li Xian
3604,10154,博野,Boye
3605,10155,冀县,Ji Xian
3606,10852,丰润,Fengrun
3607,10841,宛平,Wanping
3608,10142,束鹿,Shulu
3609,3884,防州,Fang Zhou
3610,10110,泗水,Sishui
3611,10851,遵化,Zunhua
3612,10244,光山,Guangshan
3613,10282,蓬莱,Penglai
3614,10848,房山,Fangshan
3615,10558,龙武,Longwu
3616,10107,泰安,Tai'an
3617,10842,安次,Anci
3618,10843,通县,Tongxian
3619,10844,宝坻,Baodi
3620,10845,香河,Xianghe
3621,10836,涞源,Laiyuan
3622,10846,昌平,Changping
3623,10180,无棣,Wudi
3624,10179,新海设治局,Xinhai shezhi ju
3625,10115,隆平,Longping
3626,10277,费县,Fei Xian
3627,10849,三河,Sanhe
3628,10016,高苑,Gaoyuan
3629,3900,铁利府,Tieli Fu
3630,101130,英州,Ying Zhou
3631,101132,宜州,Yi Zhou
3632,10109,曲阜,Qufu
3633,101088,杭州,Hang Zhou
3634,10108,莱芜,Laiwu
3635,10328,安定,Anding
3636,10185,肃宁,Suning
3637,101121,黔州,Qian Zhou
3638,10280,日照,Rizhao
3639,10114,柏乡,Baixiang
3640,10163,容城,Rongcheng
3641,2937,庆州,Qing Zhou
3642,10133,任县,Renxian
3643,10137,曲周,Quzhou
3644,10225,伊阳,Yiyang
3645,10235,伊川,Yichuan
3646,2946,云中,Yunzhong
3647,101029,江宁府,Jiangning Fu
3648,400326,安西北庭军节度,Anxi beiting Jiedu
3649,2931,临潢府,Linhuang Fu
3650,400324,安西军节度,Anxi Jiedu
3651,400760,建安州都督府,Jiananzhou Duhufu
3652,10228,洛宁,Luoning
3653,10231,密县,Mi Xian
3654,10232,登封,Dengfeng
3655,10144,武强,Wuqiang
3656,10234,罗山,Luoshan
3657,2839,胡里改路,Huligai Lu
3658,10226,嵩县,Song Xian
3659,9681,杭州市,Hangzhou shi
3660,10230,新安,Xin'an
3661,10220,新郑,Xinzheng
3662,10189,吴桥,Wuqiao
3663,10222,偃师,Yanshi
3664,10229,渑池,Mianchi
3665,400474,唐代封国,Tang Enfoeffments
3666,400762,哥勿州都督府,Gewuzhou Duhufu
3667,10237,叶县,Yexian
3668,10177,南皮,Nanpi
3669,10221,洛阳,Luoyang
3670,400752,邕管经略,Yongguan jinglue
3671,303659,河中,Hezhong
3672,400321,山南西道,Shannan xidao
3673,10224,巩县,Gong Xian
3674,10275,临沂,Linyi
3675,10853,玉田,Yutian
3676,3883,维州,Wei Zhou
3677,10854,平谷,Pinggu
3678,10147,定县,Ding Xian
3679,10859,新城,Xincheng
3680,10223,孟津,Mengjin
3681,10159,南宫,Nangong
3682,10259,涉县,Shexian
3683,10246,卢氏,Lushi
3684,10245,灵宝,Lingbao
3685,10850,蓟县,Jixian
3686,10855,易县,Yixian
3687,10298,阜平,Fuping
3688,10141,深县,Shen Xian
3689,10233,信阳,Xinyang
3690,10847,武清,Wuqing
3691,10238,宝丰,Baofeng
3692,10181,河间,Hejian
3693,10172,濮阳,Puyang
3694,10279,新泰,Xintai
3695,3901,安定府,Anding Fu
3696,10281,蒙阴,Mengyin
3697,10856,涞水,Laishui
3698,10164,霸县,Ba Xian
3699,10187,阜城,Fucheng
3700,10152,曲阳,Quyang
3701,10236,襄城,Xiangcheng
3702,10174,沧县,Cang Xian
3703,10339,惠水,Huishui
3704,10068,正阳,Zhengyang
3705,10151,唐县,Tang Xian
3706,10059,虞城,Yucheng
3707,10321,宁河,Ninghe
3708,10722,得荣,Derong
3709,10307,利津,Lijin
3710,10188,陵县,Ling Xian
3711,4365,北平行都指挥使司,Beiping Xingduzhihuishisi
3712,10146,高阳,Gaoyang
3713,10160,枣强,Zaoqiang
3714,10320,安新,Anxin
3715,10125,林县,Lin Xian
3716,10129,平乡,Pingxiang
3717,10124,临漳,Linzhang
3718,10184,交河,Jiaohe
3719,21043,台湾省,Taiwan sheng
3720,10143,饶阳,Raoyang
3721,10178,乐陵,Leling
3722,10219,原武,Yuanwu
3723,10306,霑化,Zhanhua
3724,21041,辽宁省,Liaoning sheng
3725,400758,燕然都护府,Yanran Duhufu
3726,400753,河东军节度,Hedong jiedu
3727,10186,东光,Dongguang
3728,10863,卢龙,Lulong
3729,10239,鲁山,Lushan
3730,10866,昌黎,Changli
3731,10120,深泽,Shenze
3732,10865,迁安,Qian'an
3733,10880,米脂,Mizhi
3734,10879,清涧,Qingjian
3735,10878,绥德,Suide
3736,10877,靖边,Jingbian
3737,400749,岭南五府经略,Lingnan wufu jinglue
3738,10868,乐亭,Leting
3739,400759,新城州都督府,Xinchengzhou Duhufu
3740,10182,故城,Gucheng
3741,400754,桂管经略,Guiguan jinglue
3742,400755,容管经略,Rongguan jinglue
3743,10305,蒲台,Putai
3744,10875,横山,Hengshan
3745,10167,新镇,Xinzhen
3746,10175,庆云,Qingyun
3747,21002,黑龙江省,Heilongjiang Sheng
3748,10069,汲县,Ji Xian
3749,10713,瞻化,Zhanhua
3750,10840,北平市,Beiping shi
3751,10096,成安,Cheng'an
3752,10091,夏津,Xiajin
3753,10088,冠县,Guan Xian
3754,10112,赵县,Zhao Xian
3755,10150,新乐,Xinle
3756,10121,晋县,Jin Xian
3757,10106,宁阳,Ningyang
3758,10119,安国,Anguo
3759,10117,赞皇,Zanhuang
3760,10116,临城,Lincheng
3761,10089,莘县,Shen Xian
3762,10288,栖霞,Qixia
3763,10131,南和,Nanhe
3764,10090,朝城,Chaocheng
3765,10085,威县,Weixian
3766,9998,济阳,Jiyang
3767,10002,益都,Yidu
3768,10007,广饶,Guangrao
3769,10019,潍县,Wei Xian
3770,10004,临朐,Linqu
3771,9997,临邑,Linyi
3772,9996,齐河,Qihe
3773,10001,章邱,Zhangqiu
3774,10076,恩县,En Xian
3775,24,贵州省,Guizhou Sheng
3776,100593,长林,Changlin
3777,100670,鄢陵,Yanling
3778,21224,安徽省诸道区,
3779,100524,兴山,Xingshan
3780,101004,曹州,Cao Zhou
3781,100592,铜鞮,Tongdi
3782,9991,青岛市,Qingdao shi
3783,100641,黎城,Licheng
3784,100510,胶西,Jiaoxi
3785,9990,高密,Gaomi
3786,10283,蓬莱,Penglai
3787,10132,内邱,Neiqiu
3788,100661,中牟,Zhongmou
3789,10832,浑源,Hunyuan
3790,400489,归义国,Guiyi guo
3791,9868,交城,Jiaocheng
3792,9661,虔南,Qiannan
3793,9846,孝义,Xiaoyi
3794,9906,隰县,Xi Xian
3795,9591,资溪,Zixi
3796,9515,奉新,Fengxin
3797,9651,赣县,Ganxian
3798,9862,徐沟,Xugou
3799,10831,山阴,Shanyin
3800,9847,介休,Jiexiu
3801,9616,永新,Yongxin
3802,21226,山西省诸道区,
3803,9662,龙南,Longnan
3804,10828,朔县,Shuo Xian
3805,10013,寿张,Shouzhang
3806,9993,济南市,Ji'nan shi
3807,9670,崇义,Chongyi
3808,100658,开封,Kaifeng
3809,10021,昌邑,Changyi
3810,10020,昌乐,Changle
3811,9983,招远,Zhaoyuan
3812,9999,肥城,Feicheng
3813,24003,鹤羁縻州,He Zhou
3814,100487,秭归,Zigui
3815,21212,新疆省诸道区,
3816,100360,乐平,Leping
3817,21233,湖南省诸道区,
3818,101063,永静军,Yongjing Jun
3819,100222,昌化,Changhua
3820,101057,郓州,Yun Zhou
3821,30042,忠武军节度,Zhongwu junjiedu
3822,21228,山东省诸道区,
3823,100148,将利,Jiangli
3824,21232,四川省诸道区,
3825,100182,建宁,Jianning
3826,101065,信安军,Xinan Jun
3827,100441,汉川,Hanchuan
3828,9302,庆元,Qingyuan
3829,9527,安康,Ankang
3830,101058,应天府,Yingtian Fu
3831,100172,平阳,Pingyang
3832,100411,洵阳,Xunyang
3833,100421,涞水,Laishui
3834,21219,陕西省诸道区,
3835,100430,渠江,Qujiang
3836,100404,河池,Hechi
3837,100442,汉阴,Hanyin
3838,101059,兖州,Yan Zhou
3839,21220,湖北省诸道区,Hubei Sheng Zhusheng Qu
3840,21214,贵州省诸道区,
3841,21227,河南省诸道区,
3842,21216,广西省诸道区,
3843,100429,清丰,Qingfeng
3844,101011,陈州,Chen Zhou
3845,101022,天长军,Tianchang Jun
3846,101025,蕲州,Qi Zhou
3847,100464,番禺,Panyu
3848,101006,随州,Sui Zhou
3849,101036,成都府,Chengdu Fu
3850,100656,长垣,Changyuan
3851,21213,察哈尔省诸道区,
3852,8393,花县,Hua Xian
3853,101010,滑州,Hua Zhou
3854,100571,遂溪,Suixi
3855,101080,太原府,Taiyuan Fu
3856,21215,云南省诸道区,
3857,100367,武冈,Wugang
3858,21218,甘肃省诸道区,
3859,100663,封丘,Fengqiu
3860,9863,寿阳,Shouyang
3861,101103,建昌军,Jianchang Jun
3862,100671,酸枣,Suanzao
3863,100477,石首,Shishou
3864,21211,湖北省诸道区,
3865,100349,栗亭,Liting
3866,100350,桂岭,Guiling
3867,30044,昭信军节度,Zhaoxin junjiedu
3868,21231,直隶省诸道区,
3869,100521,临贺,Linhe
3870,21223,江西省诸道区,
3871,101012,大名府,Daming Fu
3872,100672,阳武,Yangwu
3873,100673,龙泉,Longquan
3874,101030,德安府,Dean Fu
3875,20271,高雷阳道,Gaoleiyang Dao
3876,100660,雍丘,Yongqiu
3877,100659,陈留,Chenliu
3878,100450,濮阳,Puyang
3879,101019,海州,Hai Zhou
3880,10285,烟台市,Yantai shi
3881,10787,昌图,Changtu
3882,10352,辽源,Liaoyuan
3883,10101,阳信,Yangxin
3884,10353,洮南,Taonan
3885,10081,堂邑,Tangyi
3886,10675,突泉,Tuquan
3887,9613,永丰,Yongfeng
3888,100503,罗氏部,Luoshi Bu
3889,100451,泸川,Luchuan
3890,10665,抚远,Fuyuan
3891,9658,瑞金,Ruijin
3892,9988,诸城,Zhucheng
3893,9987,平度,Pingdu
3894,9985,莱阳,Laiyang
3895,13489,泾南,Jingnan
3896,9995,禹城,Yucheng
3897,10079,聊城,Liaocheng
3898,10679,洮安,Taoan
3899,10677,瞻榆,Zhanyu
3900,9986,海阳,Haiyang
3901,10542,锦西,Jinxi
3902,101157,义成军节度,Yicheng Jun
3903,10541,盘山,Panshan
3904,10803,绥中,Suizhong
3905,10801,义县,Yixian
3906,13496,富义,Fuyi
3907,100061,南广部,Nanguang Bu
3908,10802,锦州市,Jinzhou shi
3909,302151,汉中守御千户所,Hanzhong shouyu qianhusuo
3910,11814,平棘,Pingji
3911,13613,梓潼,Zitong
3912,100038,僰道,Bodao
3913,10660,密山,Mishan
3914,10516,本溪,Benxi
3915,100628,韦城,Weicheng
3916,13616,普城,Pucheng
3917,10517,抚顺,Fushun
3918,21230,奉天省诸道区,
3919,13487,江安,Jiang'an
3920,10800,陵源,Lingyuan
3921,9734,句容,Jurong
3922,10781,宁安,Ningan
3923,9707,奉贤,Fengxian
3924,13619,临津,Linjin
3925,9835,新绛,Xinjiang
3926,10793,盖平,Gaiping
3927,10651,札赉特旗,Zhalaite qi
3928,10100,惠民,Huimin
3929,10680,镇东,Zhendong
3930,9516,丰城,Fengcheng
3931,9984,即墨,Jimo
3932,9654,宁都,Ningdu
3933,10691,萝北,Luobei
3934,10667,林口,Linkou
3935,9639,玉山,Yushan
3936,10018,博山,Boshan
3937,9866,文水,Wenshui
3938,10659,勃利,Boli
3939,10098,平原,Pingyuan
3940,10350,科尔沁左翼后旗,Keerqinzuoyihou qi
3941,10097,德县,De Xian
3942,10094,清平,Qingping
3943,9657,会昌,Huichang
3944,9409,宁强,Ningqiang
3945,9617,莲花,Lianhua
3946,9994,长清,Changqing
3947,10008,东平,Dongping
3948,9992,莒县,Ju Xian
3949,9615,安福,Anfu
3950,10000,桓台,Huantai
3951,10092,临清,Linqing
3952,10213,平陆,Pinglu
3953,9838,翼城,Yicheng
3954,9848,灵石,Lingshi
3955,10214,芮城,Ruicheng
3956,9655,兴国,Xingguo
3957,9618,宁冈,Ninggang
3958,9867,盂县,Yu Xian
3959,9989,安邱,Anqiu
3960,10664,饶河,Raohe
3961,10663,虎林,Hulin
3962,10662,同江,Tongjiang
3963,10104,邹县,Zou Xian
3964,10093,邱县,Qiu Xian
3965,10349,彰武,Zhangwu
3966,10661,宝清,Baoqing
3967,10103,滋阳,Ziyang
3968,10615,西丰,Xifeng
3969,9219,宁洋,Ningyang
3970,9612,吉安,Ji'an
3971,10638,鹤立,Heli
3972,10658,依兰,Yilan
3973,10657,佳木斯市,Jiamusi shi
3974,10099,德平,Deping
3975,10666,富锦,Fujin
3976,10102,商河,Shanghe
3977,10639,通河,Tonghe
3978,30025,安国军节度,Anguo junjiedu
3979,21057,海南特别行政区,Hainan tebie xingzhengqu
3980,11142,青州,Qing Zhou
3981,21217,广东省诸道区,
3982,5971,米易所,Miyi Suo
3983,100476,石泉,Shiquan
3984,21234,热河省诸道区,
3985,30028,忠正军节度,Zhongzheng junjiedu
3986,6805,临江,Linjiang
3987,30018,兴德军节度,Xingde junjiedu
3988,30009,奉国军节度,Fengguo junjiedu
3989,30008,天雄军节度,Tianxiong junjiedu
3990,21225,江苏省诸道区,
3991,303618,海丰守御千户所,Haifeng Shouyuqianhusuo
3992,9408,略阳,Lueyang
3993,6626,新兴所,Xinxing Suo
3994,9826,韩城,Hancheng
3995,6886,通化,Tonghua
3996,6983,开鲁,Kailu
3997,4817,山西行都指挥使司,Shanxi Xingdushihuishisi
3998,7049,硕般多理事官,Shuobanduo Weiyuan
3999,4989,奴ㄦ干都司,Nu'ergan Dusi
4000,7052,绥来,Suilai
4001,21210,黑龙江省诸道区,
4002,6889,奇台,Qitai
4003,9943,延长,Yanchang
4004,6923,泸定桥巡检,Ludingqiao Xunjian
4005,4827,定边卫,Dingbian Wei
4006,7061,承化寺,Chenghua Si
4007,6879,海城,Haicheng
4008,30035,建雄军节度,Jianxiong junjiedu
4009,6761,平远,Pingyuan
4010,8465,崖州,Yaizhou Zhou
4011,9924,扶风,Fufeng
4012,24002,古羁縻州,Gu Zhou
4013,9927,岐山,Qishan
4014,9928,宝鸡,Baoji
4015,9969,嘉祥,Jiaxiang
4016,9834,铜川,Tongchuan
4017,9974,范县,Fan Xian
4018,11151,密州,Mi Zhou
4019,8409,开建,Kaijian
4020,9966,沈丘,Shenqiu
4021,9959,鹿邑,Luyi
4022,9925,郿县,Mei Xian
4023,9932,鄜县,Fu Xian
4024,9945,甘泉,Ganquan
4025,9946,延川,Yanchuan
4026,9951,滕县,Teng Xian
4027,9953,郯城,Tancheng
4028,9939,永寿,Yongshou
4029,9944,安塞,Ansai
4030,6549,潞江安抚司,Lujiang Anfusi
4031,9099,广州市,Guangzhou Shi
4032,6803,辽源州,Liaoyuan Zhou
4033,9586,镇平,Zhenping
4034,6794,安东,Andong
4035,12046,丹州,Dan Zhou
4036,12092,凤翔府,Fengxiang Fu
4037,13016,潭州,Tan Zhou
4038,17,河南省,He'nan Sheng
4039,12034,宁州,Ning Zhou
4040,11161,沂州,Yi Zhou
4041,11972,华州,Hua Zhou
4042,11899,灵州,Ling Zhou
4043,11272,濮州,Pu Zhou
4044,12524,滁州,Chu Zhou
4045,12150,渭州,Wei Zhou
4046,12157,原州,Yuan Zhou
4047,12434,扬州,Yang Zhou
4048,12446,亳州,Bo Zhou
4049,12130,陇州,Long Zhou
4050,11570,澶州,Shan Zhou
4051,302282,钱塘卫,Qiantang wei
4052,11520,汝州,Ru Zhou
4053,302182,岳希蓬长官司,Yuexipeng zhangguansi
4054,12117,泾州,Jing Zhou
4055,11347,郢州,Ying Zhou
4056,11962,同州,Tong Zhou
4057,11262,济州,Ji Zhou
4058,11372,河南府,He'nan Fu
4059,11298,襄阳府,Xiangyang Fu
4060,12042,坊州,Fang Zhou
4061,12456,宿州,Su Zhou
4062,11988,邠州,Bin Zhou
4063,11172,莱州,Lai Zhou
4064,12003,解州,Jie Zhou
4065,11167,登州,Deng Zhou
4066,11242,徐州,Xu Zhou
4067,9938,邠县,Bin Xian
4068,6806,辑安,Ji'an
4069,9968,巨野,Juye
4070,6592,小平伐长官司,Xiaopingfa Zhangguansi
4071,9935,陇县,Long Xian
4072,11181,淄州,Zi Zhou
4073,9937,保安,Bao'an
4074,6891,孚远,Fuyuan
4075,7051,江达委员,Jiangda Weiyuan
4076,7044,盐井,Yanjing
4077,6888,怀仁,Huairen
4078,9942,延安,Yan'an
4079,9936,汧阳,Qianyang
4080,11761,怀州,Huai Zhou
4081,6890,阜康,Fukang
4082,13042,道州,Dao Zhou
4083,11780,洺州,Ming Zhou
4084,11789,深州,Shen Zhou
4085,13033,衡州,Heng Zhou
4086,11650,霸州,Ba Zhou
4087,11306,中庐,Zhonglu
4088,9941,宜川,Yichuan
4089,11799,磁州,Ci Zhou
4090,6808,怀德,Huaide
4091,6887,宽甸,Kuandian
4092,5956,德昌千户所,Dechang Qianhusuo
4093,11477,孟州,Meng Zhou
4094,400472,济南,Jinan
4095,100552,西城,Xicheng
4096,9533,石泉,Shiquan
4097,101047,梅州,Mei Zhou
4098,101056,齐州,Qi Zhou
4099,101070,保州,Bao Zhou
4100,101026,光州,Guang Zhou
4101,101034,复州,Fu Zhou
4102,101040,龙州,Long Zhou
4103,101031,岳州,Yue Zhou
4104,101086,通州,Tong Zhou
4105,101071,安肃军,Ansu Jun
4106,101072,永宁军,Yongning Jun
4107,101102,兴国军,Xingguo Jun
4108,101074,延州,Yan Zhou
4109,9530,白河,Baihe
4110,30046,镇南军节度,Zhennan junjiedu
4111,101076,环州,Huan Zhou
4112,11855,静安军,Jing'an Jun
4113,9831,富平,Fuping
4114,33,朝鲜,Chaoxian
4115,11834,宁边军,Ningbian Jun
4116,11831,静戎军,Jingrong Jun
4117,11838,威勇军,Weiyong Jun
4118,101045,罗殿,Luodian
4119,11830,宝塞,Baosai
4120,29,青海省,Qinghai Sheng
4121,9534,镇坪,Zhenping
4122,6,内蒙古自治区,Neimenggu Zizhiqu
4123,30006,镇安军节度,Zhen'an junjiedu
4124,11835,永定军,Yongding Jun
4125,101075,庆州,Qing Zhou
4126,101098,徽州,Hui Zhou
4127,101035,汉阳军,Hanyang Jun
4128,9535,岚皋,Langao
4129,34,满州,Manshu
4130,11847,安利军,Anli Jun
4131,11199,宣化军,Xuanhua Jun
4132,100354,梁泉,Liangquan
4133,9528,汉阴,Hanyin
4134,11826,保塞州,Baosai Zhou
4135,11351,唐州,Tang Zhou
4136,19,湖南省,Hu'nan Sheng
4137,9532,紫阳,Ziyang
4138,3,天津省市,Tianjin Shengshi
4139,4,河北省,Hebei Sheng
4140,18,湖北省,Hubei Sheng
4141,11333,淯阳,Yuyang
4142,11212,宋州,Song Zhou
4143,11297,襄州,Xiang Zhou
4144,11310,邓州,Deng Zhou
4145,9073,中华民国,Republic of China
4146,9531,平利,Pingli
4147,14835,临涣,Linhuan
4148,101073,广信军,Guangxin Jun
4149,16,山东省,Shandong Sheng
4150,23,四川省,Sichuan Sheng
4151,15,江西省,Jiangxi Sheng
4152,25,云南省,Yunnan Sheng
4153,26,西藏自治区,Xizang Zizhiqu
4154,31,新疆维吾尔自治区,Xinjiang Weiwu'er Zizhiqu
4155,11201,清平军,Qingping Jun
4156,35,台湾,Taiwan
4157,27,陕西省,Shaanxi Sheng
4158,22,海南省,Hainan Sheng
4159,9,黑龙江省,Heilongjiang Sheng
4160,30,宁夏回族自治区,Ningxia Hui Zizhiqu
4161,5,山西省,Shanxi Sheng
4162,32,外蒙古,Waimenggu
4163,7,辽宁省,Liaoning Sheng
4164,20,广东省,Guangdong Sheng
4165,28,甘肃省,Gansu Sheng
4166,8507,阳春,Yangchun
4167,36,海南省,Soviet Far East
4168,8416,曲江,Qujiang
4169,8417,翁源,Wengyuan
4170,8418,仁化,Renhua
4171,9926,佛坪,Foping
4172,8399,新安,Xin'an
4173,8413,阳春,Yangchun
4174,8462,乐会,Lehui
4175,8412,阳江,Yangjiang
4176,8508,恩平,Enping
4177,303620,捷胜守御千户所,Jiesheng Shouyuqianhusuo
4178,9980,渮泽,Heze
4179,10003,临淄,Linzi
4180,9978,曹县,Cao Xian
4181,10006,博兴,Boxing
4182,8404,新兴,Xinxing
4183,9921,黄陵,Huangling
4184,8398,香山,Xiangshan
4185,400496,吉国,Ji guo
4186,8395,三水,Sanshui
4187,8414,恩平,Enping
4188,8411,封川,Fengchuan
4189,9979,东明,Dongming
4190,8405,鹤山,Heshan
4191,8406,高明,Gaoming
4192,8407,四会,Sihui
4193,7083,奉化,Fenghua
4194,8387,番禺,Panyu
4195,9828,郃阳,Heyang
4196,9981,定陶,Dingtao
4197,9982,掖县,Ye Xian
4198,10005,寿光,Shouguang
4199,9875,长武,Changwu
4200,9977,成武,Chengwu
4201,9922,宜君,Yijun
4202,11833,安肃,Ansu
4203,101085,真州,Zhen Zhou
4204,101089,平江府,Pingjiang Fu
4205,101090,镇江府,Zhenjiang Fu
4206,9958,永城,Yongcheng
4207,9970,郓城,Yuncheng
4208,9971,济宁,Jining
4209,9972,金乡,Jinxiang
4210,9973,濮县,Pu Xian
4211,9933,洛川,Luochuan
4212,9975,单县,Shan Xian
4213,9830,耀县,Yao Xian
4214,9832,三原,Sanyuan
4215,9833,淳化,Chunhua
4216,9934,神木,Shenmu
4217,9825,潼关,Tongguan
4218,101062,恩州,En Zhou
4219,9212,漳浦,Zhangpu
4220,10243,立煌,Lihuang
4221,9241,柘荣,Zherong
4222,10254,长子,Zhangzi
4223,10264,崞县,Guo Xian
4224,9247,仙游,Xianyou
4225,9908,大宁,Daning
4226,10252,长治,Changzhi
4227,9965,泰和,Taihe
4228,9239,福安,Fu'an
4229,9806,无为,Wuwei
4230,9960,蒙城,Mengcheng
4231,9213,长泰,Changtai
4232,9961,涡阳,Woyang
4233,9962,宿县,Su Xian
4234,9214,诏安,Zhao'an
4235,10540,台安,Taian
4236,10250,榆社,Yushe
4237,9790,祁门,Qimen
4238,10251,和顺,Heshun
4239,10270,晋城,Jincheng
4240,9791,广德,Guangde
4241,9215,海澄,Haicheng
4242,9229,同安,Tong'an
4243,9788,婺源,Wuyuan
4244,9967,颍上,Yingshang
4245,9224,云霄,Yunxiao
4246,9238,霞浦,Xiapu
4247,10242,立煌,Lihuang
4248,9220,平和,Pinghe
4249,9963,灵璧,Lingbi
4250,10118,宁晋,Ningjin
4251,10127,尧山,Yaoshan
4252,10862,怀柔,Huairou
4253,10258,黎城,Licheng
4254,10297,灵寿,Lingshou
4255,9911,临汾,Linfen
4256,10262,昔阳,Xiyang
4257,9226,惠安,Hui'an
4258,10255,屯留,Tunliu
4259,9216,龙溪,Longxi
4260,9221,厦门市,Shamen shi
4261,9217,龙岩,Longyan
4262,9781,南陵,Nanling
4263,9218,南靖,Nanjing
4264,9964,阜阳,Fuyang
4265,9909,永和,Yonghe
4266,10200,五河,Wuhe
4267,10123,荡阴,Tangyin
4268,10017,长山,Changshan
4269,10050,长垣,Changyuan
4270,10010,东阿,Dong'e
4271,10084,大名,Daming
4272,10012,汶上,Wenshang
4273,10113,高邑,Gaoyi
4274,21054,天津市,Tianjin shi
4275,10678,安广,Anguang
4276,10077,清河,Qinghe
4277,10300,任邱,Renqiu
4278,10210,赣榆,Ganyu
4279,13738,牂羁縻州,Zang Jimizhou
4280,10289,正定,Zhengding
4281,10011,平阴,Pingyin
4282,10292,元氏,Yuanshi
4283,9243,古田,Gutian
4284,10295,平山,Pingshan
4285,10290,槁城,Gaocheng
4286,10293,井陉,Jingxing
4287,10291,栾城,Luancheng
4288,10351,东宁,Dongning
4289,11202,章邱,Zhangqiu
4290,11229,瑕邱,Xiaqiu
4291,11194,长清,Changqing
4292,11234,龚邱,Gongqiu
4293,100443,汉阳,Hanyang
4294,9258,乐清,Leqing
4295,11230,瑕县,Xia Xian
4296,100562,通化,Tonghua
4297,11231,干封,Qianfeng
4298,13460,相如,Xiangru
4299,10673,方正,Fangzheng
4300,10784,农安,Nongan
4301,10357,怀德,Huaide
4302,13315,江原,Jiangyuan
4303,9710,嘉善,Jiashan
4304,11233,泗水,Sishui
4305,11236,曲阜,Qufu
4306,10253,平顺,Pingshun
4307,11195,临邑,Linyi
4308,100622,青城,Qingcheng
4309,25059,豫国,Yu Guo
4310,10598,九台,Jiutai
4311,11235,龚县,Gong Xian
4312,10206,涟水,Lianshui
4313,400838,辰州都督府,Chenzhou Dudufu
4314,13295,温江,Wenjiang
4315,100582,邹县,Zou Xian
4316,13294,双流,Shuangliu
4317,100570,遂宁,Suining
4318,100225,昨城,Zuocheng
4319,100624,青石,Qingshi
4320,10783,扶余,Fuyu
4321,10600,榆树,Yushu
4322,13349,龙游,Longyou
4323,13351,夹江,Jiajiang
4324,9299,遂昌,Suichang
4325,10515,德惠,Dehui
4326,12712,崇德,Chongde
4327,9682,余杭,Yuhang
4328,9714,桐乡,Tongxiang
4329,100538,蓬溪,Pengxi
4330,10672,延吉市,Yanji shi
4331,11192,历城,Licheng
4332,100495,籍县,Ji Xian
4333,10599,舒兰,Shulan
4334,10345,长春,Changchun
4335,13492,绵水,Mianshui
4336,10606,磐石,Panshi
4337,100410,洪雅,Hongya
4338,13355,罗目,Luomu
4339,10676,敦化,Dunhua
4340,10346,翁牛特旗,Wengniute
4341,9252,磐安,Panan
4342,11198,临济,Linji
4343,9713,崇德,Chongde
4344,100347,柘城,Zhecheng
4345,100021,仙源,Xianyuan
4346,101164,武平军节度,Wuping Jun
4347,30048,泰宁军节度,Taining junjiedu
4348,11208,中都,Zhongdu
4349,100144,宁陵,Ningling
4350,100357,楚丘,Chuqiu
4351,11209,东阿,Dong'e
4352,11211,平阴,Pingyin
4353,11207,阳谷,Yanggu
4354,400503,燕国,Yan guo
4355,10257,壶关,Huguan
4356,10009,阳谷,Yanggu
4357,9910,石楼,Shilou
4358,9245,永泰,Yongtai
4359,10261,平定,Pingding
4360,10260,襄垣,Xiangyuan
4361,9254,永嘉,Yongjia
4362,9240,福鼎,Fuding
4363,9700,嵊县,Sheng Xian
4364,10256,潞城,Lucheng
4365,10772,康平,Kangping
4366,9230,安溪,Anxi
4367,9246,莆田,Putian
4368,9211,漳平,Zhangping
4369,30019,归德军节度,Guidejun Jiedu
4370,100540,蓝山,Lanshan
4371,25058,赵国,Zhao Guo
4372,13297,新繁,Xinfan
4373,13302,犀浦,Xipu
4374,11206,须城,Xucheng
4375,100492,章丘,Zhangqiu
4376,100176,广都,Guangdu
4377,100505,罗蒙,Luomeng
4378,100330,景陵,Jingling
4379,11210,寿张,Shouzhang
4380,100400,沔阳,Mianyang
4381,13293,郫县,Pi Xian
4382,13296,新都,Xindu
4383,13654,江油,Jiangyou
4384,13292,华阳,Huayang
4385,9253,宁海,Ninghai
4386,10263,代县,Dai Xian
4387,100431,渠阳,Quyang
4388,13313,新津,Xinjin
4389,9709,嘉兴,Jiaxing
4390,13314,唐兴,Tangxing
4391,9255,文成,Wencheng
4392,13312,晋原,Jinyuan
4393,9248,临海,Linhai
4394,100554,西华,Xihua
4395,30070,常德军节度,Changde junjiedu
4396,9249,磐安,Panan
4397,9711,海盐,Haiyan
4398,400837,黔州都督府,Qianzhou Dudufu
4399,9761,汤溪,Tangxi
4400,10829,五寨,Wuzhai
4401,9898,岚县,Lan Xian
4402,9521,星子,Xingzi
4403,9520,靖安,Jing'an
4404,9524,都昌,Duchang
4405,9522,永修,Yongxiu
4406,9641,横峰,Hengfeng
4407,10811,大同,Datong
4408,10838,偏关,Pianguan
4409,9517,武宁,Wuning
4410,9864,太谷,Taigu
4411,10830,应县,Ying Xian
4412,9640,弋阳,Yiyang
4413,9523,安义,Anyi
4414,9904,中阳,Zhongyang
4415,9518,修水,Xiushui
4416,10211,陜县,Shan Xian
4417,9901,神池,Shenchi
4418,9634,东乡,Dongxiang
4419,9269,松溪,Songxi
4420,9666,新喻,Xinyu
4421,9644,鄱阳,Poyang
4422,9897,岢岚,Kelan
4423,9646,余江,Yujiang
4424,9859,普源,Puyuan
4425,9630,广昌,Guangchang
4426,9903,方山,Fangshan
4427,10814,天镇,Tianzhen
4428,9647,万年,Wannian
4429,9671,宜春,Yichun
4430,9636,金谿,Jinxi
4431,10817,右玉,Youyu
4432,9519,铜鼓,Tonggu
4433,10816,怀仁,Huairen
4434,9841,垣曲,Yuanqu
4435,9659,石城,Shicheng
4436,9914,浮山,Fushan
4437,9732,金坛,Jintan
4438,9912,洪洞,Hongtong
4439,10265,繁畤,Fanshi
4440,9918,安泽,Anze
4441,10274,武乡,Wuxiang
4442,10837,左云,Zuoyun
4443,10271,陵川,Lingchuan
4444,9237,罗源,Luoyuan
4445,9231,闽清,Minqing
4446,10269,沁水,Qinshui
4447,9917,霍县,Huo Xian
4448,9957,亳县,Bo Xian
4449,9725,宜兴,Yixing
4450,10015,邹平,Zouping
4451,10268,高平,Gaoping
4452,10833,广灵,Guangling
4453,10247,忻县,Xin Xian
4454,9621,遂川,Suichuan
4455,9514,南昌市,Nanchang Shi
4456,9638,广丰,Guangfeng
4457,9660,信丰,Xinfeng
4458,9844,安邑,Anyi
4459,9843,闻喜,Wenxi
4460,10272,沁县,Qinxian
4461,9635,宜黄,Yihuang
4462,9731,丹阳,Danyang
4463,9840,稷山,Jishan
4464,10314,定南,Dingnan
4465,10504,平鲁,Pinglu
4466,9839,绛县,Jiang Xian
4467,9727,六合,Liuhe
4468,9916,汾西,Fenxi
4469,9842,解县,Jie Xian
4470,10815,阳高,Yanggao
4471,10623,巴彦,Bayan
4472,9673,分宜,Fenyi
4473,100466,白马,Baima
4474,30089,奉宁军节度,Fengning junjiedu
4475,10650,杜尔伯特旗,Du'erboteqi
4476,9735,溧水,Lishui
4477,100498,绥德城,Suide Cheng
4478,10612,肇东,Zhaodong
4479,10804,北镇,Beizhen
4480,13614,阴平,Yinping
4481,10609,珠河,Zhuhe
4482,199,岳阳市,Yueyang Shi
4483,10805,黑山,Heishan
4484,10610,苇河,Weihe
4485,100133,宜宾,Yibin
4486,100439,荥泽,Xingze
4487,100413,流溪,Liuxi
4488,100623,青涧城,Qingjian Cheng
4489,9976,砀山,Dangshan
4490,100509,肤施,Fushi
4491,9956,睢宁,Suining
4492,100154,岳池,Yuechi
4493,9614,万安,Wan'an
4494,9899,兴县,Xing Xian
4495,9896,河曲,Hequ
4496,9667,大庾,Dayu
4497,9905,临县,Lin Xian
4498,9895,静乐,Jingle
4499,9672,萍乡,Pingxiang
4500,10543,庄河,Zhuanghe
4501,9652,寻邬,Xunwu
4502,9665,峡江,Xiajiang
4503,9653,安远,Anyuan
4504,9620,吉水,Jishui
4505,9674,万载,Wanzai
4506,9656,雩都,Yudu
4507,9513,南昌市,Nanchang Shi
4508,9676,宜丰,Yifeng
4509,9668,南康,Nankang
4510,9643,铅山,Qianshan
4511,9793,滁县,Chu Xian
4512,10807,兴城,Xingcheng
4513,10834,灵丘,Lingqiu
4514,30060,义成军节度,Yicheng junjiedu
4515,9664,新淦,Xin'gan
4516,9637,上饶,Shangrao
4517,9677,上高,Shanggao
4518,9648,乐平,Leping
4519,9902,保德,Baode
4520,9645,余干,Yugan
4521,9650,浮梁,Fuliang
4522,9663,清江,Qingjiang
4523,9845,汾阳,Fenyang
4524,10212,夏县,Xia Xian
4525,9675,高安,Gao'an
4526,9649,德兴,Dexing
4527,13612,普安,Pu'an
4528,9900,宁武,Ningwu
4529,10196,六安,Lu'an
4530,9287,清流,Qingliu
4531,9794,全椒,Quanjiao
4532,9808,庐江,Lujiang
4533,9285,泰宁,Taining
4534,10681,长岭,Changling
4535,9861,清源,Qingyuan
4536,9244,屏南,Pingnan
4537,9680,繁昌,Fanchang
4538,9801,潜山,Qianshan
4539,10078,武城,Wucheng
4540,9748,天长,Tianchang
4541,10082,茬平,Chiping
4542,10683,科尔沁右翼中旗,Keerqinyouyizhong qi
4543,10782,开原,Kaiyuan
4544,9786,黟县,Yi Xian
4545,9679,芜湖,Wuhu
4546,9280,德化,Dehua
4547,9282,建宁,Jianning
4548,9775,青阳,Qingyang
4549,9275,南平,Nanping
4550,9774,贵池,Guichi
4551,9678,当涂,Dangtu
4552,10197,岳西,Yuexi
4553,10083,博平,Boping
4554,9284,邵武,Shaowu
4555,10198,盱眙,Xuyi
4556,9798,合肥,Hefei
4557,9797,含山,Hanshan
4558,9796,和县,He Xian
4559,9795,来安,Lai'an
4560,9784,太平,Taiping
4561,9283,光泽,Guangze
4562,10519,通辽,Tongliao
4563,10786,法库,Faku
4564,10685,科尔沁左翼中旗,Keerqinzuoyizhong qi
4565,10771,北丰,Beifeng
4566,9276,三元,Sanyuan
4567,9633,乐安,Le'an
4568,10616,科尔沁左翼前旗,Keerqin zuoyi qianqi
4569,9228,永春,Yongchun
4570,10080,高唐,Gaotang
4571,10682,科尔沁右翼前旗,Keerqinyouyiqian qi
4572,9242,宁德,Ningde
4573,10674,开通,Kaitong
4574,9271,建阳,Jianyang
4575,9777,石埭,Shidai
4576,10773,梨树,Lishu
4577,21222,福建省诸道区,
4578,10087,馆陶,Guantao
4579,10194,凤台,Fengtai
4580,9279,尤溪,Youxi
4581,10191,怀远,Huaiyuan
4582,9270,浦城,Pucheng
4583,9277,顺昌,Shunchang
4584,9281,三元,Sanyuan
4585,10193,寿县,Shou Xian
4586,9232,福州市,Fuzhou shi
4587,9776,至德,Zhide
4588,9854,荣河,Ronghe
4589,9733,南京市,Nanjing shi
4590,9855,万泉,Wanquan
4591,9907,蒲县,Pu Xian
4592,9708,青浦,Qingpu
4593,9726,仪征,Yizheng
4594,9233,长乐,Changle
4595,9728,江浦,Jiangpu
4596,9715,吴县,Wu Xian
4597,9913,襄陵,Xiangling
4598,9724,无锡,Wuxi
4599,10266,五台,Wutai
4600,9729,镇江,Zhenjiang
4601,10267,阳城,Yangcheng
4602,9857,太原市,Taiyuan shi
4603,9222,东山,Dongshan
4604,10192,定远,Dingyuan
4605,9268,寿宁,Shouning
4606,10684,科尔沁右翼后旗,Keerqin youyi houqi
4607,9267,政和,Zhenghe
4608,9266,水吉,Shuiji
4609,9837,曲沃,Quwo
4610,10294,石门市,Shimen shi
4611,9274,将乐,Jiangle
4612,9291,上杭,Shanghang
4613,9292,永定,Yongding
4614,9782,旌德,Jingde
4615,9851,虞乡,Yuxiang
4616,9852,猗氏,Yishi
4617,10190,蚌埠市,Bengbu Shi
4618,9915,赵城,Zhaocheng
4619,9278,大田,Datian
4620,9225,晋江,Jinjiang
4621,9730,杨中,Yangzhong
4622,9293,武平,Wuping
4623,10202,淮阴,Huaiyin
4624,9789,绩溪,Jixi
4625,9227,南安,Nan'an
4626,9780,宣城,Xuancheng
4627,9792,郎溪,Langxi
4628,9779,东流,Dongliu
4629,9785,歙县,She Xian
4630,9778,铜陵,Tongling
4631,10199,泗县,Si Xian
4632,9236,连江,Lianjiang
4633,10248,定襄,Dingxiang
4634,9836,汾城,Fencheng
4635,9919,吉县,Ji Xian
4636,9234,福清,Fuqing
4637,9920,乡宁,Xiangning
4638,9865,祁县,Qi Xian
4639,10201,淮安,Hua'an
4640,10273,沁源,Qinyuan
4641,9850,永济,Yongji
4642,9223,蒙山,Mengshan
4643,9716,常熟,Changshu
4644,9856,河津,Hejin
4645,9853,临晋,Linjin
4646,9860,榆次,Yuci
4647,9849,平遥,Pingyao
4648,10249,辽县,Liao Xian
4649,9235,平潭,Pingtan
4650,400445,安阳郡,Anyang Jun
4651,400448,延安郡,Yanan Jun
4652,400495,秦国,Qin guo
4653,400335,北庭都护府,Beiting Duhufu
4654,400446,常山郡,Changshan Jun
4655,400438,兰陵郡,Lanling Jun
4656,400890,越巂郡都督府,Yuexijun Dudufu
4657,400440,奉节郡,Fengjie Jun
4658,16265,梓州,Zi Zhou
4659,400441,始平郡,Shiping Jun
4660,400457,永郡,Yong Jun
4661,400442,安吉郡,Anji Jun
4662,400463,西平郡,Xiping Jun
4663,400462,襃信郡,Pouxin Jun
4664,400839,荆州都督府,Jingzhou Dudufu
4665,16262,曲州,Qu Zhou
4666,400464,西河郡,Xihe Jun
4667,400507,越国,Yue guo
4668,400439,中山郡,Zhongshan Jun
4669,400443,安定郡,Anding Jun
4670,400290,苻澈邠宁军节度,Fuche Binning Jiedu
4671,400289,荆南军节度,Jingnan Jiedu
4672,400309,江西军节度,Jiangxi Jiedu
4673,400372,江淮郡,Jianghuai Jun
4674,400492,宋国,Song guo
4675,400461,衢郡,Qu Jun
4676,400437,临淄郡,Linzi Jun
4677,400577,东南道行军,Dongnan dao xingjun
4678,400573,鸡林道行军,Jilin dao xingjun
4679,400569,浿江道行军,Peijiang dao xingjun
4680,400317,朔方道,Shuofang Dao
4681,400501,庆国,Qing  guo
4682,400291,泽潞军节度,Ze Lu Jiedu
4683,400885,江陵郡都督府,Jianglingjun Dudufu
4684,400293,湖南军节度,Hunan Jiedu
4685,400310,永泰军节度,Yongtai Jiedu
4686,400373,温州郡,Wenzhou Jun
4687,400487,郑国,Zheng guo
4688,400632,浙东军节度,Zhedong jun jiedu
4689,400477,楚国,Chu guo
4690,400308,江陵军节度,Jiangling Jiedu
4691,400475,北海,Beihai
4692,400630,静海军节度,Jinghai jun jiedu
4693,400476,曹国,Cao guo
4694,400311,武威军节度,Quwei Jiedu
4695,400478,邓国,Deng guo
4696,16186,戎州,Rong Zhou
4697,400624,代北军节度,Daibei jun jiedu
4698,400843,泸州都督府,Luzhou Dudufu
4699,400479,邓国,Deng guo
4700,400466,赞皇郡,Zanhuang Jun
4701,400467,赵郡,Zhao Jun
4702,400449,彭阳郡,Pengyang Jun
4703,400465,西阳郡,Xiyang Jun
4704,400884,黔中郡都督府,Qianzhongjun Dudufu
4705,400451,晋陵郡,Jinling Jun
4706,400434,荣阳郡,Rongyang Jun
4707,400300,浙江东西道,Zhejiang dongxi Dao'
4708,400319,崇信军节度,Chongxin Jiedu
4709,400634,平卢军节度,Pinglu jun jiedu
4710,400631,兴元军节度,Xingyuan jun jiedu
4711,400629,崇义军节度,Chongyi jun jiedu
4712,400887,蜀郡都督府,Shujun Dudufu
4713,400502,南昌,Nanchang  guo
4714,400493,徐国,Xu guo
4715,16229,静州,Jing Zhou
4716,16204,松州,Song Zhou
4717,16191,雅州,Ya Zhou
4718,16220,当州,Dang Zhou
4719,16687,安南都护府,Annan Duhufu
4720,16245,黎州,Li Zhou
4721,400864,安化郡都督府,Anhuajun Dudufu
4722,400861,茂州都督府,Maozhou Dudufu
4723,16145,蜀州,Shu Zhou
4724,400075,关西,Guanxi
4725,400812,灵州都督府,Lingzhou Dudufu
4726,14607,丹州,Dan Zhou
4727,16374,广州,Guang Zhou
4728,16407,封州,Feng Zhou
4729,16216,维州,Wei Zhou
4730,16255,姚州,Yao Zhou
4731,253,达县地区,Daxian Diqu
4732,14663,宥州,You Zhou
4733,14662,宥州,You Zhou
4734,14523,华州,Hua Zhou
4735,400530,三辅,Sanfu
4736,16520,白州,Bai Zhou
4737,16236,恭州,Gong Zhou
4738,400080,干州,Qian zhou
4739,16410,韶州,Shao Zhou
4740,400866,灵武郡都督府,Lingwujun Dudufu
4741,16248,雟州,Xi Zhou
4742,400867,朔方郡都督府,Shuofangjun Dudufu
4743,14581,庆州,Qing Zhou
4744,400770,云州总管府,Yunzhou Zongguanfu
4745,14673,麟州,Lin Zhou
4746,400810,庆州都督府,Qingzhou Dudufu
4747,16259,协州,Xie Zhou
4748,400296,淄青军节度,Zi Qing Jiedu
4749,14685,安北,Anbei
4750,14682,丰州,Feng Zhou
4751,14573,宁州,Ning Zhou
4752,14595,鄜州,Fu Zhou
4753,400370,太山郡,Taishan Jun
4754,400297,泾原军节度,Jing Yuan Jiedu
4755,16615,龚州,Gong Zhou
4756,400458,汾阳郡,Fenyang Jun
4757,14650,绥州,Sui Zhou
4758,400459,渤海郡,Bohai Jun
4759,400287,邠宁军节度,Binning Jiedu
4760,400292,滑台军节度,Hua Tai Jiedu
4761,400460,蕲郡,Qi Jun
4762,400436,奇章郡,Qizhang Jun
4763,400633,浙西军节度,Zhexi jun jiedu
4764,400281,关西军节度,Guanxi Jiedu
4765,400901,夏州都督府,Xiazhou Dudufu
4766,16402,康州,Kang Zhou
4767,16399,端州,Duan Zhou
4768,16395,潮州,Chao Zhou
4769,16563,芝州,Zhi Zhou
4770,14549,陇州,Long Zhou
4771,14490,京兆府,Jingzhao
4772,16525,顺州,Shun Zhou
4773,14657,银州,Yin Zhou
4774,14627,灵州,Ling Zhou
4775,14667,单于,Shanyu
4776,14537,凤翔府,Fengxiang
4777,14536,岐州,Qi Zhou
4778,14602,坊州,Fang Zhou
4779,14527,同州,Tong Zhou
4780,14635,会州,Hui Zhou
4781,16648,贵州,Gui Zhou
4782,400076,关辅,Guanfu
4783,1080,沛县,Pei Xian
4784,458,五大连池市,Wudalianchi Shi
4785,439,肇源,Zhaoyuan
4786,1508,上海市辖区,Shanghai Shixiaqu
4787,1509,上海,Shanghai
4788,1502,川沙,Chuansha
4789,1499,宝山区,Baoshan Qu
4790,1511,武进,Wujin
4791,1075,新沂市,Xinyi Shi
4792,1504,奉贤,Fengxian
4793,872,睢宁,Suining
4794,1521,金坛,Jintan
4795,1070,徐州市辖区,Xuzhou Shixiaqu
4796,1503,青浦,Qingpu
4797,415,通河,Tonghe
4798,481,鸡东,Jidong
4799,447,龙江,Longjiang
4800,1507,南汇,Nanhui
4801,424,绥楞,Suileng
4802,400842,益州都督府,Yizhou Dudufu
4803,507,牧丹江市辖区,Mudanjiang Shixiaqu
4804,485,宁安,Ning'an
4805,510,林口,Linkou
4806,488,绥芬河市,Suifenhe Shi
4807,467,松岭,Songling
4808,1500,嘉定,Jiading
4809,1506,金山,Jinshan
4810,433,杜尔伯特蒙古族自治县,Du'erbaite Menggu Zizhixian
4811,409,五常,Wuchang
4812,504,同江市,Tongjiang Shi
4813,502,抚远,Fuyuan
4814,503,友谊,Youyi
4815,497,佳木斯市辖区,Jiamusi Shixiaqu
4816,1501,崇明,Chongming
4817,1505,松江,Songjiang
4818,466,加格达奇,Jiagedaqi
4819,577,盘锦市辖区,Panjin Shixiaqu
4820,414,巴彦,Bayan
4821,539,东沟,Donggou
4822,405,敦化市,Dunhua Shi
4823,522,辽阳,Liaoyang
4824,582,康平,Kangping
4825,514,铁岭,Tieling
4826,446,齐齐哈尔市辖区,Qiqiha'er Shixiaqu
4827,533,抚顺,Fushun
4828,420,望奎,Wangkui
4829,547,宽甸满族自治县,Kuandian Manzu Zizhixian
4830,521,辽阳市辖区,Liaoyang Shixiaqu
4831,526,灯塔,Dengta
4832,529,沈阳市辖区,Shenyang Shixiaqu
4833,528,营口市辖区,Yingkou Shixiaqu
4834,523,辽中,Liaozhong
4835,535,营口,Yingkou
4836,579,盘山,Panshan
4837,501,汤原,Tangyuan
4838,486,东宁,Dongning
4839,432,泰来,Tailai
4840,498,桦南,Hua'nan
4841,452,克山,Keshan
4842,407,尚志市,Shangzhi Shi
4843,506,勃利,Boli
4844,437,肇东市,Zhaodong Shi
4845,450,甘南,Gannan
4846,438,兰西,Lanxi
4847,440,肇州,Zhaozhou
4848,410,木兰,Mulan
4849,483,饶河,Raohe
4850,484,七台河市辖区,Qitaihe Shixiaqu
4851,408,宾县,Bin Xian
4852,411,延寿,Yanshou
4853,416,方正,Fangzheng
4854,434,林甸,Lindian
4855,436,双城市,Shuangcheng Shi
4856,400571,金牙道行军,Jinya dao xingjun
4857,509,穆棱,Muling
4858,400505,原国,Yuan guo
4859,400333,宣歙军节度,Xuan She  junjiedu
4860,400323,容管军节度,Rongguan Jiedu
4861,400500,豫国,Yu  guo
4862,400579,洮州道行军,Yaozhou dao xingjun
4863,400584,凉州道行军,Liangzhou dao xingjun
4864,400574,代州道行军,Daizhou dao xingjun
4865,400575,定襄道行军,Dingxiang dao xingjun
4866,400576,昆山道行军,Kinshan dao xingjun
4867,400572,灵武道行军,Lingwu dao xingjun
4868,400302,河西道,Hexi Dao
4869,482,宝清,Baoqing
4870,400627,易定军节度,Yiding jun jiedu
4871,400325,安西四镇军节度,Anxi sizhen Jiedu
4872,400073,关中,Guanzhong; Qinzhong
4873,400301,河阳军节度,Heyang Jiedu
4874,400299,浙江东道,Zhejiang dongdao
4875,400504,晋国,Jin guo
4876,400581,渭北道行军,Weibei dao xingjun
4877,400582,熊津道行军,Xiongjin dao xingjun
4878,400570,西海道行军,Xihai dao xingjun
4879,400578,楡关道行军,Yuguan dao xingjun
4880,496,嘉荫,Jiayin
4881,400580,洮河道行军,Yaohe dao xingjun
4882,400480,鄂国,E guo
4883,400583,灵州道行军,Lingwu dao xingjun
4884,400306,河中军节度,Hezhong Jiedu
4885,400506,汉国,Han guo
4886,400327,夏绥军节度,Xiasui Jiedu
4887,400307,汴宋军节度,Bian Song Jiedu
4888,400628,渭北军节度,Weibei jun jiedu
4889,418,安达市,Anda Shi
4890,448,讷河,Nehe
4891,457,北安市,Bei'an Shi
4892,480,鸡西市辖区,Jixi Shixiaqu
4893,469,呼中,Huzhong
4894,462,孙吴,Sunwu
4895,461,逊克,Xunke
4896,413,铁力市,Tieli Shi
4897,417,绥化市,Suihua Shi
4898,454,拜泉,Baiquan
4899,419,海伦市,Hailun Shi
4900,459,嫩江,Nenjiang
4901,508,海林,Hailin
4902,421,青冈,Qinggang
4903,455,伊春市辖区,Yichun Shixiaqu
4904,487,虎林,Hulin
4905,489,密山市,Mishan Shi
4906,422,庆安,Qing'an
4907,453,克东,Kedong
4908,400892,卢山郡都督府,Lushanjun Dudufu
4909,500,桦川,Huachuan
4910,491,双鸭山市辖区,Shuangyashan Shixiaqu
4911,495,集贤,Jixian
4912,460,德都,Dedu
4913,493,萝北,Luobei
4914,412,哈尔滨市辖区,Ha'erbin Shixiaqu
4915,468,新林,Xinlin
4916,505,富锦市,Fujin Shi
4917,494,绥宾,Suibin
4918,423,明水,Mingshui
4919,499,依兰,Yilan
4920,435,大庆市辖区,Daqing Shixiaqu
4921,406,阿城市,Acheng Shi
4922,431,呼兰,Hulan
4923,449,依安,Yi'an
4924,451,富裕,Fuyu
4925,492,鹤岗市辖区,Hegang Shixiaqu
4926,18785,彬州路,Chenzhou Lu
4927,18874,钦州路,Qinzhou Lu
4928,18821,浔州路,Xunzhou Lu
4929,18614,耒阳州,Leiyang Zhou
4930,18866,化州路,Huazhou Lu
4931,18752,天临路,Tianlin Lu
4932,18648,贵州,Gui Zhou
4933,18772,衡州路,Hengzhou Lu
4934,18781,永州路,Yongzhou Lu
4935,18839,思明路,Siming Lu
4936,18792,全州路,Quanzhou Lu
4937,18618,郁林州,Yulin Zhou
4938,18640,藤州,Teng Zhou
4939,18622,容州,Rong Zhou
4940,18859,思恩州,Si'en Zhou
4941,18880,八番蛮夷官,Bafan Manyiguan
4942,14555,泾州,Jing Zhou
4943,18805,静江路,Jingjiang Lu
4944,17652,会州,Hui Zhou
4945,211028,鄂州路,Ezhou lu
4946,18626,象州,Xiang Zhou
4947,211131,潭州路,Tanzhou lu
4948,211133,湖北,Hubei
4949,211034,广南东道,Guangnandong dao
4950,211046,淮西,Huaixi
4951,18667,思州军民安抚司,Sizhou Junmin'anfisi
4952,211054,荆襄,Jingxiang
4953,18630,宾州,Bin Zhou
4954,211115,海北海南道宣慰司,Haibeihainandao xuanweisi
4955,18686,播州军民安抚司,Bozhou Junmin'anfusi
4956,18650,干宁军,Qianning Jun
4957,18819,梧州路,Wuzhou Lu
4958,18696,南渭州等处蛮夷军民长官司,Nanweizhou dengchu manyi zhangguansi
4959,18795,宝庆路,Baoqing Lu
4960,17947,马湖路,Mahu Lu
4961,211114,广西两江道宣慰司,Guangxiliangjiangdao xuanweisi
4962,220015,河东山西廉访司道,Hedongshanxi lianfangsi Dao
4963,18657,南宁军,Nanning Jun
4964,18258,循州,Xun Zhou
4965,220019,西蜀四川廉访司道,Xishusichuan lianfangsi Dao
4966,18248,封州,Feng Zhou
4967,18519,瑞州路,Ruizhou Lu
4968,18549,南康路,Nankang Lu
4969,18567,建昌路,Jianchang Lu
4970,18575,广州路,Guangzhou Lu
4971,220024,江南湖北廉访司道,Jiangnanhubei lianfangsi Dao
4972,220018,燕南河北廉访司道,Yannanhebei lianfangsi Dao
4973,220020,山南江北廉访司道,Shannanjiangbei lianfangsi Dao
4974,220014,山北辽东廉访司道,Shanbeiliaodong lianfangsi Dao
4975,220031,江北淮东廉访司道,Jiangbeihuaidong lianfangsi Dao
4976,220046,江北河南廉访司道,Jiangbeihenan lianfangsi dao
4977,220039,福建闽海廉访司道,Fujianminhai lianfangsi Dao
4978,220032,淮西江北廉访司道,Huaixijiangbei lianfangsi Dao
4979,220021,云南诸路廉访司道,Yunnanzhulu lianfangsi Dao
4980,18601,德庆路,Deqing Lu
4981,18877,廉州路,Lianzhou Lu
4982,18608,归州,Gui Zhou
4983,18643,贺州,He Zhou
4984,18612,茶陵州,Chaling Zhou
4985,18661,万安军,Wan'an Jun
4986,18634,横州,Heng Zhou
4987,18240,英德州,Yingde Zhou
4988,18824,柳州路,Liuzhou Lu
4989,211015,八番顺元道宣慰司,Bafan shunyuandao xuanweisi
4990,220033,浙东海右廉访司道,Zhedonghaiyou lianfangsi Dao
4991,220037,岭北湖南廉访司道,Lingbeihunan lianfangsi Dao
4992,220041,海北海南廉访司道,Haibeihainan lianfangsi Dao
4993,211056,江西道宣慰司,Jiang xidao xuanweisi
4994,18253,桂阳州,Guiyang Zhou
4995,211033,广东道宣慰司,Guangdongdao xuanweisi
4996,18531,临江路,Linjiang Lu
4997,18481,汀州路,Tingzhou Lu
4998,18748,靖州路,Jingzhou Lu
4999,18848,田州路,Tianzhou Lu
5000,18236,铅山州,Qianshan Zhou
5001,18387,徽州路,Huizhou Lu
5002,18278,湖州路,Huzhou Lu
5003,18286,嘉兴路,Jiaxing Lu
5004,18466,兴化路,Xinghua Lu
5005,17678,茂州,Mao Zhou
5006,17687,开成州,Kaicheng Zhou
5007,17649,兰州,Lan Zhou
5008,18637,融州,Rong Zhou
5009,18816,南宁路,Nanning Lu
5010,17916,夔路,Kui Lu
5011,17681,凤翔府,Fengxiang Fu
5012,17629,陇州,Long Zhou
5013,18798,武冈路,Wugang Lu
5014,17891,永宁路,Yongning Lu
5015,18414,太平路,Taiping Lu
5016,17691,巩昌府,Gongchang Fu
5017,18070,茫部路,Mangbu Lu
5018,16976,顺德路,Shunde Lu
5019,17973,亦集乃路,Yijinai Lu
5020,18488,漳州路,Zhangzhou Lu
5021,17617,邠州,Bin Zhou
5022,17789,潼川府,Tongchuan Fu
5023,17616,吐蕃宣慰使司,Tufan Xuanweishisi
5024,17663,雅州,Ya Zhou
5025,400893,通化郡都督府,Tonghuajun Dudufu
5026,18434,福州路,Fuzhou Lu
5027,17620,泾州,Jing Zhou
5028,211069,陇北,Longbei
5029,211021,察罕脑儿等处宣慰司,Chahannaoerd dengchu xuanweisi
5030,211089,太原路,Taiyuan lu
5031,211109,巩昌等处总帅府,Gongchangdengchu zongshuaifu
5032,18846,太平路,Taiping Lu
5033,17662,金洋州,Jinyang Zhou
5034,18908,顺元路,Shunyuan Lu
5035,18418,池州路,Chizhou Lu
5036,18450,建宁路,Jianning Lu
5037,18395,饶州路,Raozhou Lu
5038,18776,道州路,Daozhou Lu
5039,17635,定西州,Dingxi Zhou
5040,18727,澧州路,Lizhou Lu
5041,17812,成都路,Chengdu Lu
5042,18801,桂阳路,Guiyang Lu
5043,18431,广德路,Guangde Lu
5044,211082,琼州,Qiong zhou
5045,18744,兴国路,Xingguo Lu
5046,18735,辰州路,Chenzhou Lu
5047,18740,沅州路,Yuanzhou Lu
5048,211104,湖南道宣慰司,Hunandao xuanweisi
5049,211016,八番罗甸宣慰司,Bafan luodian xuanweisi
5050,301055,奔不田地里招讨使司,sPoh-bors-gang tiandili zhaotaoshisi
5051,18616,常宁州,Changning Zhou
5052,17783,脱思麻路,Tuosima Lu
5053,211097,广西道宣慰司,Guangxidao xuanweisi
5054,17805,怀德府,Huaide Fu
5055,18458,泉州路,Quanzhou Lu
5056,17808,沿边溪洞招讨使司,Yanbianxitong Zhaotaoshisi
5057,17938,叙州路,Xuzhou Lu
5058,17875,顺庆路,Shunqing Lu
5059,17768,兴元路,Xingyuan Lu
5060,18332,衢州路,Quzhou Lu
5061,18405,集庆路,Jiqing Lu
5062,18365,台州路,Taizhou Lu
5063,18311,镇江路,Zhenjiang Lu
5064,17669,黎州,Li Zhou
5065,17779,河州路,Hezhou Lu
5066,17632,宁州,Ning Zhou
5067,18380,宁国路,Ningguo Lu
5068,18470,邵武路,Shaowu Lu
5069,17802,绍庆府,Shaoqing Fu
5070,17625,秦州,Qin Zhou
5071,400844,戎州都督府,Rongzhou Dudufu
5072,18234,江阴州,Jiangyin Zhou
5073,16685,思刚,Sigang
5074,16432,高州,Gao Zhou
5075,16486,宜州,Yi Zhou
5076,16583,梧州,Wu Zhou
5077,16608,严州,Yan Zhou
5078,16427,罗州,Luo Zhou
5079,16602,柳州,Liu Zhou
5080,16629,思唐,Sitang
5081,16594,昭州,Zhao Zhou
5082,16516,牢州,Lao Zhou
5083,16465,振州,Zhen Zhou
5084,400006,宥州,You Zhou
5085,16481,藤州,Teng Zhou
5086,16420,新州,Xin Zhou
5087,400521,含州,Han Zhou
5088,16554,廉州,Lian Zhou
5089,18243,梅州,Mei Zhou
5090,17856,广元路,Guangyuan Lu
5091,211105,吐蕃道宣慰司,Tubodao xuanweisi
5092,301069,迷儿军万户府,Mierjun wanhufu
5093,301068,牙里不藏思八万户府,Yalibucangsiba wanhufu
5094,301067,乌思藏纳里速古鲁孙等三路宣慰使司都元帅府,Wusicang nalisu gulusundengsanlu xuanweishisi douyuanshuaifu
5095,301066,亦思马儿甘万户府,sMar-khams Wanhufu
5096,16632,邕州,Yong Zhou
5097,301036,吐蕃等处宣慰司都元帅府,Tubo dengchu xuanweisidouyuanshuaifu
5098,14639,盐州,Yan Zhou
5099,301064,朵甘思招讨使司,mDo khams zhaotaoshisi
5100,18584,韶州路,Shaozhou Lu
5101,18720,常德路,Changde Lu
5102,301037,脱思麻路军民万户府,Tuosimalu junminwanhufu
5103,16587,贺县,He Xian
5104,16455,崖州,Ya Zhou
5105,16625,蒙州,Meng Zhou
5106,301065,朵甘思哈答李唐鱼通等处,mDo khams hadalitangyutong dengchu
5107,16496,笼州,Long Zhou
5108,16476,万安,Wan'an
5109,16559,义州,Yi Zhou
5110,16447,泷州,Long Zhou
5111,16417,春州,Chun Zhou
5112,400766,延州总管府,Yanzhou Zongguanfu
5113,16681,常乐,Changle
5114,14645,夏州,Xia Zhou
5115,16452,勤州,Qin Zhou
5116,16677,蛮州,Man Zhou
5117,15712,滁州,Chu Zhou
5118,16471,儋州,Dan Zhou
5119,400868,榆林郡都督府,Yulinjun Dudufu
5120,16673,浔州,Xun Zhou
5121,16240,真州,Zhen Zhou
5122,16423,雷州,Lei Zhou
5123,16657,澄州,Cheng Zhou
5124,400003,盐州,Yan Zhou
5125,18537,抚州路,Fuzhou Lu
5126,14638,盐州,Yan Zhou
5127,14677,胜州,Sheng Zhou
5128,14568,邠州,Bin Zhou
5129,14563,原州,Yuan Zhou
5130,16598,象州,Xiang Zhou
5131,16662,横州,Heng Zhou
5132,16491,瀼州,Rang Zhou
5133,400846,黎州都督府,Lizhou Dudufu
5134,400767,弘州总管府,Hongzhou Zongguanfu
5135,16667,钦州,Qin Zhou
5136,400390,中部郡,Zhongbu Jun
5137,16498,田州,Tian Zhou
5138,400389,华阴郡,Huayin Jun
5139,16459,琼州,Qiong Zhou
5140,400865,平凉郡都督府,Pingliangjun Dudufu
5141,14613,延州,Yan Zhou
5142,400847,雅州都督府,Yazhou Dudufu
5143,301049,龙木头都留等一十二族军民千户所,longmutoudouliudengyishierzu junminqianhusuo
5144,211048,建康路,Jiankang lu
5145,301062,长河西管军万户府,Changhexi guanjunwanhufu
5146,301054,剌马儿刚等处招讨使司,rMar-khams dengchu Zhaotaoshisi
5147,301057,碉门鱼通黎雅长河西宁远等处军民安抚使司,diaomenyutongliyachanghexiningyuan dengchu junminanfushisi
5148,301058,六番招讨使司,Liufan zhaotaoshisi
5149,301053,朵甘思田地里管军民都元帅府,duogansitiandili guanjunmindouyuanshuaifu
5150,301051,折藏万户府,zhecang wanhufu
5151,301063,长河西里管军招讨使司,Changhexili guanjunzhaotaoshisi
5152,301050,岳希蓬萝卜村等处二十二族军民千户所,yuexipengluobocundengchuershierzu junminqianhusuo
5153,220040,河西陇北廉访司道,Hexilongbei lianfangsi Dao
5154,301056,奔不儿亦思刚百姓,benbueryisigang baixing
5155,18304,常州路,Changzhou Lu
5156,18594,南雄路,Nanxiong Lu
5157,18589,惠州路,Huizhou Lu
5158,301045,阶文扶州等处番汉军上千户所,Jiewenfuzhou dengchu fanhanjunshangqianhusuo
5159,18245,南恩州,Nan'en Zhou
5160,211142,隆兴路,Longxing lu
5161,18855,镇安路,Zhen'an Lu
5162,568,义县,Yi Xian
5163,400332,五府军节度,Wufu Jiedu
5164,18706,武昌路,Wuchang Lu
5165,18698,汉阳府,Hanyang Fu
5166,18697,独山州等处蛮夷军民长官司,Dushanzhou dengchu manyi zhangguansi
5167,18850,来安路,Lai'an Lu
5168,301052,土蕃等路宣慰使司都元帅府,tufan denglu xuanweishisidouyuanshuaifu
5169,18828,庆远路,Qingyuan Lu
5170,18543,江州路,Jiangzhou Lu
5171,18860,归德州,Guide Zhou
5172,18861,上隆州,Shanglong Zhou
5173,18664,吉阳军,Jiyang Jun
5174,301059,天全招讨使司,Tianquan zhaotaoshisi
5175,220038,海北广东廉访司道,Haibeiguangdong lianfangsi Dao
5176,301061,碉门鱼通等处管军守镇万户府,Diaomenyutong dengchu guanjunshouzhenwanhufu
5177,220034,江南浙西廉访司道,Jiangnanzhexi lianfangsi Dao
5178,18701,平乐府,Pingle Fu
5179,301060,鱼通路万户府,Yutonglu wanhufu
5180,18338,婺州路,Wuzhou Lu
5181,18554,赣州路,Ganzhou Lu
5182,301040,脱思麻探马军四万户府,Tuosimatanmajun siwanhufu
5183,220017,陕西汉中廉访司道,Shanxihanzhong lianfangsi Dao
5184,220036,江西湖东廉访司道,Jiangxihudong lianfangsi Dao
5185,220023,江东建康廉访司道,Jiangdongjiankang lianfangsi Dao
5186,301044,常阳帖城阿不笼等处万户府,Changyangtiechengabulong dengchu wanhufu
5187,220016,山东东西廉访司道,Shandongdongxi lianfangsi Dao
5188,18267,杭州路,Hangzhou Lu
5189,301047,松潘宕叠威茂州等处军民安抚使司,Songpandangdieweimaozhou dengchu junminanfushisi
5190,301046,必呈万户府,Bicheng wanhufu
5191,301041,文扶州西路南路底牙等处万户府,Wenfuzhouxilunanludiya dengchu wanhufu
5192,301039,吐番等处招讨使司,Tufan dengchu zhaotaoshisi
5193,301048,静州茶上必里溪安乡等二十六族军民千户所,jingzhouchashangbilixianxiangdengershiliuzu junminqianhusuo
5194,301038,西夏中兴河州等处军民总管府,Xixiazhongxinghezhou dengchu junminzongguanfu
5195,18525,袁州路,Yuanzhou Lu
5196,18256,连州,Lian Zhou
5197,201004,洮州,Tao Zhou
5198,18238,南丰州,Nanfeng Zhou
5199,18251,新州,Xin Zhou
5200,18597,潮州路,Chaozhou Lu
5201,211130,燕京,Yanjing
5202,18604,肇庆路,Zhaoqing Lu
5203,220025,岭南广西廉访司道,Lingnanguangxi lianfangsi Dao
5204,18571,南安路,Nan'an Lu
5205,18425,信州路,Xinzhou Lu
5206,17623,庄浪州,Zhuanglang Zhou
5207,17743,延安路,Yan'an Lu
5208,18358,温州路,Wenzhou Lu
5209,211012,安西路,Anxi lu
5210,18323,庆元路,Qingyuan Lu
5211,18262,松江府,Songjiang Fu
5212,18494,龙兴路,Longxing Lu
5213,18347,绍兴路,Shaoxing Lu
5214,18505,吉安路,Ji'an Lu
5215,657,崇礼,Chongli
5216,653,张北,Zhangbei
5217,736,雄县,Xiong Xian
5218,745,安新,Anxin
5219,747,徐水,Xushui
5220,973,晋县,Jin Xian
5221,881,蠡县,Li Xian
5222,721,定兴,Dingxing
5223,970,曲阳,Quyang
5224,739,完县,Wan Xian
5225,636,怀安,Huai'an
5226,647,阳原,Yangyuan
5227,737,容城,Rongcheng
5228,921,平山,Pingshan
5229,930,赵县,Zhao Xian
5230,974,深泽,Shenze
5231,571,锦县,Jin Xian
5232,900,南郊区,Nanjiao Qu
5233,954,曲周,Quzhou
5234,949,魏县,Wei Xian
5235,951,成安,Cheng'an
5236,699,安次区,Anci Qu
5237,704,香河,Xianghe
5238,740,大厂回族自治县,Dachang Hui Zizhixian
5239,719,固安,Gu'an
5240,717,涞水,Laishui
5241,946,广平,Guangping
5242,715,易县,Yi Xian
5243,1102,馆陶,Guantao
5244,878,河间市,Hejian Shi
5245,707,三河,Sanhe
5246,969,望都,Wangdu
5247,971,唐县,Tang Xian
5248,924,获鹿,Huolu
5249,720,新城,Xincheng
5250,738,文安,Wen'an
5251,889,武邑,Wuyi
5252,925,行唐,Xingtang
5253,706,武清,Wuqing
5254,901,北郊区,Beijiao Qu
5255,899,西郊区,Xijiao Qu
5256,897,塘沽区,Tanggu Qu
5257,967,新乐,Xinle
5258,708,蓟县,Ji Xian
5259,666,赤城,Chicheng
5260,703,宝坻,Baodi
5261,914,阜城,Fucheng
5262,888,衡水市,Hengshui Shi
5263,885,冀县,Ji Xian
5264,917,景县,Jing Xian
5265,895,安平,Anping
5266,593,隆化,Longhua
5267,943,沙河市,Shahe Shi
5268,695,房山区,Fangshan Qu
5269,723,怀柔,Huairou
5270,722,顺义,Shunyi
5271,782,六安市,Lu'an Shi
5272,2346,闽清,Minqing
5273,698,丰台区,Fengtai Qu
5274,705,昌平,Changping
5275,724,密云,Miyun
5276,898,汉沽市,Hangu Shi
5277,700,通县,Tong Xian
5278,886,南宫市,Nangong Shi
5279,665,延庆,Yanqing
5280,714,平谷,Pinggu
5281,880,博野,Boye
5282,693,朝阳区,Chaoyang Qu
5283,902,静海,Jinghai
5284,694,门头沟区,Mentougou Qu
5285,702,宁河,Ninghe
5286,696,大兴,Daxing
5287,667,宣化,Xuanhua
5288,741,霸州市,Bazhou Shi
5289,964,峰峰矿区,Fengfeng Kuangqu
5290,938,邢台,Xingtai
5291,937,邢台市辖区,Xingtai Shixiaqu
5292,922,栾城,Luancheng
5293,716,保定市辖区,Baoding Shixiaqu
5294,965,邯郸,Handan
5295,668,张家口市辖区,Zhangjiakou Shixiaqu
5296,962,武安市,Wu'an Shi
5297,588,承德市辖区,Chengde Shixiaqu
5298,589,鹰手营子矿区,Yingshouyingzi Kuangqu
5299,590,承德,Chengde
5300,896,青县,Qing Xian
5301,904,沧县,Cang Xian
5302,743,清苑,Qingyuan
5303,728,迁安,Qian'an
5304,919,正定,Zhengding
5305,950,威县,Wei Xian
5306,726,青龙满族自治县,Qinglong Manzu Zizhixian
5307,730,昌黎,Changli
5308,733,滦南,Luannan
5309,942,任县,Ren Xian
5310,955,邱县,Qiu Xian
5311,960,临漳,Linzhang
5312,963,邯郸市辖区,Handan Shixiaqu
5313,941,平乡,Pingxiang
5314,1145,代县,Dai Xian
5315,879,肃宁,Suning
5316,718,涿州市,Zhuozhou Shi
5317,725,卢龙,Lulong
5318,1126,忻州市,Xinzhou Shi
5319,592,丰宁满族自治县,Fengning Manzu Zizhixian
5320,744,满城,Mancheng
5321,903,沧州市辖区,Cangzhou Shixiaqu
5322,961,磁县,Ci Xian
5323,940,广宗,Guangzong
5324,1149,宁武,Ningwu
5325,629,原平,Yuanping
5326,674,五寨,Wuzhai
5327,1127,定襄,Dingxiang
5328,672,朔州区,Pinglu Qu
5329,945,巨鹿,Julu
5330,953,鸡泽,Jize
5331,1105,临西,Linxi
5332,1146,五台,Wutai
5333,939,内邱,Neiqiu
5334,936,隆尧,Longyao
5335,935,柏乡,Baixiang
5336,934,宁晋,Ningjin
5337,742,大城,Dacheng
5338,711,丰润,Fengrun
5339,664,怀来,Huailai
5340,1110,清河,Qinghe
5341,1150,神池,Shenchi
5342,952,肥乡,Feixiang
5343,697,廊坊市辖区,Langfang Shixiaqu
5344,701,永清,Yongqing
5345,948,大名,Daming
5346,947,永年,Yongnian
5347,1156,静乐,Jingle
5348,1155,保德,Baode
5349,673,偏关,Pianguan
5350,1120,榆次市,Yuci Shi
5351,1148,河曲,Hequ
5352,887,新河,Xinhe
5353,670,朔州市辖区,Shuozhou Shixiaqu
5354,1201,涉县,She Xian
5355,671,朔城区,Shuocheng Qu
5356,1189,陵川,Lingchuan
5357,676,山阴,Shanyin
5358,575,秦皇岛市辖区,Qinhuangdao Shixiaqu
5359,1154,岢岚,Kelan
5360,658,镶黄旗,Xianghuang Qi
5361,643,玉泉区,Yuquan Qu
5362,605,科尔沁左翼后旗,Ke'erqin-zuoyihou Qi
5363,607,库伦旗,Kulun Qi
5364,608,奈曼旗,Naiman Qi
5365,603,通辽市,Tongliao Shi
5366,689,二连浩特市,Erlianhaote Shi
5367,650,正蓝旗,Zhenglan Qi
5368,651,多伦,Duolun
5369,611,东乌珠穆沁旗,Dongwuzhumuqin Qi
5370,512,铁法市,Tiefa Shi
5371,565,建昌,Jianchang
5372,426,开原市,Kaiyuan Shi
5373,511,西丰,Xifeng
5374,513,铁岭市辖区,Tieling Shixiaqu
5375,567,喀喇沁左翼蒙古族自治县,Kalaqin-zuoyi Menggu Zizhixian
5376,564,陵源,Lingyuan
5377,1363,满州里市,Manzhouli Shi
5378,1354,昆都伦区,Kundulun Qu
5379,656,商义,Shangyi
5380,562,赤峰市,Chifeng Shi
5381,644,呼和浩特郊区,Huhehaote Jiaoqu
5382,1353,东河区,Donghe Qu
5383,682,土默特右旗,Tumote-you Qi
5384,1355,青山区,Qingshan Qu
5385,599,霍林郭勒市,Huolinguole Shi
5386,685,固阳,Guyang
5387,583,朝阳市辖区,Chaoyang Shixiaqu
5388,1350,乌拉特前旗,Wulate-qian Qi
5389,641,新城区,Xincheng Qu
5390,640,呼和浩特市辖区,Huhehaote Shixiaqu
5391,1364,牙克石市,Yakeshi Shi
5392,646,和林格尔,Helinge'er
5393,604,科尔沁左翼中旗,Ke'erqin-zuoyizhong Qi
5394,600,扎鲁特旗,Zhalute Qi
5395,1356,石拐矿区,Shiguai Kuangqu
5396,1171,永济,Yongji
5397,610,锡林浩特市,Xilinhaote Shi
5398,620,突泉,Tuquan
5399,684,土默特左旗,Tumote-zuo Qi
5400,691,苏尼特左旗,Sunite-zuo Qi
5401,2794,乌海市辖区,Wuhai Shixiaqu
5402,690,阿巴嘎旗,Abaga Qi
5403,584,朝阳,Chaoyang
5404,632,卓资,Zhuozi
5405,630,集宁市,Jining Shi
5406,1173,运城市,Yuncheng Shi
5407,1177,候马市,Houma Shi
5408,1164,隰县,Xi Xian
5409,392,古县,Gu Xian
5410,1161,汾西,Fenxi
5411,1157,临汾市,Linfen Shi
5412,1169,吉县,Ji Xian
5413,2805,鄂托克旗,Etuoke Qi
5414,662,兴和,Xinghe
5415,1357,白云矿区,Baiyun Kuangqu
5416,652,正镶白旗,Zhengxiangbai Qi
5417,648,四子王旗,Siziwang Qi
5418,1368,鄂温克族自治旗,Ewenke Zizhiqi
5419,1370,新巴尔虎左翼旗,Xinba'erhu-zuo Qi
5420,1367,鄂伦春自治旗,Elunchun Zizhiqi
5421,616,乌兰浩特市,Wulanhaote Shi
5422,602,翁牛特旗,Wengniute Qi
5423,618,科尔沁右翼中旗,Ke'erqin-youyizhong Qi
5424,612,西乌珠穆沁旗,Xiwuzhumuqin Qi
5425,2801,鄂托克前旗,Etuoke-qian Qi
5426,615,莫力达瓦达斡尔族旗,Molidawa Dawo'er Qi
5427,692,苏尼特右旗,Sunite-you Qi
5428,606,开鲁,Kailu
5429,687,清水河,Qingshuihe
5430,649,太仆寺旗,Taipusi Qi
5431,560,建平,Jianping
5432,617,科尔沁右翼前旗,Ke'erqin-youyiqian Qi
5433,891,深县,Shen Xian
5434,1351,托克托,Tuoketuo
5435,932,高邑,Gaoyi
5436,892,辛集市,Xinji Shi
5437,926,阜平,Fuping
5438,972,安国,Anguo
5439,663,涿鹿,Zhuolu
5440,654,康保,Kangbao
5441,927,灵寿,Lingshou
5442,920,槁城市,Gaocheng Shi
5443,882,任邱市,Renqiu Shi
5444,916,吴桥,Wuqiao
5445,908,盐山,Yanshan
5446,905,黄骅市,Huanghua Shi
5447,883,献县,Xian Xian
5448,884,泊头市,Potou Shi
5449,1108,故城,Gucheng
5450,890,枣强,Zaoqiang
5451,710,兴隆,Xinglong
5452,944,南和,Nanhe
5453,913,东光,Dongguang
5454,669,万全,Wanquan
5455,655,沽源,Guyuan
5456,910,海兴,Haixing
5457,558,平泉,Pingquan
5458,933,赞皇,Zanhuang
5459,594,围场满族蒙古族自治县,Weichang Manzu-Menggu Zizhixian
5460,1117,古交市,Gujiao Shi
5461,595,滦平,Luanping
5462,591,宽城满族自治县,Kuancheng Manzu Zizhixian
5463,909,孟村回族自治县,Mengcun Hui Zizhixian
5464,746,高阳,Gaoyang
5465,893,武强,Wuqiang
5466,968,无极,Wuji
5467,966,定州市,Dingzhou Shi
5468,911,南皮,Nanpi
5469,645,武川,Wuchuan
5470,1366,额尔古纳左旗,E'erguna-zuo Qi
5471,619,札赉特旗,Zhalaite Qi
5472,1369,新巴尔虎右旗,Xinba'erhu-you Qi
5473,601,克什克腾旗,Keshiketeng Qi
5474,1362,海拉尔市,Haila'er Shi
5475,1147,繁畤,Fanshi
5476,678,蔚县,Yu Xian
5477,661,察虾尔右翼前旗,Chaha'er-youyiqian Qi
5478,563,阿鲁科尔沁旗,Aluke'erqin Qi
5479,633,凉城,Liangcheng
5480,631,丰镇市,Fengzhen Shi
5481,686,达尔罕茂明安旗,Da'erhanmaoming`an Qi
5482,660,商都,Shangdu
5483,2795,磴口,Dengkou
5484,1352,包头市辖区,Baotou Shixiaqu
5485,635,察虾尔右翼后旗,Chaha'er-youyihou Qi
5486,597,巴林右旗,Balin-you Qi
5487,559,宁城,Ningcheng
5488,928,元氏,Yuanshi
5489,681,涞源,Laiyuan
5490,566,敖汉旗,Aohan Qi
5491,2799,额济纳旗,Ejina Qi
5492,2797,阿拉善左旗,Alashan-zuo Qi
5493,2798,阿拉善右旗,Alashan-you Qi
5494,1593,乌拉特后旗,Wulate-hou Qi
5495,1365,额尔古纳右旗,E'erguna-you Qi
5496,614,阿荣旗,Arong Qi
5497,613,扎兰屯市,Zalantu Shi
5498,587,喀喇沁旗,Kalaqin Qi
5499,596,巴林左旗,Balin-zuo Qi
5500,1371,陈巴尔虎旗,Chenba'erhu Qi
5501,598,林西,Linxi
5502,642,回民区,Huimin Qu
5503,561,赤峰市辖区,Chifeng Shixiaqu
5504,894,饶阳,Raoyang
5505,1358,包头郊区,Baotou Jiaoqu
5506,1678,嘉善,Jiashan
5507,516,梨树,Lishu
5508,1679,嘉兴市辖区,Jiaxing Shixiaqu
5509,1747,乐清,Leqing
5510,1724,宁波市辖区,Ningbo Shixiaqu
5511,1726,慈溪市,Cixi Shi
5512,1743,瓯海,Ouhai
5513,1677,桐庐,Tonglu
5514,1681,嘉兴市郊区,Jiaxing Shijiaoqu
5515,1675,余杭,Yuhang
5516,1673,海宁市,Haining Shi
5517,1707,文成,Wencheng
5518,1682,平湖,Pinghu
5519,1745,永嘉,Yongjia
5520,1750,苍南,Cangnan
5521,1739,天台,Tiantai
5522,1688,安吉,Anji
5523,1680,嘉兴市城区,Jiaxing Shichengqu
5524,396,榆树市,Yushu Shi
5525,1487,凤阳,Fengyang
5526,445,公主岭市,Gongzhuling Shi
5527,518,四平市辖区,Siping Shixiaqu
5528,399,舒兰,Shulan
5529,556,集安,Ji'an
5530,401,蛟河市,Jiaohe Shi
5531,1725,鄞县,Yin Xian
5532,397,吉林市辖区,Jilin Shixiaqu
5533,1732,岱山,Daishan
5534,548,辽源市辖区,Liaoyuan Shixiaqu
5535,1686,长兴,Changxing
5536,1689,建德,Jiande
5537,1718,萧山市,Xiaoshan Shi
5538,1676,临安,Lin'an
5539,1672,杭州市辖区,Hangzhou Shixiaqu
5540,1674,富阳,Fuyang
5541,517,伊通满族自治县,Yitong Manzu Zizhixian
5542,1072,萧县,Xiao Xian
5543,1691,金华市辖区,Jinhua Shixiaqu
5544,1742,温州市辖区,Wenzhou Shixiaqu
5545,1684,桐乡,Tongxiang
5546,1715,云和,Yunhe
5547,1557,庐江,Lujiang
5548,777,寿县,Shou Xian
5549,1740,仙居,Xianju
5550,864,宿州市,Suzhou Shi
5551,1733,象山,Xiangshan
5552,868,泗县,Si Xian
5553,775,砀山,Dangshan
5554,858,颍上,Yingshang
5555,874,天长,Tianchang
5556,1576,泾县,Jing Xian
5557,1749,平阳,Pingyang
5558,923,石家庄市辖区,Shijiazhuang Shixiaqu
5559,865,宿县,Su Xian
5560,1690,淳安,Chun'an
5561,463,呼玛,Huma
5562,1711,遂昌,Suichang
5563,1716,绍兴市辖区,Shaoxing Shixiaqu
5564,1713,景宁畬族自治县,Jingningshe Zizhixian
5565,1712,龙泉市,Longquan Shi
5566,1706,丽水市,Lishui Shi
5567,1714,庆元,Qingyuan
5568,1720,余姚市,Yuyao Shi
5569,1709,缙云,Jinyun
5570,1719,诸暨市,Zhuji Shi
5571,1542,嵊泗,Shengsi
5572,1727,奉化市,Fenghua Shi
5573,1728,镇海区,Zhenhai Qu
5574,1751,泰顺,Taishun
5575,1746,瑞安市,Rui'an Shi
5576,1741,宁海,Ninghai
5577,1736,温岭,Wenling
5578,1708,青田,Qingtian
5579,540,新金,Xinjin
5580,609,双辽,Shuangliao
5581,524,台安,Tai'an
5582,534,新宾满族自治县,Xinbin Manzu Zizhixian
5583,472,图门市,Tumen Shi
5584,527,海城市,Haicheng Shi
5585,546,凤城满族自治县,Fengcheng Manzu Zizhixian
5586,531,法库,Faku
5587,520,本溪市辖区,Benxi Shixiaqu
5588,525,本溪满族自治县,Benxi Manzu Zizhixian
5589,543,金州市,Jinzhou Shi
5590,541,瓦房店市,Wafangdian Shi
5591,544,长海,Changhai
5592,542,大连市辖区,Dalian Shixiaqu
5593,530,新民,Xinmin
5594,570,阜新蒙古族自治县,Fuxin Menggu Zizhixian
5595,622,洮南市,Tao'nan Shi
5596,519,鞍山市辖区,Anshan Shixiaqu
5597,425,清原满族自治县,Qingyuan Manzu Zizhixian
5598,18204,蒙怜路,Menglin Lu
5599,576,北镇满族自治县,Beizhen Manzu Zizhixian
5600,580,黑山,Heishan
5601,545,丹东市辖区,Dandong Shixiaqu
5602,538,岫岩满族自治县,Xiuyan Manzu Zizhixian
5603,490,盖县,Gai Xian
5604,532,抚顺市辖区,Fushun Shixiaqu
5605,581,彰武,Zhangwu
5606,441,长春市辖区,Changchun Shixiaqu
5607,585,兴城市,Xingcheng Shi
5608,1734,三门,Sanmen
5609,569,阜新市辖区,Fuxin Shixiaqu
5610,1479,郎溪,Langxi
5611,573,锦西市辖区,Jinxi Shixiaqu
5612,536,庄河,Zhuanghe
5613,537,桓仁满族自治县,Huanren Manzu Zizhixian
5614,515,昌图,Changtu
5615,477,安图,Antu
5616,465,漠河,Mohe
5617,464,塔河,Tahe
5618,624,镇赉,Zhenlai
5619,550,东辽,Dongliao
5620,473,珲春市,Hunchun Shi
5621,474,龙井市,Longjing Shi
5622,578,大洼,Dawa
5623,476,汪清,Wangqing
5624,404,靖宇,Jingyu
5625,471,延吉市,Yanji Shi
5626,625,通榆,Tongyu
5627,551,通化市辖区,Tonghua Shixiaqu
5628,402,桦甸市,Huadian Shi
5629,554,柳河,Liuhe
5630,444,双阳,Shuangyang
5631,549,东丰,Dongfeng
5632,475,和龙,Helong
5633,555,梅河口市,Meihekou Shi
5634,1559,巢湖市,Chaohu Shi
5635,395,九台市,Jiutai Shi
5636,443,德惠,Dehui
5637,400,磐石,Panshi
5638,623,长岭,Changling
5639,428,大安市,Da'an Shi
5640,429,前郭尔罗斯蒙古族自治县,Qianguo'erluosi Menggu Zizhixian
5641,456,黑河市,Heihe Shi
5642,427,扶余市,Fuyu Shi
5643,430,干安,Qian'an
5644,470,长白朝鲜族自治县,Changbai Chaoxian Zizhixian
5645,621,白城市,Baicheng Shi
5646,403,抚松,Fusong
5647,557,浑江辖区,Hunjiang Shixiaqu
5648,552,通化,Tonghua
5649,553,辉南,Huinan
5650,442,农安,Nong'an
5651,398,永吉,Yongji
5652,1722,嵊县,Sheng Xian
5653,1546,阜宁,Funing
5654,1696,义乌市,Yiwu Shi
5655,1695,东阳市,Dongyang Shi
5656,1544,淮安市,Huai'an Shi
5657,1693,兰溪市,Lanxi Shi
5658,1729,舟山市辖区,Zhoushan Shixiaqu
5659,1698,武义,Wuyi
5660,1721,上虞,Shangyu
5661,1731,普陀区,Putuo Qu
5662,1699,浦江,Pujiang
5663,1710,松阳,Songyang
5664,1687,德清,Deqing
5665,1737,椒江市,Jiaojiang Shi
5666,1735,临海市,Linhai Shi
5667,1574,宣城市,Xuancheng Shi
5668,1748,玉环,Yuhuan
5669,1717,绍兴,Shaoxing
5670,1545,盐城市辖区,Yancheng Shixiaqu
5671,393,安庆地区,Anqing Diqu
5672,1517,镇江市辖区,Zhenjiang Shixiaqu
5673,1519,杨中,Yangzhong
5674,1472,句容,Jurong
5675,1518,丹徒,Dantu
5676,1550,滨海,Binhai
5677,1730,定海区,Dinghai Qu
5678,1533,东台市,Dongtai Shi
5679,1015,沭阳,Shuyang
5680,1077,宿迁市,Suqian Shi
5681,1537,南通市辖区,Nantong Shixiaqu
5682,1692,金华,Jinhua
5683,1703,常山,Changshan
5684,1702,龙游,Longyou
5685,1701,衢县,Qu Xian
5686,1700,衢州市辖区,Quzhou Shixiaqu
5687,1551,射阳,Sheyang
5688,732,滦县,Luan Xian
5689,1685,湖州市辖区,Huzhou Shixiaqu
5690,1697,永康,Yongkang
5691,1723,新昌,Xinchang
5692,1476,江浦,Jiangpu
5693,1531,宝应,Baoying
5694,931,临城,Lincheng
5695,1694,磐安,Pan'an
5696,734,乐亭,Leting
5697,1514,靖江,Jingjiang
5698,731,唐山市辖区,Tangshan Shixiaqu
5699,727,抚宁,Funing
5700,729,迁西,Qianxi
5701,713,玉田,Yutian
5702,735,唐海市,Tanghai Shi
5703,709,遵化,Zunhua
5704,572,锦州市辖区,Jinzhou Shixiaqu
5705,929,井陉,Jingxing
5706,1522,扬州市辖区,Yangzhou Shixiaqu
5707,1470,南京市辖区,Nanjing Shixiaqu
5708,1014,涟水,Lianshui
5709,1011,灌南,Guannan
5710,873,泗阳,Siyang
5711,1534,泰县,Tai Xian
5712,870,泗洪,Sihong
5713,1523,江都,Jiangdu
5714,871,盱眙,Xuyi
5715,1528,金湖,Jinhu
5716,1497,张家港市,Zhangjiagang Shi
5717,1704,江山市,Jiangshan Shi
5718,1535,泰州市,Taizhou Shi
5719,1705,开化,Kaihua
5720,1529,高邮,Gaoyou
5721,1526,泰兴,Taixing
5722,1525,仪征市,Yizheng Shi
5723,1530,兴化市,Xinghua Shi
5724,1548,淮阴市辖区,Huaiyin Shixiaqu
5725,1581,青阳,Qingyang
5726,1520,丹阳市,Danyang Shi
5727,1572,芜湖,Wuhu
5728,1490,长丰,Changfeng
5729,1484,全椒,Quanjiao
5730,1552,合肥市辖区,Hefei Shixiaqu
5731,831,亳州市,Bozhou Shi
5732,1571,芜湖市辖区,Wuhu Shixiaqu
5733,867,固镇,Guzhen
5734,1488,怀远,Huaiyuan
5735,866,灵璧,Lingbi
5736,783,六安,Lu'an
5737,1489,定远,Dingyuan
5738,1482,滁州市,Chuzhou Shi
5739,1483,嘉山,Jiashan
5740,1485,来安,Lai'an
5741,1738,黄岩市,Huangyan Shi
5742,1585,东至,Dongzhi
5743,1188,沁水,Qinshui
5744,1480,和县,He Xian
5745,1558,无为,Wuwei
5746,1556,舒城,Shucheng
5747,1575,宁国,Ningguo
5748,785,霍山,Huoshan
5749,1578,旌德,Jingde
5750,1580,贵池市,Guichi Shi
5751,574,绥中,Suizhong
5752,1016,响水,Xiangshui
5753,1573,繁昌,Fanchang
5754,1579,南陵,Nanling
5755,1683,海盐,Haiyan
5756,1744,洞头,Dongtou
5757,1486,蚌埠市辖区,Bengbu Shixiaqu
5758,1584,石埭,Shidai
5759,1554,肥东,Feidong
5760,1591,绩溪,Jixi
5761,1073,丰县,Feng Xian
5762,1492,苏州市辖区,Suzhou Shixiaqu
5763,1494,太仓,Taicang
5764,1478,广德,Guangde
5765,1532,海安,Hai'an
5766,1013,灌云,Guanyun
5767,1510,常州市辖区,Changzhou Shixiaqu
5768,1553,肥西,Feixi
5769,1071,铜山,Tongshan
5770,1496,常熟市,Changshu Shi
5771,1074,邳县,Pei Xian
5772,1471,江宁,Jiangning
5773,1498,吴江,Wujiang
5774,1477,六合,Liuhe
5775,1474,溧水,Lishui
5776,1475,高淳,Gaochun
5777,1009,连云港市辖区,Lianyungang Shixiaqu
5778,1473,溧阳市,Liyang Shi
5779,1543,洪泽,Hongze
5780,712,丰南,Fengnan
5781,1524,邗江,Hanjiang
5782,1010,东海,Donghai
5783,1012,赣榆,Ganyu
5784,1536,如皋,Rugao
5785,1538,如东,Rudong
5786,1539,南通,Nantong
5787,1493,吴县,Wu Xian
5788,1540,海门,Haimen
5789,1495,昆山市,Kunshan Shi
5790,1512,无锡市辖区,Wuxi Shixiaqu
5791,1527,大丰,Dafeng
5792,1515,江阴市,Jiangyin Shi
5793,1513,无锡,Wuxi
5794,1547,建湖,Jianhu
5795,1549,淮阴,Huaiyin
5796,1516,宜兴市,Yixing Shi
5797,1541,启东市,Qidong Shi
5798,10075,济源,Jiyuan
5799,100223,易县,Yi Xian
5800,400789,广州总管府,Guangzhou Zongguanfu
5801,400827,苏州都督府,Suzhou Dudufu
5802,400791,桂州总管府,Guizhou Zongguanfu
5803,400822,汴州都督府,Bianzhou Dudufu
5804,400793,梁州总管府,Liangzhou Zongguanfu
5805,400795,益州总管府,Yizhou Zongguanfu
5806,400785,丰州总管府,Fengzhou Zongguanfu
5807,400786,洪州总管府,Hongzhou Zongguanfu
5808,21006,甘肃省,Gansu Sheng
5809,400790,南尹州总管府,Nanyinzhou Zongguanfu
5810,400807,荆州总管府,Jingzhou Zongguanfu
5811,302098,大宁中卫,Daning zhong wei
5812,400819,前魏州都督府,Qianweizhou Dudufu
5813,400841,利州都督府,Lizhou Dudufu
5814,3322,濬州,Jun Zhou
5815,400832,宣州都督府,Xuanzhou Dudufu
5816,9817,鄠县,Hu Xian
5817,30026,安国军节度,Anguo junjiedu
5818,9810,高陵,Gaoling
5819,400747,玄州,Xuan zhou
5820,30015,武宁军节度,Wuning junjiedu
5821,9812,临潼,Lintong
5822,400788,宣州总管府,Xuanzhou Zongguanfu
5823,30067,昭义军节度,Zhaoyi junjiedu
5824,400778,杞州总管府,Qizhou Zongguanfu
5825,400794,利州总管府,Lizhou Zongguanfu
5826,400508,陆安县,Lu'an
5827,400792,峡州总管府,Xiazhou Zongguanfu
5828,400784,越州总管府,Yuezhou Zongguanfu
5829,400796,泸州总管府,Luzhou Zongguanfu
5830,30058,义成军节度,Yicheng junjiedu
5831,400772,潞州总管府,Luzhou Zongguanfu
5832,9821,蒲城,Pucheng
5833,9819,华县,Hua Xian
5834,23000,伪满洲(帝)国,Manchukuo
5835,100484,福津,Fujin
5836,30017,镇海军节度,Zhenhai junjiedu
5837,9823,大荔,Dali
5838,301108,可失哈耳,Kashigar
5839,301107,斡端,Khotan
5840,301106,亦剌八里,Ili Baliq
5841,100044,两当,Liangdang
5842,400433,交河郡,Jiaohe Jun
5843,500000,外国,Independent States
5844,302122,保安左卫,Baoan zuo wei
5845,9818,蓝田,Lantian
5846,20434,济木萨,Jimusa
5847,400615,来庭,Laiting
5848,400616,永昌,Yongchang
5849,400821,洛州都督府,Luozhou Dudufu
5850,9827,澄城,Chengcheng
5851,302186,苏州卫军民指挥使司,Suzhou wei junmin zhihuishisi
5852,9815,兴平,Xingping
5853,9824,朝邑,Chaoyi
5854,400614,合宫,Hegong
5855,30059,宣义军节度,Xuanyi junjiedu
5856,15264,行唐,Xingtang
5857,16116,繁昌,Fanchang
5858,14829,符离,Fuli
5859,13484,江安州,Jiang'an Zhou
5860,17675,贵德州,Guide Zhou
5861,9580,方城,Fangcheng
5862,10042,民权,Minquan
5863,10039,通许,Tongxu
5864,10040,考城,Kaocheng
5865,10030,武陟,Wuzhi
5866,9548,镇巴,Zhenba
5867,13658,大安军,Da'an Jun
5868,16117,芜湖,Wuhu
5869,12553,兴化,Xinghua
5870,15194,南乐,Nanle
5871,10035,项城,Xiangcheng
5872,12537,扬子,Yangzi
5873,9547,西乡,Xixiang
5874,15206,观城,Guancheng
5875,15824,丽水,Lishui
5876,14538,天兴,Tianxing
5877,15007,虞乡,Yuxiang
5878,16115,上元,Shangyuan
5879,14858,西平,Xiping
5880,400787,潭州总管府,Tanzhou Zongguanfu
5881,17587,朐山,Qushan
5882,14666,长泽,Changze
5883,13205,兴山,Xingshan
5884,30085,定难军节度,Dingnan junjiedu
5885,400829,闽州都督府,Minzhou Dudufu
5886,400783,苏州总管府,Suzhou Zongguanfu
5887,400779,兖州总管府,Yanzhou Zongguanfu
5888,13311,崇庆府,Chongqing Fu
5889,400775,前魏州总管府,Qianweizhou Zongguanfu
5890,400776,前营州总管府,Qianyingzhou Zongguanfu
5891,400777,洛州总管府,Luozhou Zongguanfu
5892,400808,南会州总管府,Nanhuizhou Zongguanfu
5893,20685,盛京将军辖区,Shengjing Jiangjun xiaqu
5894,30014,建雄军节度,Jianxiong junjiedu
5895,100161,巴东,Bachuan
5896,400835,南尹州都督府,Nanyinzhou Dudufu
5897,14022,冯乘,Fengcheng
5898,100138,富川,Fuchuan
5899,14831,蕲县,Qi Xian
5900,14641,五原,Wuyuan
5901,14545,宝鸡,Baoji
5902,14984,西平,Xiping
5903,14985,郾城,Yancheng
5904,17591,赣榆,Ganyu
5905,17589,沭阳,Shuyang
5906,14488,唐朝,Tang Dynasty
5907,14833,虹县,Hong Xian
5908,14856,遂平,Suiping
5909,9544,镇安,Zhen'an
5910,9543,柞水,Zuashui
5911,15365,弓高,Gonggao
5912,13248,通道,Tongdao
5913,12199,崇信军,Chongxin Jun
5914,15263,永昌,Yongchang
5915,14665,延恩,Yan'en
5916,21030,安徽省,Anhui sheng
5917,20431,宜禾,Yihe
5918,30124,海清节度,Haiqing Jiedu
5919,21026,贵州省,Guizhou sheng
5920,301109,察赤,Chashi
5921,100143,宁远,Ningyuan
5922,21033,合江省,Hejiang sheng
5923,100385,永明,Yongming
5924,100578,郏城,Jiacheng
5925,100420,淳化,Chunhua
5926,21059,西藏地方,Xizang difang
5927,14433,吐蕃诸部,Tufan Tribes
5928,20432,玛纳斯,Manasi
5929,400105,武清军节度,Wuqing Junjiedu
5930,400070,蜀,Shu
5931,400771,绛州总管府,Jiangzhou Zongguanfu
5932,301117,燕然山,Yanran Shan
5933,302113,宜兴卫,Yixing Wei
5934,400195,武昌军节度,Wuchang Junjiedu
5935,21037,浙江省,Zhejiang sheng
5936,400512,熊州,Xiong zhou
5937,400102,顺德军节度,Shunde Junjiedu
5938,20307,台中,Taizhong
5939,400154,顺德军节度,Shunde Junjiedu
5940,400526,来庭,Laiting
5941,400806,猷州总管府,Youzhou Zongguanfu
5942,21032,河北省,Hebei sheng
5943,400518,武川,Wuchuan
5944,3133,河南府,He'nan Fu
5945,3060,霸州,Ba Zhou
5946,3003,宁边州,Ningbian Zhou
5947,3007,汪古部,Wanggu Bu
5948,3075,安肃州,Ansu Zhou
5949,3073,遂州,Sui Zhou
5950,3050,滦州,Luan Zhou
5951,3759,临洮府,Lintao Fu
5952,3031,易州,Yi Zhou
5953,3331,滑州,Hua Zhou
5954,3273,沃州,Wu Zhou
5955,3290,洺州,Ming Zhou
5956,3306,磁州,Ci Zhou
5957,3325,卫州,Wei Zhou
5958,3300,彰德府,Zhangde Fu
5959,18208,镇康路,Zhenkang Lu
5960,3667,凤翔府,Fengxiang Fu
5961,3648,同州,Tong Zhou
5962,400805,汴州总管府,Bianzhou Zongguanfu
5963,100053,南丹,Nandan
5964,3035,涿州,Zhuo Zhou
5965,3744,邠州,Bin Zhou
5966,3550,隰州,Xi Zhou
5967,3635,商州,Shang Zhou
5968,3584,泽州,Ze Zhou
5969,2944,大同府,Datong Fu
5970,3642,干州,Qian Zhou
5971,2989,应州,Ying Zhou
5972,3660,华州,Hua Zhou
5973,3655,耀州,Yao Zhou
5974,3281,邢州,Xing Zhou
5975,3591,潞州,Lu Zhou
5976,3600,辽州,Liao Zhou
5977,3022,通州,Tong Zhou
5978,400798,会州总管府,Huizhou Zongguanfu
5979,3638,虢州,Guo Zhou
5980,21029,山西省,Shanxi sheng
5981,400815,蒲州都督府,Puzhou Dudufu
5982,21016,四川省,Sichuan sheng
5983,21021,湖南省,Hunan sheng
5984,21022,陕西省,Shanxi sheng
5985,400249,静江军节度,Jingjiang Junjiedu
5986,21024,湖北省,Hubei sheng
5987,10881,葭县,Jia Xian
5988,14739,汝州,Ru Zhou
5989,21017,察哈尔省,Chahaer sheng
5990,100650,龙泉,Longquan
5991,100664,尉氏,Weishi
5992,101014,通利军,Tongli Jun
5993,101015,银州,Yin Zhou
5994,100437,湟州,Huang Zhou
5995,21020,广西省,Guangxi sheng
5996,20686,吉林将军辖区,Jilin Jiangjun xiaqu
5997,15185,兴唐,Xingtang
5998,9814,武功,Wugong
5999,100098,大安军,Daan Jun
6000,9813,泾阳,Jingyang
6001,21019,宁夏省,Ningxia sheng
6002,400773,代州总管府,Daizhou Zongguanfu
6003,20687,黑龙江将军辖区,Heilongjiang Jiangjun xiaqu
6004,21004,热河特别区,Rehe Tebiequ
6005,301112,忽毡,Khujand
6006,14691,河南府,He'nan
6007,21014,云南省,Yunnan sheng
6008,21015,绥远省,Suiyuan sheng
6009,14788,郑州,Zheng Zhou
6010,303388,府军后卫,Fujun houwei
6011,20433,呼图壁,Hutubi
6012,11539,河北路,Hebei Lu
6013,11904,万年,Wannian
6014,12599,寿春府,Shouchun Fu
6015,21031,山东省,Shandong sheng
6016,21058,蒙古地方,Menggu difang
6017,21025,热河省,Rehe sheng
6018,400407,河南郡,Henan Jun
6019,301111,不花剌,Bukhara
6020,400797,巂州总管府,Xizhou Zongguanfu
6021,400774,幽州总管府,Youzhou Zongguanfu
6022,400799,秦州总管府,Qinzhou Zongguanfu
6023,400800,岷州总管府,Minzhou Zongguanfu
6024,400804,蒲州总管府,Puzhou Zongguanfu
6025,20312,鄂尔多斯右翼前末旗,eerduosi youyiqianmo qi
6026,9811,乾县,Qian Xian
6027,9822,渭南,Weinan
6028,101038,石泉军,Shiquan Jun
6029,300197,威州守御千户所,Weizhou shouyu qianhusuo
6030,21028,江西省,Jiangxi sheng
6031,21013,西康省,Xikang sheng
6032,21012,青海省,Qinghai sheng
6033,21036,江苏省,Jiangsu sheng
6034,14846,濠州,Hao Zhou
6035,21023,广东省,Guangdong sheng
6036,276,保山地区,Baoshan Diqu
6037,316,固原地区,Guyuan Diqu
6038,258,贵阳市,Guiyang Shi
6039,345,六盘水市,Liupanshui Shi
6040,260,铜仁地区,Tongren Diqu
6041,261,黔西南布族苗族自治州,Qianxi'nan Buyi-Miao Zizhizhou
6042,259,遵义地区,Zunyi Diqu
6043,245,广元市,Guangyuan Shi
6044,262,毕节地区,Bijie Diqu
6045,279,怒江自治州,Nujiang Lisu Zizhizhou
6046,2774,石阡,Shiqian
6047,2543,贞丰,Zhenfeng
6048,2544,册享,Ceheng
6049,280,迪庆藏族自治州,Diqing Zang Zizhizhou
6050,292,延安地区,Yan'an Diqu
6051,223,南宁市,Nanning Shi
6052,290,安康地区,Ankang Diqu
6053,355,西安市,Xi'an Shi
6054,254,雅安地区,Ya'an Diqu
6055,286,那曲地区,Naqu Diqu
6056,264,黔东南苗族侗族自治州,Qiandongnan Miao-Dong Zizhizhou
6057,255,阿坝藏族羌族自治州,Aba Zang-Qiang Zizhixian
6058,256,甘孜藏族自治州,Ganzi Zang Zizhizhou
6059,288,渭南地区,Weinan Diqu
6060,337,白银市,Baiyin Shi
6061,301,武都地区,Wudu Diqu
6062,344,中山市,Zhongshan Shi
6063,1461,Nikolsk,Nikolsk
6064,1460,Voroshilov,Voroshilov
6065,332,赤峰市,Chifeng Shi
6066,193,郧阳地区,Yunyang Diqu
6067,294,兰州市,Lanzhou Shi
6068,309,黄南藏族自治州,Huangnan Zang Zizhizhou
6069,209,深圳市,Shenzhen Shi
6070,305,甘南藏族自治州,Gannan Zang Zizhizhou
6071,304,临夏回族自治州,Linxia Hui Zizhizhou
6072,306,西宁市,Xining Shi
6073,302,平凉地区,Pingliang Diqu
6074,331,咸镜,Hamkyung
6075,298,张掖地区,Zhangye Diqu
6076,12228,广阳军,Guangyang Jun
6077,325,喀什地区,Kashi Diqu
6078,216,肇庆市,Zhaoqing Shi
6079,324,克孜勒苏柯尔克孜自治州,Kezilesu Ke'erkezi Zizhizhou
6080,206,湘西土家族苗族自治州,Xiangxi Tujia-Miao Zizhizhou
6081,202,娄底地区,Loudi Diqu
6082,211,汕头市,Shantou Shi
6083,221,阳江市,Yangjiang Shi
6084,342,海西蒙古族藏族自治州,Haixi Meng-Zang Zizhizhou
6085,219,汕尾市,Shanwei Shi
6086,220,河源市,Heyuan Shi
6087,217,惠州市,Huizhou Shi
6088,204,零陵地区,Lingling Diqu
6089,214,湛江市,Zhanjiang Shi
6090,381,湘潭,Xiangtan
6091,212,佛山市,Foshan Shi
6092,210,珠海市,Zhuhai Shi
6093,207,广州市,Guangzhou Shi
6094,222,清远市,Qingyuan Shi
6095,308,海北藏族自治州,Haibei Zang Zizhizhou
6096,326,伊犁哈萨克自治州,Yili Hasake Zizhizhou
6097,2522,屯昌,Tunchang
6098,2524,昌江黎族自治县,Changjiang Li Zizhixian
6099,240,自贡市,Zigong Shi
6100,239,重庆市,Chongqing Shi
6101,250,涪陵地区,Fuling Diqu
6102,234,河池地区,Hechi Diqu
6103,1181,垣曲,Yuanqu
6104,198,邵阳市,Shaoyang Shi
6105,197,衡阳市,Hengyang Shi
6106,241,攀枝花市,Panzhihua Shi
6107,194,宜昌地区,Yichang Diqu
6108,229,柳州地区,Liuzhou Diqu
6109,244,绵阳市,Mianyang Shi
6110,339,和田地区,Hetian Diqu
6111,278,丽江地区,Lijiang Diqu
6112,277,德宏  族景颇族自治州,Dehong Dai-Jingpo Zizhizhou
6113,275,大理白族自治州,Dali Bai Zizhizhou
6114,268,曲清地区,Quqing Diqu
6115,300,定西地区,Dingxi Diqu
6116,263,安顺地区,Anshun Diqu
6117,225,桂林市,Guilin Shi
6118,289,汉中地区,Hanzhong Diqu
6119,343,东莞市,Dongguan Shi
6120,208,韶关市,Shaoguan Shi
6121,318,吐鲁番区,Tulufan Qu
6122,281,临沧地区,Lincang Diqu
6123,320,昌吉回族自治州,Changji Hui Zizhizhou
6124,321,博尔塔拉蒙古族自治州,Bo'ertala Menggu Zizhizhou
6125,322,巴音郭楞蒙古自治州,Bayinguoleng Menggu Zizhizhou
6126,323,阿克苏地区,Akesu Diqu
6127,329,阿勒泰地区,Aletai Diqu
6128,358,海南,Hainan
6129,319,哈密地区,Hami Diqu
6130,230,桂林地区,Guilin Diqu
6131,231,梧州地区,Wuzhou Diqu
6132,232,玉林地区,Yulin Diqu
6133,233,百色地区,Bose Diqu
6134,2519,文昌,Wenchang
6135,328,塔城地区,Tacheng Diqu
6136,226,梧州市,Wuzhou Shi
6137,2529,通什市,Tongshi Shi
6138,236,海口市,Haikou Shi
6139,2525,东方黎族自治县,Dongfang Li Zizhixian
6140,2528,陵水黎族自治县,Lingshui Li Zizhixian
6141,2527,万宁,Wanning
6142,237,三业市,Sanye Shi
6143,2526,乐东黎族自治县,Ledong Li Zizhixian
6144,227,北海市,Beihai Shi
6145,235,钦州地区,Qinzhou Diqu
6146,3220,河北东路,Hebeidong Lu
6147,21034,辽北省,Liaobei sheng
6148,21040,嫩江省,Nenjiang sheng
6149,400850,兰州都督府,Lanzhou Dudufu
6150,21042,安东省,Andong sheng
6151,3077,南京路,Nanjing Lu
6152,3334,山东东路,Shandongdong Lu
6153,21038,吉林省,Jilin sheng
6154,2853,东京路,Dongjing Lu
6155,21027,河南省,Henan sheng
6156,2842,咸平路,Xianping Lu
6157,3260,河北西路,Hebeixi Lu
6158,21035,福建省,Fujian sheng
6159,21039,松江省,Songjiang sheng
6160,15164,磁州,Ci Zhou
6161,15262,行唐,Xingtang
6162,3758,临洮路,Lintao Lu
6163,3411,山东西路,Shandongxi Lu
6164,296,金昌市,Jinchang Shi
6165,301119,海南,Hainan
6166,201009,坊州,Fang zhou
6167,101194,上海,Shanghai
6168,101111,隆州,Long Zhou
6169,9584,新野,Xinye
6170,2883,北京路,Beijing Lu
6171,2943,西京路,Xijing Lu
6172,3483,河东北路,Hedongbei Lu
6173,3666,凤翔路,Fengxiang Lu
6174,3538,河东南路,Hedongnan Lu
6175,3009,中都路,Zhongdu Lu
6176,2815,上京路,Shangjing Lu
6177,400852,岷州都督府,Minzhou Dudufu
6178,12765,义安,Yi'an
6179,15182,广晋,Guangjin
6180,13241,永平,Yongping
6181,18927,陕西熙河,Shaanxi Xihe
6182,15261,章武,Zhangwu
6183,13160,吉阳,Jiyang
6184,16776,元朝,Yuan Dynasty
6185,3783,河州,He Zhou
6186,13745,通州,Tong Zhou
6187,101079,仪州,Yi Zhou
6188,9581,邓县,Deng Xian
6189,12139,南天水,Nan Tianshui
6190,12057,干州,Qian Zhou
6191,12140,北天水,Bei Tianshui
6192,13831,邛水,Qiongshui
6193,12201,义州,Yi Zhou
6194,14986,遂平,Suiping
6195,15012,安邑,Anyi
6196,9583,淅川,Xichuan
6197,13168,辰阳,Chenyang
6198,14020,荡山,Dangshan
6199,15364,弓高,Gonggao
6200,13758,通明,Tongming
6201,14644,白池,Baichi
6202,14232,石城,Shicheng
6203,9546,洋县,Yang Xian
6204,3788,西夏,XiXia
6205,10036,开封,Kaifeng
6206,13394,陵井监,Lingjing Jian
6207,9579,桐柏,Tongbai
6208,15183,大名,Daming
6209,3459,大名府路,Damingfu Lu
6210,10067,确山,Queshan
6211,3794,蒙古,Menggu
6212,14314,昌化,Changhua
6213,3795,西辽,Qara-Qitay
6214,3787,吐蕃诸部,Tufan Tribes
6215,13404,镇静军,Zhenjing Jun
6216,13007,广昌,Guangchang
6217,3732,庆原路,Qingyuan Lu
6218,14021,封阳,Fengyang
6219,357,天水市,Tianshui Shi
6220,299,武威地区,Wuwei Diqu
6221,310,海南藏族自治州,Hainan Zang Zizhizhou
6222,307,海东地区,Haidong Diqu
6223,311,果洛藏族自治州,Guoluo Zang Zizhizhou
6224,312,玉树藏族自治州,Yushu Zang Zizhizhou
6225,13526,宣化,Xuanhua
6226,13550,宁西军,Ningxi Jun
6227,13004,新城,Xincheng
6228,9577,唐河,Tanghe
6229,13423,亨州,Heng Zhou
6230,13455,顺庆府,Shunqing Fu
6231,13348,嘉定府,Jiading Fu
6232,13087,临武,Linwu
6233,13421,祺州,Qi Zhou
6234,303,庆阳地区,Qingyang Diqu
6235,301116,龙门山,Longmen shan
6236,13159,汉川,Hanchuan
6237,301113,萨历萨莱,Saliisalai
6238,10055,温县,Wen Xian
6239,9585,内乡,Neixiang
6240,301115,苦叉,Kucha
6241,3708,鄜延路,Fuyan Lu
6242,301114,也迷里,Yemili
6243,30083,安武军节度,Anwu junjiedu
6244,211099,湖广道宣慰司,Huguangdao xuanweisi
6245,301110,撒麻耳干,Samarkand
6246,13916,剑州,Jian Zhou
6247,15186,元城,Yuancheng
6248,13391,金川,Jinchuan
6249,12699,镇江府城厢,Zhenjiang Fuchengxiang
6250,14331,朱崖,Zhuya
6251,9582,南召,Nanzhao
6252,3620,京兆路,Jingzhao Lu
6253,12735,淳化,Chunhua
6254,14066,保昌,Baochang
6255,12736,淳安,Chun'an
6256,13657,大安军,Da'an Jun
6257,12700,江口镇,Jiangkou Zhen
6258,13395,仙井监,Xianjing Jian
6259,12695,嘉定,Jiading
6260,9809,西安市,Xi'an shi
6261,17310,合兰府,Helan Fu
6262,17363,荆门州,Jingmen Zhou
6263,16813,砂井总管府,Shajing Zongguanfu
6264,16810,宁海州,Ninghai Zhou
6265,17358,水达达路,Shuidada Lu
6266,17701,临洮府,Lintao Fu
6267,200021,龙江,Longjiang
6268,17307,齐王部,Qi Wangbu
6269,17001,彰德路,Zhangde Lu
6270,16791,高唐州,Gaotang Zhou
6271,17527,庐州路,Luzhou Lu
6272,17007,大名路,Daming Lu
6273,16900,集宁路,Jining Lu
6274,17025,武陟,Wuzhi
6275,211067,两淮,Lianghuai
6276,17637,镇原州,Zhenyuan Zhou
6277,3775,巩州,Gong Zhou
6278,16853,上都路,Shangdu Lu
6279,17366,南阳府,Nanyang Fu
6280,17438,德安府,De'an Fu
6281,17446,汴梁路,Bianliang Lu
6282,211058,荆湖北道宣慰司,Jinghu beidao xuanweisi
6283,16814,大都路,Dadu Lu
6284,211108,河东山西道宣慰司,Hedongshanxidao xuanweisi
6285,211141,怀庆路,Huaiqing lu
6286,201008,奉圣州,Fengsheng zhou
6287,211061,九原,Jiuyuan
6288,17697,平凉府,Pingliang Fu
6289,16784,濮州,Pu Zhou
6290,211090,淄州路,Zizhou lu
6291,211083,山东东西道宣慰司,Shandongdongxidao xuanweisi
6292,17303,称海宣慰使司,Chenghai Xuanweishisi
6293,16904,全宁路,Quanning Lu
6294,17078,东昌路,Dongchang Lu
6295,211047,怀孟路,Huaimeng lu
6296,17602,中兴路,Zhongxing Lu
6297,17301,阳翟王部,Yangdi Wangbu
6298,17657,阶州,Jie Zhou
6299,211106,燕京道宣慰司,Yanjingdao xuanweisi
6300,211039,河北,Hebei
6301,17023,河内,Henei
6302,16908,保定路,Baoding Lu
6303,18111,建昌路,Jianchang Lu
6304,211096,邢州,Xing zhou
6305,18178,元江路,Yuanjiang Lu
6306,211075,淖州,Nao zhou
6307,18134,德昌路,Dechang Lu
6308,17350,东宁路,Dongning Lu
6309,211070,罗罗斯道宣慰司,Luoluosidao xuanweisi
6310,18144,会川路,Huichuan Lu
6311,211107,云南道宣慰司,Yunnandao xuanweisi
6312,200033,姚安路军民总管府,Yaoan lu junminzongguanfu
6313,200015,凤山,Fengshan
6314,18106,普定路,Puding Lu
6315,211100,淮东道宣慰司,Huaidongdao xuanweisi
6316,16795,泰安州,Tai'an Zhou
6317,17704,庆阳府,Qingyang Fu
6318,17708,奉元路,Fengyuan Lu
6319,17646,静宁州,Jingning Zhou
6320,17644,金州,Jin Zhou
6321,17641,环州,Huan Zhou
6322,211007,京畿,Jingji
6323,16898,泰宁路,Taining Lu
6324,17610,峡州路,Xiazhou Lu
6325,211060,荆南,Jingnan
6326,17490,河南府路,He'nanfu Lu
6327,301032,平州,Ping zhou
6328,17432,安陆府,Anlu Fu
6329,17654,徽州,Hui Zhou
6330,18075,普安路,Pu'an Lu
6331,211079,平滦路,Ping luan lu
6332,17639,西和州,Xihe Zhou
6333,17435,沔阳府,Mianyang Fu
6334,10029,博爱,Bo'ai
6335,10028,滑县,Hua Xian
6336,2836,葛苏馆路,Gesuguan Lu
6337,2918,兴中府,Xingzhong Fu
6338,10060,夏邑,Xiayi
6339,10043,扶沟,Fugou
6340,2841,乌古迪烈,Wugudilie Tongjunsi
6341,3041,顺州,Shun Zhou
6342,3143,嵩州,Song Zhou
6343,2823,利涉军,Lishe Jun
6344,2838,胡里改路,Huligai Lu
6345,2907,瑞州,Rui Zhou
6346,2828,信州,Xin Zhou
6347,2822,黄隆府,Huanglong Fu
6348,2824,济州,Ji Zhou
6349,2820,肇州,Zhao Zhou
6350,2825,隆州,Long Zhou
6351,2816,会宁府,Huining Fu
6352,2903,锦州,Jin Zhou
6353,2843,咸平府,Xianping Fu
6354,2850,韩州,Han Zhou
6355,2834,恤品路,Xupin Lu
6356,10048,阳武,Yangwu
6357,10034,商水,Shangshui
6358,10031,修武,Xiuwu
6359,10045,尉氏,Weishi
6360,17300,和宁路,Hening Lu
6361,400285,鄜坊军节度,Lufang Jiedu
6362,17407,归德府,Guide Fu
6363,211102,临安道宣慰司,Linandao xuanweisi
6364,10025,舞阳,Wuyang
6365,17426,高邮府,Gaoyou Fu
6366,2859,澄州,Cheng Zhou
6367,10032,淮阳,Huaiyang
6368,10033,西华,Xihua
6369,10041,陈留,Chenliu
6370,10027,郾城,Yancheng
6371,10038,杞县,Qi Xian
6372,10044,太康,Taikang
6373,18210,平缅路,Pingmian Lu
6374,400315,徐泗濠军节度,Xu Si Hao Jiedu
6375,17523,黄州路,Huangzhou Lu
6376,18214,和泥路,Heni Lu
6377,18217,乌撒路,Wusa Lu
6378,18219,乌蒙路,Wumeng Lu
6379,18221,木连路,Mulian Lu
6380,17956,山丹州,Shandan Zhou
6381,18227,茫施路,Mangshi Lu
6382,400280,陈许军节度,Chen Xu Jiedu
6383,211137,北京路,Beijing lu
6384,17137,济南路,Ji'nan Lu
6385,211138,东京路,Dongjing lu
6386,17554,安庆路,Anqing Lu
6387,211029,康定道宣慰司,Kangdingdao xuanweisi
6388,17543,安丰路,Anfeng Lu
6389,17990,仁德府,Rende Fu
6390,18223,广南西路,Guangnanxi Lu
6391,400334,仙州都护府,Xian zhou
6392,211113,大理金齿等处宣慰司,Dalijinchidengchu xuanweisi
6393,400625,雁门军节度,Yanmen jun jiedu
6394,400623,兖海军节度,Yanhai jun jiedu
6395,400452,东平郡,Dongping Jun
6396,400284,太原军节度,Taiyuan Jiedu
6397,400278,魏博军军节度,Weibo Jiedu
6398,400371,富城郡,Fucheng Jun
6399,400328,唐邓军节度,Tang Deng Jiedu
6400,17105,益都路,Yidu Lu
6401,400329,蒲潼两关兵马军节度,Pu Dong liangguan Jiedu
6402,400447,广平郡,Guangping Jun
6403,400277,凤翔军节度,Fengxiang  Jiedu
6404,400276,凤翔陇右军节度,Fengxiang Longyou Jiedu
6405,400298,浙江西道,Zhejiang xidao
6406,400283,郑滑军节度,Zheng Hua Jiedu
6407,400453,东海郡,Donghai Jun
6408,17969,沙州路,Shazhou Lu
6409,18036,武定路,Wuding Lu
6410,17983,兀剌海路,Wulahai Lu
6411,18077,曲靖路,Qujing Lu
6412,17961,甘州路,Ganzhou Lu
6413,17963,永昌路,Yongchang Lu
6414,18212,麓川路,Luchuan Lu
6415,18870,高州路,Gaozhou Lu
6416,17843,嘉定路,Jiading Lu
6417,18047,云远路,Yunyuan Lu
6418,17974,宁夏府路,Ningxiafu Lu
6419,211032,关中,Guanzhong
6420,18229,谋粘路,Mouzhan Lu
6421,18074,孟杰路,Mengjie Lu
6422,17997,车里府,Cheli Fu
6423,17994,柏兴州,Baixing Zhou
6424,200,大庸市,Dayong Shi
6425,17958,西宁州,Xining Zhou
6426,18714,岳州路,Yuezhou Lu
6427,17386,汝宁府,Runing Fu
6428,17517,蕲州路,Qizhou Lu
6429,17504,襄阳路,Xiangyang Lu
6430,17660,成州,Cheng Zhou
6431,17561,扬州路,Yangzhou Lu
6432,211101,辽东道宣慰司,Liaodongdao xuanweisi
6433,18068,东川路,Dongchuan Lu
6434,17026,孟州,Meng Zhou
6435,18049,丽江路,Lijiang Lu
6436,16886,永平路,Yongping Lu
6437,17967,肃州路,Suzhou Lu
6438,18206,柔远路,Rouyuan Lu
6439,18183,大理路,Dali Lu
6440,18044,鹤庆路,Heqing Lu
6441,18231,孟定路,Mengding Lu
6442,17579,淮安路,Huai'an Lu
6443,17031,卫辉路,Weihui Lu
6444,16902,应昌路,Yingchang Lu
6445,400600,保宁都护府,Baoning Duhufu
6446,17311,辽阳路,Liaoyang Lu
6447,16895,德宁路,Dening Lu
6448,17356,开元路,Kaiyuan Lu
6449,16878,兴和路,Xinghe Lu
6450,17305,济南王部,Ji'nan Wangbu
6451,17191,冀宁路,Jining Lu
6452,17354,沈阳路,Shenyang Lu
6453,17152,般阳路,Panyang Lu
6454,16938,真定路,Zhending Lu
6455,16800,德州,De Zhou
6456,16986,广平路,Guangping Lu
6457,17361,咸平府,Xianping Fu
6458,17040,河间路,Hejian Lu
6459,16906,宁昌路,Ningchang Lu
6460,16808,冠州,Guan Zhou
6461,211087,顺天路,Shuntian lu
6462,211038,哈剌和林,Halahelin
6463,3129,裕州,Yu Zhou
6464,211023,称海道宣慰司,Chenghaidao xuanweisi
6465,18023,威楚路,Weichu Lu
6466,18170,广西路,Guangxi Lu
6467,18858,思州路,Sizhou Lu
6468,18095,澂江路,Chengjiang Lu
6469,16896,净州路,Jingzhou Lu
6470,301033,营州,Ying zhou
6471,400626,横海军节度,Henghai jun jiedu
6472,17085,济宁路,Jining Lu
6473,17167,大同路,Datong Lu
6474,17071,东平路,Dongping Lu
6475,16806,恩州,En Zhou
6476,400537,北市,Beishi
6477,400559,南市,Nanshi
6478,16778,曹州,Cao Zhou
6479,17318,广宁路,Guangning Lu
6480,17999,顺宁府,Shunning Fu
6481,211143,洪都府,Hongdu fu
6482,211120,浙东道宣慰司,Zhedongdao xuanweisi
6483,301118,太仓,Taicang
6484,211068,两浙,Liangzhe
6485,211140,福建道宣慰司,Fujiandao xuanweisi
6486,17324,大宁路,Daning Lu
6487,211064,夔州路,Kui zhou lu
6488,18293,平江路,Pingjiang Lu
6489,18862,雷州路,Leizhou Lu
6490,400454,棣郡,Di Jun
6491,400314,昭华军节度,Zhao Hua Jiedu
6492,400456,乐浪郡,Lelang Jun
6493,400331,京畿军节度,Wuji Jiedu
6494,17024,修武,Xiuwu
6495,211091,浙西道宣慰司,Zhexidao xuanweisi
6496,211111,曲靖等路宣慰司,Qujingdeng lu xuanweisi
6497,400330,兖海军节度,Yanhai Jiedu
6498,400450,德静郡,Dejing Jun
6499,400313,晋绛慈军节度,Jin Jiang Ci Jiedu
6500,400282,郑蔡军节度,Zheng Cai Jiedu
6501,400286,鄂岳军节度,E Yue Jiedu
6502,400444,安德郡,Ande Jun
6503,18475,延平路,Yanping Lu
6504,18155,临安路,Lin'an Lu
6505,211112,临安广西元江等处宣慰司,Linanguangxiyuanjiangdengchu xuanweisi
6506,17895,重庆路,Chongqing Lu
6507,18316,建德路,Jiande Lu
6508,211110,四川南道宣慰司,Sichuannandao xuanweisi
6509,400455,乐城郡,Lecheng Jun
6510,211063,夔东路,Kuidong lu
6511,18372,处州路,Chuzhou Lu
6512,211103,四川道宣慰司,Sichuandao xuanweisi
6513,400312,剑南东川军节度,Jiannan dongchuan Jiedu
6514,10073,辉县,Hui Xian
6515,10051,洧川,Weichuan
6516,9820,华阴,Huayin
6517,10074,浚县,Jun Xian
6518,10095,内黄,Neihuang
6519,3442,兖州,Yan Zhou
6520,3528,岚州,Lan Zhou
6521,3310,中山府,Zhongshan Fu
6522,10057,柘城,Zhecheng
6523,3412,东平府,Dongping Fu
6524,3424,徐州,Xu Zhou
6525,10122,安阳,Anyang
6526,3447,泰安州,Tai'an Zhou
6527,3403,登州,Deng Zhou
6528,3451,德州,De Zhou
6529,3455,曹州,Cao Zhou
6530,3361,海州,Hai Zhou
6531,3476,濮州,Pu Zhou
6532,3436,博州,Bo Zhou
6533,3770,兰州,Lan Zhou
6534,3729,坊州,Fang Zhou
6535,3719,保安州,Bao'an Zhou
6536,3721,绥德州,Suide Zhou
6537,3724,鄜州,Fu Zhou
6538,3677,德顺州,Deshun Zhou
6539,3684,平凉府,Pingliang Fu
6540,10070,获嘉,Huojia
6541,3733,庆阳府,Qingyang Fu
6542,3766,洮州,Tao Zhou
6543,3737,环州,Huan Zhou
6544,3504,汾州,Fen Zhou
6545,3517,葭州,Jia Zhou
6546,3510,石州,Shi Zhou
6547,3353,沂州,Yi Zhou
6548,3182,息州,Xi Zhou
6549,3690,镇戎州,Zhenrong Zhou
6550,3717,丹州,Dan Zhou
6551,10026,禹县,Yu Xian
6552,10046,鄢陵,Yanling
6553,3519,代州,Dai Zhou
6554,3709,延安府,Yan'an Fu
6555,3397,莱州,Lai Zhou
6556,3534,保德州,Baode Zhou
6557,3261,真定府,Zhending Fu
6558,3356,密州,Mi Zhou
6559,3380,棣州,Di Zhou
6560,3693,秦州,Qin Zhou
6561,3750,原州,Yuan Zhou
6562,3753,泾州,Jing Zhou
6563,3739,宁州,Ning Zhou
6564,3271,威州,Wei Zhou
6565,3524,隩州,Ao Zhou
6566,3532,岢岚州,Kelan Zhou
6567,3237,深州,Shen Zhou
6568,10072,淇县,Qi Xian
6569,3228,献州,Xian Zhou
6570,3243,清州,Qing Zhou
6571,3105,单州,Shan Zhou
6572,3247,沧州,Cang Zhou
6573,2923,建州,Jian Zhou
6574,3078,开封府,Kaifeng Fu
6575,3159,钧州,Jun Zhou
6576,3148,汝州,Ru Zhou
6577,3162,亳州,Bo Zhou
6578,3224,蠡州,Li Zhou
6579,3175,蔡州,Cai Zhou
6580,3010,大兴府,Daxing Fu
6581,3098,归德府,Guide Fu
6582,3195,颖州,Ying Zhou
6583,3200,宿州,Su Zhou
6584,3253,景州,Jing Zhou
6585,3605,沁州,Qin Zhou
6586,3539,平阳府,Pingyang Fu
6587,3318,祁州,Qi Zhou
6588,3704,陇州,Long Zhou
6589,3781,会州,Hui Zhou
6590,3796,西辽,Qara-Qitay
6591,3621,京兆府,Jingzhao Fu
6592,3187,郑州,Zheng Zhou
6593,3615,孟州,Meng Zhou
6594,3169,陈州,Chen Zhou
6595,3557,吉州,Ji Zhou
6596,3560,河中府,Hezhong Fu
6597,3568,绛州,Jiang Zhou
6598,3056,雄州,Xiong Zhou
6599,3763,积石州,Jishi Zhou
6600,3221,河间府,Hejian Fu
6601,3066,保州,Bao Zhou
6602,3577,解州,Jie Zhou
6603,2896,利州,Li Zhou
6604,2959,净州,Jing Zhou
6605,2999,云内州,Yunnei Zhou
6606,2970,德兴州,Dexing Zhou
6607,2961,桓州,Huan Zhou
6608,2955,弘州,Hong Zhou
6609,2986,武州,Wu Zhou
6610,3094,睢州,Sui Zhou
6611,2830,蒲与路,Puyu Lu
6612,3044,平州,Ping Zhou
6613,10023,长葛,Changge
6614,10071,新乡,Xinxiang
6615,10049,延津,Yanjin
6616,2930,临潢路,Linhuang Lu
6617,3226,莫州,Mo Zhou
6618,3498,忻州,Xin Zhou
6619,3120,邓州,Deng Zhou
6620,3231,冀州,Ji Zhou
6621,2964,抚州,Fu Zhou
6622,3610,怀州,Huai Zhou
6623,2953,丰州,Feng Zhou
6624,2979,宣德州,Xuande Zhou
6625,3005,东胜州,Dongsheng Zhou
6626,2977,昌州,Chang Zhou
6627,2993,蔚州,Yu Zhou
6628,3025,蓟州,Ji Zhou
6629,2925,全州,Quan Zhou
6630,2927,兴州,Xing Zhou
6631,2884,大定府,Dading Fu
6632,3153,许州,Xu Zhou
6633,2983,朔州,Shuo Zhou
6634,3205,泗州,Si Zhou
6635,3069,安州,An Zhou
6636,10052,中牟,Zhongmou
6637,10054,汜水,Sishui
6638,3501,平定州,Pingding Zhou
6639,10053,孟县,Meng Xian
6640,10022,许昌,Xuchang
6641,2915,懿州,Yi Zhou
6642,2832,合懒路,Helai Lu
6643,3216,随州,Sui Zhou
6644,18003,中庆路,Zhongqing Lu
6645,2854,辽阳府,Liaoyang Fu
6646,400520,桂林县,Guilin
6647,2826,隆安府,Long'an Fu
6648,2879,来远州,Laiyuan Zhou
6649,2899,义州,Yi Zhou
6650,2862,沈州,Shen Zhou
6651,2881,婆速府路,Posufu Lu
6652,2871,盖州,Gai Zhou
6653,2868,贵德州,Guide Zhou
6654,2876,复州,Fu Zhou
6655,2911,广宁府,Guangning Fu
6656,3110,寿州,Shou Zhou
6657,3460,大名府,Daming Fu
6658,3335,益都府,Yidu Fu
6659,3484,太原府,Taiyuan Fu
6660,3496,晋州,Jin Zhou
6661,3471,恩州,En Zhou
6662,3536,管州,Guan Zhou
6663,3479,开州,Kai Zhou
6664,3343,潍州,Wei Zhou
6665,3432,滕州,Teng Zhou
6666,3347,滨州,Bin Zhou
6667,3376,莒州,Ju Zhou
6668,3384,济南府,Ji'nan Fu
6669,3526,宁化州,Ninghua Zhou
6670,3428,邳州,Pei Zhou
6671,3419,济州,Ji Zhou
6672,3392,淄州,Zi Zhou
6673,3408,宁海州,Ninghai Zhou
6674,3115,陕州,Shan Zhou
6675,3124,唐州,Tang Zhou
6676,2537,天等,Tiandeng
6677,1893,黄州市,Huangzhou Shi
6678,2551,阳朔,Yangshuo
6679,2547,临桂,Lingui
6680,2546,桂林市辖区,Guilin Shixiaqu
6681,2589,梧州市辖区,Wuzhou Shixiaqu
6682,2563,柳城,Liucheng
6683,2614,崇左,Chongzuo
6684,2561,柳江,Liujiang
6685,2570,宾阳,Binyang
6686,2558,灌阳,Guanyang
6687,2540,宁明,Ningming
6688,2609,横县,Heng Xian
6689,2538,龙州,Longzhou
6690,2593,岑溪,Cenxi
6691,2590,苍梧,Cangwu
6692,2478,梅州市辖区,Meizhou Shixiaqu
6693,2435,三水,Sanshui
6694,2594,怀集,Huaiji
6695,2485,四会,Sihui
6696,2413,云浮,Yunfu
6697,2414,郁南,Yu'nan
6698,2560,柳州辖区,Liuzhou Shixiaqu
6699,2494,封开,Fengkai
6700,2605,隆安,Long'an
6701,2412,罗定,Luoding
6702,2493,德庆,Deqing
6703,2450,惠州市辖区,Huizhou Shixiaqu
6704,2498,电白,Dianbai
6705,2545,凭祥市,Pingxiang Shi
6706,2471,潮州市,Chaozhou Shi
6707,2472,丰顺,Fengshun
6708,2554,永福,Yongfu
6709,2555,龙胜各族自治县,Longsheng gezu Zizhixian
6710,2541,西林,Xilin
6711,2565,融安,Rong'an
6712,2564,三江侗族自治县,Sanjiang Dong Zizhixian
6713,2571,上林,Shanglin
6714,2613,大新,Daxin
6715,2610,扶绥,Fusui
6716,2566,融水苗族自治县,Rongshui Miao Zizhixian
6717,2552,荔浦,Lipu
6718,2549,资源,Ziyuan
6719,2586,恭城瑶族自治县,Gongcheng Yao Zizhixian
6720,2548,兴安,Xing'an
6721,2575,合山市,Heshan Shi
6722,2604,武鸣,Wuming
6723,2557,全州,Quanzhou
6724,2514,海口市辖区,Haikou Shixiaqu
6725,2496,茂名市辖区,Maoming Shixiaqu
6726,2503,合浦,Hepu
6727,2607,都安瑶族自治县,Du'an Yao Zizhixian
6728,2535,田林,Tianlin
6729,2502,北海市辖区,Beihai Shixiaqu
6730,2606,马山,Mashan
6731,2603,邕宁,Yongning
6732,841,遂平,Suiping
6733,2576,忻城,Xincheng
6734,2553,鹿寨,Luzhai
6735,2569,武宣,Wuxuan
6736,2568,象州,Xiangzhou
6737,2567,来宾,Laibin
6738,2556,金秀瑶族自治县,Jinxiu Yao Zizhixian
6739,2583,平乐,Pingle
6740,1801,泰和,Taihe
6741,2441,曲江,Qujiang
6742,2419,从化,Conghua
6743,2420,番禺,Panyu
6744,2424,增城,Zengcheng
6745,2415,广州市辖区,Guangzhou Shixiaqu
6746,2443,仁化,Renhua
6747,2481,蕉岭,Jiaoling
6748,2440,韶关市辖区,Shaoguan Shixiaqu
6749,2442,乐昌,Lechang
6750,2468,澄海,Chenghai
6751,2449,始兴,Shixing
6752,2430,江门市辖区,Jiangmen Shixiaqu
6753,2006,新田,Xintian
6754,2488,阳春,Yangchun
6755,2484,高要,Gaoyao
6756,2445,翁源,Wengyuan
6757,2489,恩平,Enping
6758,2480,平远,Pingyuan
6759,1978,嘉禾,Jiahe
6760,2464,五华,Wuhua
6761,2416,花县,Hua Xian
6762,2433,鹤山,Heshan
6763,2474,普宁,Puning
6764,2439,连山壮族瑶族自治县,Lianshan Zhuang-Yao Zizhixian
6765,2431,新会,Xinhui
6766,2444,乳源瑶族自治县,Ruyuan Yao Zizhixian
6767,2511,徐闻,Xuwen
6768,2495,吴川,Wuchuan
6769,2501,廉江,Lianjiang
6770,2508,湛江市辖区,Zhanjiang Shixiaqu
6771,2509,海康,Haikang
6772,2500,化州,Huazhou
6773,2486,开平,Kaiping
6774,2438,阳山,Yangshan
6775,1991,溆浦,Xupu
6776,1999,双牌,Shuangpai
6777,1848,会同,Huitong
6778,2487,新兴,Xinxing
6779,2437,连南瑶族自治县,Liannan Yao Zizhixian
6780,2427,龙门,Longmen
6781,2447,英德,Yingde
6782,2007,江华瑶族自治县,Jianghua Yao Zizhixian
6783,2446,佛冈,Fogang
6784,2490,阳江市辖区,Yangjiang Shixiaqu
6785,2453,紫金,Zijin
6786,2483,肇庆市辖区,Zhaoqing Shixiaqu
6787,2497,高州,Gaozhou
6788,2533,凌云,Lingyun
6789,2436,连县,Lian Xian
6790,2451,惠阳,Huiyang
6791,2492,广宁,Guangning
6792,2423,东莞市,Dongguan Shi
6793,2429,中山市,Zhongshan Shi
6794,2463,龙川,Longchuan
6795,2003,道县,Dao Xian
6796,1847,洪江市,Hongjiang Shi
6797,2005,江永,Jiangyong
6798,1989,怀化市,Huaihua Shi
6799,1854,宜章,Yizhang
6800,1980,蓝山,Lanshan
6801,1997,永州市,Yongzhou Shi
6802,2002,东安,Dong'an
6803,2001,祁阳,Qiyang
6804,2004,宁远,Ningyuan
6805,2455,博罗,Boluo
6806,2452,惠东,Huidong
6807,1871,汉川,Hanchuan
6808,1892,红安,Hong'an
6809,2012,来凤,Laifeng
6810,1899,蕲春,Qichun
6811,2014,五峰土家族自治县,Wufeng Tujia Zizhixian
6812,1883,郧西,Yunxi
6813,1889,应城市,Yingcheng Shi
6814,1903,江陵,Jiangling
6815,1560,英山,Yingshan
6816,1887,安陆市,Anlu Shi
6817,1888,云梦,Yunmeng
6818,1895,浠水,Xishui
6819,1874,宜城,Yicheng
6820,1881,竹山,Zhushan
6821,1859,鄂州市辖区,Ezhou Shixiaqu
6822,1891,广水市,Guangshui Shi
6823,1905,石首市,Shishou Shi
6824,2534,乐业,Leye
6825,1901,黄梅,Huangmei
6826,1879,房县,Fang Xian
6827,2200,建始,Jianshi
6828,1918,兴山,Xingshan
6829,1873,襄阳,Xiangyang
6830,1896,罗田,Luotian
6831,1865,通城,Tongcheng
6832,1897,麻城市,Macheng Shi
6833,1906,监利,Jianli
6834,1844,钟祥,Zhongxiang
6835,1890,孝感市,Xiaogan Shi
6836,1910,荆门市辖区,Jingmen Shixiaqu
6837,1900,武穴市,Wuxue Shi
6838,756,鄢陵,Yanling
6839,1877,老河口市,Laohekou Shi
6840,1868,大冶,Daye
6841,788,灵宝,Lingbao
6842,1114,清丰,Qingfeng
6843,1977,桂阳,Guiyang
6844,2507,浦北,Pubei
6845,1113,濮阳,Puyang
6846,2013,鹤峰,Hefeng
6847,823,许昌市辖区,Xuchang Shixiaqu
6848,1214,济源市,Jiyuan Shi
6849,1885,十堰市辖区,Shiyan Shixiaqu
6850,1911,当阳市,Dangyang Shi
6851,1909,枝江,Zhijiang
6852,1916,远安,Yuan'an
6853,1914,长阳土家族自治县,Changyang Tujia Zizhixian
6854,979,新乡,Xinxiang
6855,1063,范县,Fan Xian
6856,394,鹤壁市辖区,Hebi Shixiaqu
6857,834,郸城,Dancheng
6858,803,舞阳,Wuyang
6859,832,鹿邑,Luyi
6860,835,淮阳,Huaiyang
6861,836,项城,Xiangcheng
6862,765,柘城,Zhecheng
6863,1101,南乐,Nanle
6864,976,浚县,Jun Xian
6865,825,漯河市辖区,Luohe Shixiaqu
6866,824,许昌,Xuchang
6867,1915,枝城市,Zhicheng Shi
6868,760,长葛,Changge
6869,767,商邱,Shangqiu
6870,829,禹县市,Yuxian Shi
6871,1886,郧县,Yun Xian
6872,1104,台前,Taiqian
6873,2572,宜山,Yishan
6874,2482,高明,Gaoming
6875,2418,南海,Nanhai
6876,2421,顺德,Shunde
6877,2505,防城各族自治县,Fangcheng gezu Zizhixian
6878,2550,灵川,Lingchuan
6879,2542,隆林各族自治县,Longlin gezu Zizhixian
6880,2417,佛山市辖区,Foshan Shixiaqu
6881,2470,南澳,Nan'ao
6882,2573,河池市,Hechi Shi
6883,2574,环江毛南族自治县,Huanjiang Maonan Zizhixian
6884,2578,天峨,Tian'e
6885,2580,凤山,Fengshan
6886,2591,藤县,Teng Xian
6887,1882,竹谿,Zhuxi
6888,2504,钦州市,Qinzhou Shi
6889,2536,田阳,Tianyang
6890,2462,和平,Heping
6891,2592,容县,Rong Xian
6892,2599,贵港市,Guigang Shi
6893,2617,田东,Tiandong
6894,2618,那坡,Napo
6895,2616,德保,Debao
6896,2466,饶平,Raoping
6897,2612,平果,Pingguo
6898,2476,揭阳,Jieyang
6899,2598,陆川,Luchuan
6900,2601,平南,Pingnan
6901,2432,台山,Taishan
6902,2434,清远市辖区,Qingyuan Shixiaqu
6903,2469,汕头市辖区,Shantou Shixiaqu
6904,2562,罗城    自治县,Luocheng Molao Zizhixian
6905,2615,百色市,Bose Shi
6906,1875,南漳,Nanzhang
6907,2011,利川市,Lichuan Shi
6908,1872,襄樊市辖区,Xiangfan Shixiaqu
6909,2008,恩始市,Enshi Shi
6910,877,枣阳市,Zaoyang Shi
6911,1919,巴东,Badong
6912,2582,巴马瑶族自治县,Bama Yao Zizhixian
6913,1880,砷农架林区,Shennongjia Linqu
6914,2608,大化瑶族自治县,Dahua Yao Zizhixian
6915,1876,谷城,Gucheng
6916,2010,宣恩,Xuan'en
6917,1912,宜昌市辖区,Yichang Shixiaqu
6918,2009,咸丰,Xianfeng
6919,1917,秭归,Zigui
6920,1884,丹江口市,Danjiangkou Shi
6921,875,随州市,Suizhou Shi
6922,2559,蒙山,Mengshan
6923,2595,玉林市,Yulin Shi
6924,2577,南丹,Nandan
6925,2597,北流,Beiliu
6926,2506,灵山,Lingshan
6927,2611,上思,Shangsi
6928,2581,东兰,Donglan
6929,1597,大悟,Dawu
6930,2588,贺县,He Xian
6931,1878,保康,Baokang
6932,2602,南宁市辖区,Nanning Shixiaqu
6933,2585,钟山,Zhongshan
6934,2584,昭平,Zhaoping
6935,2587,富川瑶族自治县,Fuchuan Yao Zizhixian
6936,2539,靖西,Jingxi
6937,2600,桂平,Guiping
6938,2596,博白,Bobai
6939,2356,平潭,Pingtan
6940,2355,宁德市,Ningde Shi
6941,2374,寿宁,Shouning
6942,2407,龙岩市,Longyan Shi
6943,2389,武平,Wuping
6944,2387,永定,Yongding
6945,854,阜阳市,Fuyang Shi
6946,2408,漳平,Zhangping
6947,2352,霞浦,Xiapu
6948,1570,当涂,Dangtu
6949,2395,仙游,Xianyou
6950,1562,怀宁,Huaining
6951,781,利辛,Lixin
6952,863,濉溪,Suixi
6953,2371,浦城,Pucheng
6954,2385,长汀,Changting
6955,2378,将乐,Jiangle
6956,2367,金门,Jinmen
6957,2347,长乐,Changle
6958,2366,同安,Tong'an
6959,2388,上杭,Shanghang
6960,2379,三明市辖区,Sanming Shixiaqu
6961,2348,连江,Lianjiang
6962,2354,福安市,Fu'an Shi
6963,2353,柘荣,Zherong
6964,2362,惠安,Hui'an
6965,2390,明溪,Mingxi
6966,2399,建宁,Jianning
6967,2372,武夷山市,Wuyishan Shi
6968,2357,福清,Fuqing
6969,2368,永春,Yongchun
6970,1583,铜陵,Tongling
6971,2386,宁化,Ninghua
6972,2359,晋江,Jinjiang
6973,2411,长泰,Changtai
6974,2380,永安市,Yong'an Shi
6975,2363,德化,Dehua
6976,2381,沙县,Sha Xian
6977,2360,石狮市,Shishi Shi
6978,780,蒙城,Mengcheng
6979,2401,龙海,Longhai
6980,1569,马鞍山市辖区,Ma'anshan Shixiaqu
6981,2406,东山,Dongshan
6982,2402,华安,Hua'an
6983,2403,云霄,Yunxiao
6984,855,阜阳,Fuyang
6985,2358,泉州市辖区,Quanzhou Shixiaqu
6986,2460,河源市辖区,Heyuan Shixiaqu
6987,2361,南安,Nan'an
6988,1563,桐城,Tongcheng
6989,784,金寨,Jinzhai
6990,779,涡阳,Guoyang
6991,869,五河,Wuhe
6992,857,阜南,Fu'nan
6993,778,淮南市辖区,Huainan Shixiaqu
6994,859,界首市,Jieshou Shi
6995,776,凤台,Fengtai
6996,862,淮北市辖区,Huaibei Shixiaqu
6997,1481,含山,Hanshan
6998,1555,岳西,Yuexi
6999,1567,宿松,Susong
7000,1566,太湖,Taihu
7001,1565,潜山,Qianshan
7002,1564,枞阳,Zongyang
7003,1076,枣庄市辖区,Zaozhuang Shixiaqu
7004,1582,铜陵市辖区,Tongling Shixiaqu
7005,853,密县,Mi Xian
7006,814,嵩县,Song Xian
7007,757,尉氏,Weishi
7008,828,襄城,Xiangcheng
7009,764,兰考,Lankao
7010,813,宜阳,Yiyang
7011,977,淇县,Qi Xian
7012,830,新郑,Xinzheng
7013,821,无钢市,Wugang Shi
7014,852,荣阳,Rongyang
7015,980,辉县市,Huixian Shi
7016,753,中牟,Zhongmou
7017,1215,温县,Wen Xian
7018,808,登封,Dengfeng
7019,2392,莲城,Liancheng
7020,754,杞县,Qi Xian
7021,820,鲁山,Lushan
7022,3387,齐河,Qihe
7023,811,新安,Xin'an
7024,982,内黄,Neihuang
7025,1208,博爱,Bo'ai
7026,957,安阳,Anyang
7027,959,荡阴,Tangyin
7028,1093,新泰市,Xintai Shi
7029,958,林县,Lin Xian
7030,810,巩县,Gong Xian
7031,1065,济宁市辖区,Jining Shixiaqu
7032,1061,汶上,Wenshang
7033,1089,宁阳,Ningyang
7034,1090,泰安市辖区,Tai'an Shixiaqu
7035,1037,桓台,Huantai
7036,1212,武陟,Wuzhi
7037,771,滑县,Hua Xian
7038,2397,光泽,Guangze
7039,2369,建阳,Jianyang
7040,2410,东山,Dongshan
7041,2350,永泰,Yongtai
7042,2396,邵武市,Shaowu Shi
7043,2383,尤溪,Youxi
7044,1213,孟县,Meng Xian
7045,2384,顺昌,Shunchang
7046,2345,屏南,Pingnan
7047,2394,莆田,Putian
7048,2382,大田,Datian
7049,2364,安溪,Anxi
7050,2370,建瓯,Jian'ou
7051,2393,莆田市,Putian Shi
7052,2404,漳浦,Zhangpu
7053,2377,南平市,Nanping Shi
7054,2375,松溪,Songxi
7055,749,开封,Kaifeng
7056,750,原阳,Yuanyang
7057,1209,沁阳市,Qinyang Shi
7058,751,通许,Tongxu
7059,1210,焦作市辖区,Jiaozuo Shixiaqu
7060,818,郏县,Jia Xian
7061,2373,政和,Zhenghe
7062,851,郑州市辖区,Zhengzhou Shixiaqu
7063,2344,古田,Gutian
7064,2391,清流,Qingliu
7065,2405,诏安,Zhao'an
7066,2409,平和,Pinghe
7067,2351,福鼎,Fuding
7068,2376,周宁,Zhouning
7069,1577,黄山市辖区,Huangshan Shixiaqu
7070,816,洛宁,Luoning
7071,1823,赣县,Gan Xian
7072,1763,万年,Wannian
7073,1818,宜春市,Yichun Shi
7074,2342,福州市辖区,Fuzhou Shixiaqu
7075,1831,宁都,Ningdu
7076,1757,奉新,Fengxin
7077,2530,三业市辖区,Sanye Shixiaqu
7078,1822,赣州市,Ganzhou Shi
7079,1813,宜丰,Yifeng
7080,1838,上犹,Shangyou
7081,1837,南康,Nankang
7082,1800,吉安,Ji'an
7083,1824,于都,Yudu
7084,1775,弋阳,Yiyang
7085,1774,横峰,Hengfeng
7086,1839,崇义,Chongyi
7087,1761,铜鼓,Tonggu
7088,2349,罗源,Luoyuan
7089,1771,上饶,Shangrao
7090,1768,德兴市,Dexing Shi
7091,1764,余干,Yugan
7092,1759,武宁,Wuning
7093,1762,波阳,Boyang
7094,1833,全南,Quannan
7095,1588,婺源,Wuyuan
7096,2398,泰宁,Taining
7097,1755,丰城市,Fengcheng Shi
7098,1758,靖安,Jing'an
7099,1814,樟树市,Zhangshu Shi
7100,1811,高安,Gao'an
7101,1812,上高,Shanggao
7102,1832,瑞金,Ruijin
7103,1819,分宜,Fenyi
7104,2499,信宜,Xinyi
7105,2473,惠来,Huilai
7106,2477,揭西,Jiexi
7107,2475,潮阳,Chaoyang
7108,2448,南雄,Nanxiong
7109,2461,连平,Lianping
7110,1834,龙南,Longnan
7111,2465,兴宁,Xingning
7112,2426,宝安,Bao'an
7113,2479,梅县,Mei Xian
7114,2457,海丰,Haifeng
7115,2459,陆河,Luhe
7116,2458,陆丰,Lufeng
7117,2456,汕尾市辖区,Shanwei Shixiaqu
7118,1898,黄陂,Huangpi
7119,2454,新丰,Xinfeng
7120,1767,浮梁,Fuliang
7121,1836,大余,Dayu
7122,1830,寻邬,Xunwu
7123,1829,定南,Dingnan
7124,1825,信丰,Xinfeng
7125,1826,兴国,Xingguo
7126,1827,会昌,Huichang
7127,2428,珠海市辖区,Zhuhai Shixiaqu
7128,1766,景德镇市,Jingdezhen Shi
7129,2422,斗门,Doumen
7130,1798,乐安,Le'an
7131,1790,黎川,Lichuan
7132,2467,大埔,Dapu
7133,2491,阳西,Yangxi
7134,2425,深圳市辖区,Shenzhen Shixiaqu
7135,1821,万载,Wanzai
7136,1765,乐平,Leping
7137,1779,星子,Xingzi
7138,1760,修水,Xiushui
7139,1756,进贤,Jinxian
7140,1781,安义,Anyi
7141,1802,吉水,Jishui
7142,1776,鹰潭市辖区,Yingtan Shixiaqu
7143,1787,湖口,Hukou
7144,1986,资溪,Zixi
7145,1828,安远,Anyuan
7146,1820,萍乡市辖区,Pingxiang Shixiaqu
7147,1782,永修,Yongxiu
7148,1783,九江,Jiujiang
7149,1784,九江市辖区,Jiujiang Shixiaqu
7150,1785,德安,De'an
7151,1773,玉山,Yushan
7152,1803,永丰,Yongfeng
7153,2400,漳州市辖区,Zhangzhou Shixiaqu
7154,1589,祁门,Qimen
7155,1590,黟县,Yi Xian
7156,1587,休宁,Xiuning
7157,1561,安庆市辖区,Anqing Shixiaqu
7158,1586,歙县,She Xian
7159,1568,望江,Wangjiang
7160,1753,南昌,Nanchang
7161,860,太和,Taihe
7162,1754,新建,Xinjian
7163,1769,余江,Yujiang
7164,2343,闽候,Minhou
7165,1816,新淦,Xin'gan
7166,1799,吉安市,Ji'an Shi
7167,1780,都昌,Duchang
7168,1788,彭泽,Pengze
7169,856,临泉,Linquan
7170,1804,安福,Anfu
7171,1789,南城,Nancheng
7172,1815,峡江,Xiajiang
7173,1810,宁冈,Ninggang
7174,1808,莲花,Lianhua
7175,1807,永新,Yongxin
7176,1786,瑞昌市,Ruichang Shi
7177,1805,遂川,Suichuan
7178,1777,贵溪,Guixi
7179,1795,崇仁,Chongren
7180,1770,上饶市,Shangrao Shi
7181,2652,洱源,Eryuan
7182,1772,广丰,Guangfeng
7183,3365,赣榆,Ganyu
7184,3370,东海,Donghai
7185,3284,内邱,Neiqiu
7186,3372,沭阳,Shuyang
7187,3362,朐山,Qushan
7188,3283,唐山,Tangshan
7189,3314,永平,Yongping
7190,3267,行唐,Xingtang
7191,3269,灵寿,Lingshou
7192,3268,阜平,Fuping
7193,3324,汤阴,Tangyin
7194,3263,槁城,Gaocheng
7195,3364,朐山,Qushan
7196,3377,莒县,Ju Xian
7197,3326,汲县,Ji Xian
7198,3277,赞皇,Zanhuang
7199,3328,苏门,Sumen
7200,3410,文登,Wendeng
7201,3265,栾城,Luancheng
7202,3332,白马,Baima
7203,3330,昨城,Zuocheng
7204,3119,阌乡,Wenxiang
7205,3301,安阳,Anyang
7206,3305,辅岩,Fuyan
7207,3299,洺水,Mingshui
7208,3307,釜阳,Fuyang
7209,3282,邢台,Xingtai
7210,3278,宁晋,Ningjin
7211,3122,南阳,Nanyang
7212,3289,巨鹿,Julu
7213,3123,内乡,Neixiang
7214,3121,穰城,Rangcheng
7215,3127,湖阳,Huyang
7216,3125,泌阳,Biyang
7217,3131,叶县,Ye Xian
7218,3240,武强,Wuqiang
7219,3309,邯郸,Handan
7220,3286,任县,Ren Xian
7221,3293,宗城,Zongcheng
7222,3373,沭阳,Shuyang
7223,3357,诸城,Zhucheng
7224,3386,临邑,Linyi
7225,3375,海州海岸海水,Haizhou Coastal Waters
7226,3275,临城,Lincheng
7227,3304,临漳,Linzhang
7228,3287,沙河,Shahe
7229,3303,荡阴,Tangyin
7230,3285,平乡,Pingxiang
7231,3302,林虑,Linlyu
7232,3308,武安,Wu'an
7233,3363,朐山,Qushan
7234,3274,平棘,Pingji
7235,3126,比阳,Piyang
7236,3288,南和,Nanhe
7237,3586,端氏,Duanshi
7238,3716,门山,Menshan
7239,3718,宜川,Yichuan
7240,3578,解县,Jie Xian
7241,3567,猗氏,Yishi
7242,3643,奉天,Fengtian
7243,3594,屯留,Tunliu
7244,3650,朝邑,Chaoyi
7245,3575,绛县,Jiang Xian
7246,3654,韩城,Hancheng
7247,3720,保安,Bao'an
7248,3651,白水,Baishui
7249,3726,直罗,Zhiluo
7250,3722,绥德州,Suide Zhou
7251,3296,肥乡,Feixiang
7252,3587,陵川,Lingchuan
7253,3652,郃阳,Heyang
7254,3734,安化,Anhua
7255,3606,铜鞮,Tongdi
7256,3742,贞宁,Zhenning
7257,3741,定平,Dingping
7258,3564,万泉,Wanquan
7259,3715,敷政,Fuzheng
7260,3725,洛交,Luojiao
7261,3580,芮城,Ruicheng
7262,3561,河东,Hedong
7263,3616,河阳,Heyang
7264,3573,太平,Taiping
7265,3609,绵上,Mianshang
7266,3748,永寿,Yongshou
7267,3579,平陆,Pinglu
7268,3647,好畤,Haozhi
7269,3727,鄜城,Fucheng
7270,3294,新安,Xin'an
7271,3566,河津,Hejin
7272,3613,山阳,Shanyang
7273,3572,翼城,Yicheng
7274,3327,新乡,Xinxiang
7275,3262,真定,Zhending
7276,3728,洛川,Luochuan
7277,3297,鸡泽,Jize
7278,3582,安邑,Anyi
7279,3292,广平,Guangping
7280,3291,永年,Yongnian
7281,3298,曲周,Quzhou
7282,3276,高邑,Gaoyi
7283,3266,获鹿,Huolu
7284,3244,会川,Huichuan
7285,3333,内黄,Neihuang
7286,3712,延长,Yanchang
7287,3731,宜君,Yijun
7288,3730,中部,Zhongbu
7289,3646,武亭,Wuting
7290,3754,泾川,Jingchuan
7291,3505,西河,Xihe
7292,3551,隰川,Xichuan
7293,3710,肤施,Fushi
7294,3562,荣河,Ronghe
7295,3565,临晋,Linjin
7296,3581,夏县,Xia Xian
7297,3574,垣曲,Yuanqu
7298,3552,仵城,Wucheng
7299,3714,甘泉,Ganquan
7300,3711,延川,Yanchuan
7301,3295,成安,Cheng'an
7302,3619,温县,Wen Xian
7303,3462,大名,Daming
7304,3421,金乡,Jinxiang
7305,3465,南乐,Nanle
7306,3440,茌平,Chiping
7307,3520,鴈门,Yanmen
7308,3425,彭城,Pengcheng
7309,3490,榆次,Yuci
7310,3469,清平,Qingping
7311,3418,平阴,Pingyin
7312,3468,朝城,Chaocheng
7313,3470,莘县,Shen Xian
7314,3457,定陶,Dingtao
7315,1835,石城,Shicheng
7316,1778,铅山,Qianshan
7317,1806,万安,Wan'an
7318,1083,冠县,Guan Xian
7319,1752,南昌辖区,Nanchang Shixiaqu
7320,1793,临川市,Linchuan Shi
7321,987,淄博市辖区,Zibo Shixiaqu
7322,1040,莱西,Laixi
7323,1044,即墨市,Jimo Shi
7324,984,临朐,Linqu
7325,1791,南丰,Nanfeng
7326,1021,日照市,Rizhao Shi
7327,1792,广昌,Guangchang
7328,1809,井冈山市,Jinggangshan Shi
7329,1797,宜黄,Yihuang
7330,1796,金谿,Jinxi
7331,1817,新喻市,Xinyu Shi
7332,1794,东乡,Dongxiang
7333,2510,遂溪,Suixi
7334,1039,莱州市,Laizhou Shi
7335,3367,赣榆,Ganyu
7336,1858,武昌,Wuchang
7337,3329,获嘉,Huojia
7338,3311,安喜,Anxi
7339,3366,赣榆,Ganyu
7340,3359,高密,Gaomi
7341,3264,平山,Pingshan
7342,3371,涟水,Lianshui
7343,3270,元氏,Yuanshi
7344,3368,东海,Donghai
7345,3369,东海,Donghai
7346,2229,雅江,Yajiang
7347,2205,美姑,Meigu
7348,2204,金阳,Jinyang
7349,2211,昭觉,Zhaojue
7350,2223,宁南,Ningnan
7351,2228,丹巴,Danba
7352,2208,木里藏族自治县,Muli Zang Zizhixian
7353,2215,石棉,Shimian
7354,2782,台江,Taijiang
7355,2206,雷波,Leibo
7356,2210,布拖,Butuo
7357,2212,冕宁,Mianning
7358,2237,新龙,Xinlong
7359,2242,得荣,Derong
7360,2241,稻城,Daocheng
7361,2240,乡城,Xiangcheng
7362,2143,仪陇,Yilong
7363,2235,白玉,Baiyu
7364,2112,彭县,Peng Xian
7365,2099,双流,Shuangliu
7366,2169,荣昌,Rongchang
7367,2100,郫县,Pi Xian
7368,2166,长寿,Changshou
7369,2105,温江,Wenjiang
7370,1655,民乐,Minle
7371,2043,邛崃,Qionglai
7372,2163,江北,Jiangbei
7373,2045,蒲江,Pujiang
7374,2115,崇庆,Chongqing
7375,2111,都江堰市,Dujiangyan Shi
7376,2030,眉山,Meishan
7377,2170,綦江,Qijiang
7378,2041,荣县,Rong Xian
7379,2165,江津,Jiangjin
7380,2038,夹江,Jiajiang
7381,2137,梓潼,Zitong
7382,2154,富顺,Fushun
7383,2327,白朗,Bailang
7384,2047,泸县,Lu Xian
7385,2167,大足,Dazu
7386,2161,重庆市辖区,Chongqing Shixiaqu
7387,2173,合川,Hechuan
7388,2037,峨眉山市,Emeishan Shi
7389,2116,新津,Xinjin
7390,2044,大邑,Dayi
7391,2021,三台,Santai
7392,2162,巴县,Ba Xian
7393,2164,壁山,Bishan
7394,2025,潼南,Tongnan
7395,2278,乌兰,Wulan
7396,2032,丹棱,Danleng
7397,1616,中宁,Zhongning
7398,1349,贵德,Guide
7399,1345,化隆回族自治县,Hualong Hui Zizhixian
7400,1344,互助土族自治县,Huzhu Tu Zizhixian
7401,2319,岗巴,Gangba
7402,2276,称多,Chenduo
7403,2268,达日,Dari
7404,1270,海原,Haiyuan
7405,2277,甘德,Gande
7406,1613,盐池,Yanchi
7407,1263,隆德,Longde
7408,1262,西吉,Xiji
7409,1267,泾源,Jingyuan
7410,1269,固原,Guyuan
7411,822,宝丰,Baofeng
7412,2260,河南蒙古族自治县,He'nan Menggu Zizhixian
7413,2272,德令哈市,Delingha Shi
7414,1469,刚察,Gangcha
7415,1342,乐都,Ledu
7416,2266,班玛,Banma
7417,2271,杂多,Zaduo
7418,2267,曲麻莱,Qumalai
7419,2264,治多,Zhiduo
7420,2262,同德,Tongde
7421,1346,循化撒拉族自治县,Xunhua Sala Zizhixian
7422,2261,共和,Gonghe
7423,2275,玉树,Yushu
7424,1340,平安,Ping'an
7425,2269,玛多,Maduo
7426,2273,玛沁,Maqin
7427,2274,九治,Jiuzhi
7428,2214,米易,Miyi
7429,2265,囊谦,Nangqian
7430,2789,德江,Dejiang
7431,2104,井研,Jingyan
7432,2033,青神,Qingshen
7433,2179,忠县,Zhong Xian
7434,2109,内江市辖区,Neijiang Shixiaqu
7435,2749,平塘,Pingtang
7436,2128,苍溪,Cangxi
7437,2579,荔波,Libo
7438,2122,江油市,Jiangyou Shi
7439,2788,思南,Sinan
7440,2748,三都水族自治县,Sandu Shui Zizhixian
7441,2097,红原,Hongyuan
7442,2027,蓬溪,Pengxi
7443,2191,开县,Kai Xian
7444,2153,自贡市辖区,Zigong Shixiaqu
7445,2532,罗甸,Luodian
7446,2130,广元市辖区,Guangyuan Shixiaqu
7447,2633,双江拉祜族佤族布郎族  族自治县,Shuangjiang Lahu-Wa-Bulang-Dai Zizhixian
7448,2022,射洪,Shehong
7449,2201,马边彝族自治县,Mabian Yi Zizhixian
7450,2093,若尔盖,Ruo'ergai
7451,2199,梁平,Liangping
7452,2186,巫山,Wushan
7453,2039,洪雅,Hongya
7454,2192,城口,Chengkou
7455,2103,仁寿,Renshou
7456,2190,万县,Wan Xian
7457,2189,万县市,Wanxian Shi
7458,2187,巫溪,Wuxi
7459,2035,金口河区,Jinkouhe Qu
7460,2203,沐川,Muchuan
7461,2108,资中,Zizhong
7462,2123,青川,Qingchuan
7463,2048,叙永,Xuyong
7464,2113,北川,Beichuan
7465,2119,绵竹,Mianzhu
7466,2024,中江,Zhongjiang
7467,2120,德阳市辖区,Deyang Shixiaqu
7468,2118,什邡,Shifang
7469,2106,简阳,Jianyang
7470,2036,峨边彝族自治县,Ebian Yi Zizhixian
7471,2102,金堂,Jintang
7472,2098,成都市辖区,Chengdu Shixiaqu
7473,2050,合江,Hejiang
7474,2121,绵阳市辖区,Mianyang Shixiaqu
7475,2046,泸州市辖区,Luzhou Shixiaqu
7476,2220,盐边,Yanbian
7477,2704,攀枝花市辖区,Panzhihua Shixiaqu
7478,2117,广汉市,Guanghan Shi
7479,2034,乐山市辖区,Leshan Shixiaqu
7480,2031,彭山,Pengshan
7481,2110,东兴区,Dongxing Qu
7482,2029,安岳,Anyue
7483,2028,乐至,Lezhi
7484,2042,威远,Weiyuan
7485,2155,隆昌,Longchang
7486,2171,南川,Nanchuan
7487,2026,遂宁市辖区,Suining Shixiaqu
7488,2084,古蔺,Gulin
7489,2136,剑阁,Jiange
7490,2131,旺苍,Wangcang
7491,2107,资阳,Ziyang
7492,2174,铜梁,Tongliang
7493,2101,新都,Xindu
7494,2114,安县,An Xian
7495,2040,犍为,Qianwei
7496,2074,遵义市,Zunyi Shi
7497,1123,交城,Jiaocheng
7498,1137,方山,Fangshan
7499,1138,柳林,Liulin
7500,1132,孝义,Xiaoyi
7501,1136,离石,Lishi
7502,2768,开阳,Kaiyang
7503,1995,天柱,Tianzhu
7504,1135,灵石,Lingshi
7505,2739,紫云布依族苗族自治县,Ziyun Buyi-Miao Zizhixian
7506,2754,平坝,Pingba
7507,2766,修文,Xiuwen
7508,2767,息烽,Xifeng
7509,2741,普定,Puding
7510,688,东胜市,Dongsheng Shi
7511,1180,翼城,Yicheng
7512,1168,石楼,Shilou
7513,2731,[Mengla],Mengla
7514,680,灵丘,Lingqiu
7515,683,左云,Zuoyun
7516,1183,平陆,Pinglu
7517,1172,万荣,Wanrong
7518,638,阳高,Yanggao
7519,1151,岚县,Lan Xian
7520,1133,介休,Jiexiu
7521,1125,寿阳,Shouyang
7522,1159,洪洞,Hongtong
7523,1184,芮城,Ruicheng
7524,1174,临猗,Linyi
7525,1122,文水,Wenshui
7526,1134,平遥,Pingyao
7527,2082,黄平,Huangping
7528,1130,昔阳,Xiyang
7529,2651,弥渡,Midu
7530,2728,江城哈尼族彝族自治县,Jiangcheng Hani-Yi Zizhixian
7531,2727,普洱哈尼族彝族自治县,Pu'er Hani-Yi Zizhixian
7532,2630,永德,Yongde
7533,2724,施甸,Shidian
7534,2638,西盟佤族自治县,Ximeng Wa Zizhixian
7535,2752,清镇,Qingzhen
7536,2684,漾濞彝族自治县,Yangbi Yi Zizhixian
7537,2787,锦屏,Jinping
7538,2707,剑川,Jianchuan
7539,2786,从江,Congjiang
7540,2649,大理市,Dali Shi
7541,2770,岑巩,Cengong
7542,2723,永平,Yongping
7543,2718,泸水,Lushui
7544,2729,景洪,Jinghong
7545,2783,榕江,Rongjiang
7546,3503,乐平,Leping
7547,3509,灵石,Lingshi
7548,3474,清河,Qinghe
7549,3461,元城,Yuancheng
7550,3512,方山,Fangshan
7551,3130,方城,Fangcheng
7552,3466,馆陶,Guantao
7553,3478,范县,Fan Xian
7554,3467,夏津,Xiajin
7555,3481,清丰,Qingfeng
7556,3477,鄄城,Juancheng
7557,3439,博平,Boping
7558,3514,温泉,Wenquan
7559,3450,新泰,Xintai
7560,3511,离石,Lishi
7561,3472,历亭,Liting
7562,3417,寿张,Shouzhang
7563,3422,嘉祥,Jiaxiang
7564,3420,任城,Rencheng
7565,3495,寿阳,Shouyang
7566,3516,宁乡,Ningxiang
7567,3493,交城,Jiaocheng
7568,3525,河曲,Hequ
7569,3527,宁化,Ninghua
7570,3488,清源,Qingyuan
7571,3529,宜芳,Yifang
7572,3486,太谷,Taigu
7573,3489,徐沟,Xugou
7574,3485,阳曲,Yangqu
7575,3513,孟门,Mengmen
7576,3521,崞县,Guo Xian
7577,3494,盂县,Yu Xian
7578,3537,静乐,Jingle
7579,3518,葭州,Jia Zhou
7580,3530,合河,Hehe
7581,1186,闻喜,Wenxi
7582,3535,保德,Baode
7583,3139,新安,Xin'an
7584,3491,祁县,Qi Xian
7585,3506,孝义,Xiaoyi
7586,3515,临泉,Linquan
7587,3499,秀容,Xiurong
7588,3492,文水,Wenshui
7589,3502,平定,Pingding
7590,3533,岚谷,Langu
7591,3508,平遥,Pingyao
7592,3522,五台,Wutai
7593,2921,兴城,Xingcheng
7594,3497,晋州,Jin Zhou
7595,3500,定襄,Dingxiang
7596,3531,楼烦,Loufan
7597,3438,堂邑,Tangyi
7598,3473,武城,Wucheng
7599,3507,介休,Jiexiu
7600,3144,伊阳,Yiyang
7601,3149,梁县,Liang Xian
7602,3152,宝丰,Baofeng
7603,3158,襄城,Xiangcheng
7604,3147,长水,Changshui
7605,3117,灵宝,Lingbao
7606,3321,深泽,Shenze
7607,3239,束鹿,Shulu
7608,3116,陜县,Shan Xian
7609,3316,曲阳,Quyang
7610,3238,静安,Jing'an
7611,3225,博野,Boye
7612,3223,肃宁,Suning
7613,3227,任邱,Renqiu
7614,3475,临清,Linqing
7615,3146,福昌,Fuchang
7616,3114,六安,Lu'an
7617,3738,通远,Tongyuan
7618,3250,盐山,Yanshan
7619,3251,南皮,Nanpi
7620,3245,兴济,Xingji
7621,3246,靖海,Jinghai
7622,3128,桐柏,Tongbai
7623,3138,芝田,Zhitian
7624,3150,郏城,Jiacheng
7625,3151,鲁山,Lushan
7626,3135,渑池,Mianchi
7627,3103,谷熟,Gushu
7628,3523,繁畤,Fanshi
7629,3358,安邱,Anqiu
7630,3141,宜阳,Yiyang
7631,3242,安平,Anping
7632,3132,舞阳,Wuyang
7633,3235,武邑,Wuyi
7634,3256,将陵,Jiangling
7635,3230,交河,Jiaohe
7636,3258,蓨县,Xiu Xian
7637,3222,河间,Hejian
7638,3236,枣强,Zaoqiang
7639,3313,无极,Wuji
7640,3232,信都,Xindu
7641,3257,吴桥,Wuqiao
7642,3317,唐县,Tang Xian
7643,3254,东光,Dongguang
7644,3482,观城,Guancheng
7645,3480,濮阳,Puyang
7646,3464,冠氏,Guanshi
7647,3463,魏县,Wei Xian
7648,3233,南宫,Nangong
7649,3320,鼓城,Gucheng
7650,3319,蒲阴,Puyin
7651,3234,衡水,Hengshui
7652,3272,井陉,Jingxing
7653,3280,隆平,Longping
7654,3279,柏乡,Baixiang
7655,3323,黎阳,Liyang
7656,3229,乐寿,Leshou
7657,3315,庆都,Qingdu
7658,3259,宁津,Ningjin
7659,3255,阜城,Fucheng
7660,3252,乐陵,Leling
7661,3241,饶阳,Raoyang
7662,3249,无棣,Wudi
7663,3248,清池,Qingchi
7664,3118,湖城,Hucheng
7665,3312,新乐,Xinle
7666,1841,仙桃市,Xiantao Shi
7667,1864,崇阳,Chongyang
7668,1866,阳新,Yangxin
7669,1862,蒲圻市,Puqi Shi
7670,1843,天门市,Tianmen Shi
7671,1863,咸宁市,Xianning Shi
7672,1953,双峰,Shuangfeng
7673,2016,花垣,Huayuan
7674,1925,平江,Pingjiang
7675,1842,洪湖市,Honghu Shi
7676,1845,京山,Jingshan
7677,1907,潜江市,Qianjiang Shi
7678,1908,松滋,Songzi
7679,1948,益阳,Yiyang
7680,2018,永顺,Yongshun
7681,1954,攸县,You Xian
7682,1936,望城,Wangcheng
7683,3678,陇干,Longgan
7684,1996,麻阳苗自治县,Mayang Miao Zizhixian
7685,1983,汉寿,Hanshou
7686,1869,通山,Tongshan
7687,1849,通道侗族自治县,Tongdao Dong Zizhixian
7688,1947,益阳市,Yiyang Shi
7689,1939,湘潭市辖区,Xiangtan Shixiaqu
7690,1944,宁乡,Ningxiang
7691,1861,嘉鱼,Jiayu
7692,1935,长沙,Changsha
7693,1934,长沙市辖区,Changsha Shixiaqu
7694,1941,韶山市,Shaoshan Shi
7695,1940,湘潭,Xiangtan
7696,1993,芷江侗族自治县,Zhijiang Dong Zizhixian
7697,1962,冷水江市,Lengshuijiang Shi
7698,1945,浏阳,Liuyang
7699,3689,化平,Huaping
7700,1932,桑植,Sangzhi
7701,1920,岳阳市辖区,Yueyang Shixiaqu
7702,3702,西宁,Xining
7703,3589,高平,Gaoping
7704,3683,治平,Zhiping
7705,1952,涟源市,Lianyuan Shi
7706,3681,隆德,Longde
7707,1970,衡南,Hengnan
7708,3658,美原,Meiyuan
7709,3676,麟游,Linyou
7710,3680,威戎,Weirong
7711,3598,黎城,Licheng
7712,3699,清水,Qingshui
7713,3735,彭原,Pengyuan
7714,3671,郿县,Mei Xian
7715,1850,绥宁,Suining
7716,1856,汝城,Rucheng
7717,1950,湘乡市,Xiangxiang Shi
7718,1943,汨罗市,Miluo Shi
7719,1963,新化,Xinhua
7720,1951,娄底市,Loudi Shi
7721,1984,沅江市,Yuanjiang Shi
7722,1930,大庸市辖区,Dayong Shixiaqu
7723,1949,桃江,Taojiang
7724,1959,新邵,Xinshao
7725,1931,慈利,Cili
7726,1923,华容,Huarong
7727,1922,临湘,Linxiang
7728,1924,南县,Nan Xian
7729,1921,岳阳,Yueyang
7730,1992,新晃侗族自治县,Xinhuang Dong Zizhixian
7731,1955,安化,Anhua
7732,1967,新宁,Xinning
7733,2000,祁东,Qidong
7734,1976,酃县,Ling Xian
7735,1855,资兴市,Zixing Shi
7736,1987,吉首,Jishou
7737,1972,衡东,Hengdong
7738,1969,衡阳,Hengyang
7739,1957,邵阳市辖区,Shaoyang Shixiaqu
7740,768,宁陵,Ningling
7741,1965,武冈,Wugang
7742,1964,洞口,Dongkou
7743,1961,隆回,Longhui
7744,1990,辰溪,Chenxi
7745,1958,邵东,Shaodong
7746,2020,龙山,Longshan
7747,1966,城步苗族自治县,Chengbu Miao Zizhixian
7748,806,渑池,Mianchi
7749,1902,沙市市辖区,Shashi Shixiaqu
7750,1894,新洲,Xinzhou
7751,1234,卢氏,Lushi
7752,1860,武汉市辖区,Wuhan Shixiaqu
7753,766,商邱市,Shangqiu Shi
7754,1867,黄石市辖区,Huangshi Shixiaqu
7755,1870,汉阳,Hanyang
7756,787,陜县,Shan Xian
7757,1913,宜昌,Yichang
7758,833,永城,Yongcheng
7759,770,虞城,Yucheng
7760,763,睢县,Sui Xian
7761,769,夏邑,Xiayi
7762,786,三门峡市辖区,Sanmenxia Shixiaqu
7763,1853,永兴,Yongxing
7764,807,义马市,Yima Shi
7765,1929,临澧,Linli
7766,1852,郴县,Chen Xian
7767,1998,冷水滩市,Lengshuitan Shi
7768,2015,凤凰,Fenghuang
7769,1928,石门,Shimen
7770,1994,黔阳,Qianyang
7771,1985,沅陵,Yuanling
7772,2019,古丈,Guzhang
7773,1851,郴州市,Chenzhou Shi
7774,1927,津市市,Jinshi Shi
7775,1926,澧县,Li Xian
7776,1933,安乡,Anxiang
7777,2017,保靖,Baojing
7778,1846,靖州苗族侗族自治县,Jingzhou Miao-Dong Zizhixian
7779,1988,卢溪,Luxi
7780,1982,桃源,Taoyuan
7781,1956,茶陵,Chaling
7782,1971,衡山,Hengshan
7783,1942,湘阴,Xiangyin
7784,1973,耒阳市,Leiyang Shi
7785,1974,常宁,Changning
7786,1968,衡阳市辖区,Hengyang Shixiaqu
7787,1938,株洲,Zhuzhou
7788,1904,公安,Gong'an
7789,1946,醴陵市,Liling Shi
7790,755,民权,Minquan
7791,1960,邵阳,Shaoyang
7792,1981,常德市辖区,Changde Shixiaqu
7793,1975,安仁,Anren
7794,1857,桂东,Guidong
7795,1979,临武,Linwu
7796,3645,武功,Wugong
7797,1937,株洲市辖区,Zhuzhou Shixiaqu
7798,3764,积石州,Jishi Zhou
7799,3713,临真,Linzhen
7800,3698,甘谷,Gangu
7801,3583,闻喜,Wenxi
7802,3571,稷山,Jishan
7803,3760,狄道,Didao
7804,3617,王屋,Wangwu
7805,3752,彭阳,Pengyang
7806,3576,平水,Pingshui
7807,3546,岳阳,Yueyang
7808,3749,三水,Sanshui
7809,3614,武陟,Wuzhi
7810,3549,冀氏,Jishi
7811,3607,武乡,Wuxiang
7812,3755,长武,Changwu
7813,3767,洮州,Tao Zhou
7814,3772,定远,Dingyuan
7815,3656,华原,Huayuan
7816,3611,河内,Henei
7817,3723,清涧,Qingjian
7818,3768,洮州,Tao Zhou
7819,3547,浮山,Fushan
7820,3771,兰州,Lan Zhou
7821,3618,济源,Jiyuan
7822,3608,沁源,Qinyuan
7823,3569,正平,Zhengping
7824,3773,龛谷,Kangu
7825,3782,保川,Baochuan
7826,3544,霍邑,Huoyi
7827,3765,怀羌,Huaiqiang
7828,3540,临汾,Linfen
7829,3780,安西,Anxi
7830,3757,灵台,Lingtai
7831,3745,新平,Xinping
7832,3554,大宁,Daning
7833,3740,定安,Ding'an
7834,3570,曲沃,Quwo
7835,3743,襄乐,Xiangle
7836,3563,虞乡,Yuxiang
7837,3543,赵城,Zhaocheng
7838,3756,良原,Liangyuan
7839,3542,洪洞,Hongtong
7840,3541,襄陵,Xiangling
7841,3604,仪城,Yicheng
7842,3558,吉乡,Jixiang
7843,3784,枹罕,Baohan
7844,3548,和川,Hechuan
7845,819,平顶山市辖区,Pingdingshan Shixiaqu
7846,3747,宜禄,Yilu
7847,3777,通渭,Tongwei
7848,3769,洮州,Tao Zhou
7849,3556,石楼,Shilou
7850,3785,宁河,Ninghe
7851,3778,定西,Dingxi
7852,3776,陇西,Longxi
7853,3555,永和,Yonghe
7854,3612,修武,Xiuwu
7855,3774,阿干,Agan
7856,3601,辽山,Liaoshan
7857,3746,淳化,Chunhua
7858,3553,蒲县,Pu Xian
7859,3603,和顺,Heshun
7860,3559,乡宁,Xiangning
7861,3602,榆社,Yushe
7862,3761,当川,Dangchuan
7863,3779,通西,Tongxi
7864,3625,兴平,Xingping
7865,3630,高陵,Gaoling
7866,3641,朱阳,Zhuyang
7867,3659,三原,Sanyuan
7868,3682,通边,Tongbian
7869,3644,醴泉,Liquan
7870,3626,泾阳,Jingyang
7871,3692,三川,Sanchuan
7872,3694,成纪,Chengji
7873,3703,秦安,Qin'an
7874,3631,终南,Zhongnan
7875,3687,崇信,Chongxin
7876,3673,扶风,Fufeng
7877,3628,蓝田,Lantian
7878,3762,康乐,Kangle
7879,3634,咸阳,Xianyang
7880,3696,成纪,Chengji
7881,3707,陇安,Long'an
7882,3701,陇城,Longcheng
7883,3672,盩厔,Zhouzhi
7884,3653,澄城,Chengcheng
7885,3685,平凉,Pingliang
7886,3695,成纪,Chengji
7887,3595,长子,Zhangzi
7888,3588,阳城,Yangcheng
7889,3697,冶坊,Yefang
7890,3670,虢县,Guo Xian
7891,3705,汧阳,Qianyang
7892,3679,水洛,Shuiluo
7893,3706,汧源,Qianyuan
7894,3632,栎阳,Liyang
7895,3637,洛南,Luonan
7896,3657,同官,Tongguan
7897,3636,上洛,Shangluo
7898,3640,卢氏,Lushi
7899,3661,郑县,Zheng Xian
7900,3664,蒲城,Pucheng
7901,3649,冯翊,Fengyi
7902,3596,潞城,Lucheng
7903,3627,临潼,Lintong
7904,3623,咸宁,Xianning
7905,3669,宝鸡,Baoji
7906,3674,岐山,Qishan
7907,3590,沁水,Qinshui
7908,3665,渭南,Weinan
7909,3597,襄垣,Xiangyuan
7910,3751,临泾,Linjing
7911,3545,汾西,Fenxi
7912,3624,咸宁,Xianning
7913,3668,凤翔,Fengxiang
7914,3639,虢略,Guolue
7915,3633,鄠县,Hu Xian
7916,3593,壶关,Huguan
7917,3700,鸡川,Jichuan
7918,3629,云阳,Yunyang
7919,3675,普润,Purun
7920,3663,下邽,Xiagui
7921,3688,华亭,Huating
7922,3599,涉县,She Xian
7923,3662,华阴,Huayin
7924,3585,晋城,Jincheng
7925,3686,潘原,Panyuan
7926,3622,长安,Chang'an
7927,3691,东山,Dongshan
7928,3736,合水,Heshui
7929,3592,上党,Shangdang
7930,2052,雅安市,Ya'an Shi
7931,1657,祁连,Qilian
7932,2146,大竹,Dazhu
7933,2144,广安,Guang'an
7934,2198,开江,Kaijiang
7935,2133,巴中,Bazhong
7936,2145,渠县,Qu Xian
7937,2195,宣汉,Xuanhan
7938,2197,白沙工农区,Baisha Gongnongqu
7939,2134,平昌,Pingchang
7940,2129,南部,Nanbu
7941,2148,岳池,Yuechi
7942,2222,会东,Huidong
7943,2193,达县市,Daxian Shi
7944,2089,秀山土家族苗族自治县,Xiushan Tujia-Miao Zizhixian
7945,2053,名山,Mingshan
7946,2147,邻水,Linshui
7947,2125,汶川,Wenchuan
7948,2126,理县,Li Xian
7949,2227,阿坝,Aba
7950,2225,小金,Xiaojin
7951,2095,黑水,Heishui
7952,2178,武胜,Wusheng
7953,2094,南坪,Nanping
7954,2172,黔江土家族苗族自治县,Qianjiang Tujia-Miao Zizhixian
7955,2188,云阳,Yunyang
7956,2239,巴塘,Batang
7957,2194,达县,Da Xian
7958,2051,江安,Jiang'an
7959,2086,天全,Tianquan
7960,2088,汉源,Hanyuan
7961,2092,松潘,Songpan
7962,2132,南江,Nanjiang
7963,2150,宜宾市,Yibin Shi
7964,2156,南溪,Nanxi
7965,2180,酆都,Fengdu
7966,2182,涪陵市,Fuling Shi
7967,2183,武龙,Wulong
7968,2090,酉阳土家族苗族自治县,Youyang Tujia-Miao Zizhixian
7969,2158,筠连,Junlian
7970,2054,荣经,Yingjing
7971,2056,宝兴,Baoxing
7972,2055,芦山,Lushan
7973,2202,屏山,Pingshan
7974,2185,奉节,Fengjie
7975,2049,纳溪,Naxi
7976,2085,平武,Pingwu
7977,2181,垫江,Dianjiang
7978,2138,南充市,Nanchong Shi
7979,2087,泸定,Luding
7980,2091,石砫土家族自治县,Shizhu Tujia Zizhixian
7981,2196,万源,Wanyuan
7982,2151,宜宾,Yibin
7983,2142,营山,Yingshan
7984,2141,蓬安,Peng'an
7985,2168,永川,Yongchuan
7986,2139,南充,Nanchong
7987,2152,高县,Gao Xian
7988,2160,兴文,Xingwen
7989,2159,珙县,Gong Xian
7990,2096,马尔康,Ma'erkang
7991,2157,长宁,Changning
7992,2149,华菳市,Huajin Shi
7993,2184,彭水苗族土家族自治县,Pengshui Miao-Tujia Zizhixian
7994,2140,西充,Xichong
7995,2640,昆明市辖区,Kunming Shixiaqu
7996,2061,会泽,Huize
7997,2679,南华,Nanhua
7998,2696,曲靖市,Qujing Shi
7999,2697,罗平,Luoping
8000,2698,宣威,Xuanwei
8001,2216,喜德,Xide
8002,2700,陆良,Luliang
8003,2674,楚雄市,Chuxiong Shi
8004,2702,姚安,Yao'an
8005,2207,西昌市,Xichang Shi
8006,2127,阆中市,Langzhong Shi
8007,2219,盐源,Yanyuan
8008,2218,甘洛,Ganluo
8009,2058,九龙,Jiulong
8010,2699,富源,Fuyuan
8011,2689,师宗,Shizong
8012,2675,牟定,Mouding
8013,2681,江川,Jiangchuan
8014,2644,晋宁,Jinning
8015,2646,安宁,Anning
8016,2641,富民,Fumin
8017,2642,宜良,Yiliang
8018,2060,巧家,Qiaojia
8019,2073,威信,Weixin
8020,2678,双柏,Shuangbai
8021,2680,澂江,Chengjiang
8022,2703,大姚,Dayao
8023,2713,中甸,Zhongdian
8024,2708,武定,Wuding
8025,2705,永仁,Yongren
8026,2213,德昌,Dechang
8027,2683,路南彝族自治县,Lu'nan Yi Zizhixian
8028,2234,德格,Dege
8029,2209,普格,Puge
8030,2224,金川,Jinchuan
8031,2124,茂县,Mao Xian
8032,2226,壤塘,Rangtang
8033,2238,理塘,Litang
8034,2217,越巂,Yuexi
8035,2236,石渠,Shiqu
8036,2057,康定,Kangding
8037,2232,甘孜,Ganzi
8038,2231,炉霍,Luhuo
8039,2230,道孚,Daofu
8040,2233,色达,Seda
8041,2221,会理,Huili
8042,2023,盐亭,Yanting
8043,2737,镇宁布依族苗族自治县,Zhenning Buyi-Miao Zizhixian
8044,1491,霍丘,Huoqiu
8045,2746,麻江,Majiang
8046,2653,云龙,Yunlong
8047,2785,丹寨,Danzhai
8048,2736,关岭布依族苗族自治县,Guanling Buyi-Miao Zizhixian
8049,2726,[Menghai],Menghai
8050,2784,雷山,Leishan
8051,2650,祥云,Xiangyun
8052,2771,镇远,Zhenyuan
8053,2753,凯里市,Kaili Shi
8054,2755,睛隆,Qinglong
8055,2776,铜仁市,Tongren Shi
8056,2743,贵定,Guiding
8057,1131,汾阳,Fenyang
8058,2756,普安,Pu'an
8059,1124,盂县,Yu Xian
8060,1142,交口,Jiaokou
8061,1119,清徐,Qingxu
8062,1115,太原市辖区,Taiyuan Shixiaqu
8063,1116,阳曲,Yangqu
8064,1153,娄烦,Loufan
8065,1207,沁源,Qinyuan
8066,1129,平定,Pingding
8067,1193,长治,Changzhi
8068,1194,平顺,Pingshun
8069,626,大同市辖区,Datong Shixiaqu
8070,1190,阳城,Yangcheng
8071,1191,高平,Gaoping
8072,1196,屯留,Tunliu
8073,679,广灵,Guangling
8074,1128,阳泉市辖区,Yangquan Shixiaqu
8075,1141,中阳,Zhongyang
8076,659,化德,Huade
8077,1182,绛县,Jiang Xian
8078,1187,晋城市辖区,Jincheng Shixiaqu
8079,1179,稷山,Jishan
8080,1176,新绛,Xinjiang
8081,1178,曲沃,Quwo
8082,1192,长治市辖区,Changzhi Shixiaqu
8083,1203,榆社,Yushe
8084,586,北票市,Beipiao Shi
8085,677,浑源,Hunyuan
8086,627,大同,Datong
8087,637,天镇,Tianzhen
8088,1175,河津,Hejin
8089,1185,夏县,Xia Xian
8090,1200,黎城,Licheng
8091,628,右玉,Youyu
8092,1361,准格尔旗,Zhunge'er Qi
8093,1170,乡宁,Xiangning
8094,1166,大宁,Daning
8095,1152,兴县,Xing Xian
8096,2806,临河市,Linhe Shi
8097,2802,杭锦旗,Hangjin Qi
8098,1199,襄垣,Xiangyuan
8099,2804,乌审旗,Wushen Qi
8100,1167,永和,Yonghe
8101,1592,乌拉特中旗,Wulate-zhong Qi
8102,634,察虾尔右翼中旗,Chaha'er-youyizhong Qi
8103,2796,杭锦后旗,Hangjin-hou Qi
8104,2803,伊金霍洛旗,Yijinhuoluo Qi
8105,1140,临县,Lin Xian
8106,1165,蒲县,Pu Xian
8107,1359,达拉特旗,Dalate Qi
8108,1160,霍州市,Huozhou Shi
8109,1205,沁县,Qin Xian
8110,1206,武乡,Wuxiang
8111,1198,潞城,Lucheng
8112,1195,壶关,Huguan
8113,675,应县,Ying Xian
8114,1197,长子,Zhangzi
8115,1121,祁县,Qi Xian
8116,639,怀仁,Huairen
8117,1118,太谷,Taigu
8118,1202,左权,Zuoquan
8119,1158,襄汾,Xiangfen
8120,1162,安泽,Anze
8121,1163,浮山,Fushan
8122,1204,和顺,Heshun
8123,2654,宾川,Binchuan
8124,2793,五原,Wuyuan
8125,2665,石屏,Shiping
8126,2710,禄劝彝族苗族自治县,Luquan Yi-Miao Zizhixian
8127,2673,峨山彝族自治县,Eshan Yi Zizhixian
8128,2639,墨江哈尼族自治县,Mojiang Hani Zizhixian
8129,2669,屏边苗族,Pingbian
8130,2690,弥勒,Mile
8131,2720,元江哈尼族彝族自治县,Yuanjiang Hani-Yi-Dai Zizhixian
8132,2661,元阳,Yuanyang
8133,2064,盐津,Yanjin
8134,2668,蒙自,Mengzi
8135,2667,个旧市,Gejiu Shi
8136,2685,景东彝族自治县,Jingdong Yi Zizhixian
8137,2670,河口瑶族自治县,Hekou Yao Zizhixian
8138,2643,嵩明,Songming
8139,2686,广南,Guangnan
8140,2688,泸西,Luxi
8141,2063,绥江,Suijiang
8142,2694,腾冲,Tengchong
8143,2687,富宁,Funing
8144,2730,思茅,Simao
8145,2666,开远市,Kaiyuan Shi
8146,2628,景谷自治县,Jinggu Dai-Yi Zizhixian
8147,2067,鲁甸,Ludian
8148,2672,通海,Tonghai
8149,2062,昭通市,Zhaotong Shi
8150,2664,绿春,Luchun
8151,2065,大关,Daguan
8152,2068,水富,Shuifu
8153,2071,镇雄,Zhenxiong
8154,2072,彝良,Yiliang
8155,2066,永善,Yongshan
8156,2671,华宁,Huaning
8157,2647,禄丰,Lufeng
8158,2717,德钦,Deqin
8159,2712,丽江纳溪族自治县,Lijiang Naxi Zizhixian
8160,2715,福贡,Fugong
8161,2711,寻甸回族彝族自治县,Xundian Hui-Yi Zizhixian
8162,2626,陇川,Longchuan
8163,2701,马龙,Malong
8164,2645,呈贡,Chenggong
8165,2714,维西    自治县,Weixi Lisu Zizhixian
8166,2622,华坪,Huaping
8167,2634,耿马  族佤族自治县,Gengma Dai-Wa Zizhixian
8168,2632,临沧,Lincang
8169,2629,镇康,Zhenkang
8170,2695,云县,Yun Xian
8171,2693,风庆,Fengqing
8172,2259,泽库,Zeku
8173,2635,沧源佤族自治县,Cangyuan Wa Zizhixian
8174,2716,贡山独龙族怒族自治县,Gongshan Dulong-Nu Zizhixian
8175,2648,易门,Yimen
8176,2682,玉溪市,Yuxi Shi
8177,2619,新平彝族  族自治县,Xinping Yi-Dai Zizhixian
8178,2663,金平苗族瑶族自治县,Jinping Miao-Yao-Dai Zizhixian
8179,2059,东川市辖区,Dongchuan Shixiaqu
8180,2620,镇沅彝族哈尼族拉祜族自治县,Zhenyuan Yi-Hani-Lahu Zizhixian
8181,2623,宁蒗彝族自治县,Ninglang Yi Zizhixian
8182,2662,红河,Honghe
8183,2621,永胜,Yongsheng
8184,2627,瑞丽,Ruili
8185,2725,梁河,Lianghe
8186,2631,潞西,Luxi
8187,2625,畹町市,Wanding Shi
8188,2624,盈江,Yingjiang
8189,2659,文山,Wenshan
8190,2636,孟连  族拉祜族佤族自治县,Menglian Dai-Lahu-Wa Zizhixian
8191,2772,施秉,Shibing
8192,2790,印江土家族苗族自治县,Yinjiang Tujia-Miao Zizhixian
8193,2081,道真仡佬族苗族自治县,Daozhen Yilao-Miao Zizhixian
8194,2177,鳛水,Xishui
8195,2080,正安,Zheng'an
8196,2781,剑河,Jianhe
8197,2791,沿河土家族自治县,Yanhe Tujia Zizhixian
8198,2773,三穗,Sansui
8199,2733,盘县特区,Panxian Tequ
8200,2769,长顺,Changshun
8201,2083,瓮安,Weng'an
8202,2747,龙里,Longli
8203,2750,独山,Dushan
8204,2745,福泉,Fuquan
8205,2691,丘北,Qiubei
8206,2780,黎平,Liping
8207,2778,万山特区,Wanshan Tequ
8208,2692,昌宁,Changning
8209,2722,龙陵,Longling
8210,2721,保山市,Baoshan Shi
8211,2677,蘶山彝族回族自治县,Weishan Yi-Hui Zizhixian
8212,2706,鹤庆,Heqing
8213,2365,厦门市辖区,Xiamen Shixiaqu
8214,2758,钟山区,Zhongshan Qu
8215,2744,都匀市,Duyun Shi
8216,2740,六枝特区,Liuzhi Tequ
8217,2176,仁怀,Renhuai
8218,1840,玉屏侗族自治县,Yuping Dong Zizhixian
8219,2075,遵义,Zunyi
8220,2762,贵阳市辖区,Guiyang Shixiaqu
8221,2759,水城,Shuicheng
8222,2760,织金,Zhijin
8223,2676,南涧彝族自治县,Nanjian Yi Zizhixian
8224,2656,西畴,Xichou
8225,2792,务川仡佬族苗族自治县,Wuchuan Yilao-Miao Zizhixian
8226,2077,湄潭,Meitan
8227,2775,凤冈,Fenggang
8228,2076,余庆,Yuqing
8229,2078,桐梓,Tongzi
8230,2135,通江,Tongjiang
8231,2764,黔西,Qianxi
8232,2751,毕节,Bijie
8233,2719,兰坪白族普米族自治县,Lanping Bai-Pumi Zizhixian
8234,2660,麻栗坡,Malipo
8235,2655,砚山,Yanshan
8236,2658,建水,Jianshui
8237,2657,马关,Maguan
8238,2709,元谋,Yuanmou
8239,2079,绥阳,Suiyang
8240,2070,赫章,Hezhang
8241,2779,松桃苗族自治县,Songtao Miao Zizhixian
8242,15832,温州,Wen Zhou
8243,15727,庐州,Lu Zhou
8244,16063,思州,Si Zhou
8245,14994,辉州,Hui Zhou
8246,15757,苏州,Su Zhou
8247,400374,弘农郡,Hongnong Jun
8248,14796,许州,Xu Zhou
8249,2757,兴仁,Xingren
8250,2531,望谟,Wangmo
8251,2175,赤水市,Chishui Shi
8252,2734,兴义市,Xingyi Shi
8253,2735,安龙,Anlong
8254,2069,威宁彝族回族苗族自治县,Weining Yi-Hui-Miao Zizhixian
8255,2777,江口,Jiangkou
8256,2765,金沙,Jinsha
8257,2637,澜沧拉祜族自治县,Lancang Lahu Zizhixian
8258,2763,大方,Dafang
8259,2742,惠水,Huishui
8260,2761,纳雍,Nayong
8261,1279,汧阳,Qianyang
8262,1268,同心,Tongxin
8263,1298,宜君,Yijun
8264,1244,耀县,Yao Xian
8265,1260,麟游,Linyou
8266,1259,岐山,Qishan
8267,1253,宝鸡市辖区,Baoji Shixiaqu
8268,1626,南郑,Nanzheng
8269,1240,白水,Baishui
8270,1237,武功,Wugong
8271,1216,西安市辖区,Xi'an Shixiaqu
8272,1219,兴平,Xingping
8273,1143,神木,Shenmu
8274,1308,永寿,Yongshou
8275,1252,冯翔,Fengxiang
8276,1632,凤县,Feng Xian
8277,1139,吴堡,Wubu
8278,1627,勉县,Mian Xian
8279,1222,蓝田,Lantian
8280,1622,榆林市,Yulin Shi
8281,1291,米脂,Mizhi
8282,1247,三原,Sanyuan
8283,1246,铜川市辖区,Tongchuan Shixiaqu
8284,1623,横山,Hengshan
8285,1220,泾阳,Jingyang
8286,1624,定边,Dingbian
8287,1307,长武,Changwu
8288,1257,周至,Zhouzhi
8289,1255,郿县,Mei Xian
8290,1319,临潭,Lintan
8291,1641,宁陕,Ningshan
8292,1293,绥德,Suide
8293,986,博兴,Boxing
8294,912,乐陵市,Leling Shi
8295,1043,崂山区,Laoshan Qu
8296,1109,武城,Wucheng
8297,1095,德州市,Dezhou Shi
8298,995,霑化,Zhanhua
8299,1280,陇县,Long Xian
8300,1038,邹平,Zouping
8301,1084,茬平,Chiping
8302,906,无棣,Wudi
8303,1024,惠民,Huimin
8304,1025,阳信,Yangxin
8305,1036,高青,Gaoqing
8306,1055,威海市辖区,Weihai Shixiaqu
8307,1068,嘉祥,Jiaxiang
8308,1001,平邑,Pingyi
8309,1106,临清市,Linqing Shi
8310,1635,略阳,Lueyang
8311,1235,乾县,Qian Xian
8312,1226,咸阳市辖区,Xianyang Shixiaqu
8313,1630,西乡,Xixiang
8314,1633,太白,Taibai
8315,1034,禹城,Yucheng
8316,1060,阳谷,Yanggu
8317,1085,高唐,Gaotang
8318,1103,夏津,Xiajin
8319,1107,莘县,Shen Xian
8320,1031,齐河,Qihe
8321,1029,临邑,Linyi
8322,918,宁津,Ningjin
8323,915,陵县,Ling Xian
8324,1258,扶风,Fufeng
8325,907,庆云,Qingyun
8326,1631,镇巴,Zhenba
8327,1250,渭南市,Weinan Shi
8328,1639,镇坪,Zhenping
8329,1625,汉中市,Hanzhong Shi
8330,1223,淳化,Chunhua
8331,1628,城固,Chenggu
8332,1325,白银市辖区,Baiyin Shixiaqu
8333,1621,宁强,Ningqiang
8334,1239,潼关,Tongguan
8335,1634,留坝,Liuba
8336,1248,华县,Hua Xian
8337,1466,玉门市,Yumen Shi
8338,2329,仲巴,Zhongba
8339,1321,迭部,Diebu
8340,1236,醴泉,Liquan
8341,1256,佛坪,Foping
8342,1245,富平,Fuping
8343,2332,工布江达,Gongbujiangda
8344,2304,申扎,Shenzha
8345,1243,韩城市,Hancheng Shi
8346,1224,高陵,Gaoling
8347,1465,安西,Anxi
8348,1326,榆中,Yuzhong
8349,1241,郃阳,Heyang
8350,1629,洋县,Yang Xian
8351,1317,枳石山保安族东乡族撒拉族自治县,Jishishan Bao'an-Dongxiang-Sala Zizhixian
8352,1242,澄城,Chengcheng
8353,1238,大荔,Dali
8354,1251,蒲城,Pucheng
8355,1249,华阴市,Huayin Shi
8356,1316,康乐,Kangle
8357,1333,靖远,Jingyuan
8358,1225,户县,Hu Xian
8359,1297,黄陵,Huangling
8360,1337,东乡族自治县,Dongxiang Zizhixian
8361,1659,酒泉市,Jiuquan Shi
8362,1295,富县,Fu Xian
8363,1254,宝鸡,Baoji
8364,1217,长安,Chang'an
8365,1651,景泰,Jingtai
8366,1289,吴旗,Wuqi
8367,1667,永登,Yongdeng
8368,1144,佳县,Jia Xian
8369,2800,靖边,Jingbian
8370,1292,子洲,Zizhou
8371,1360,府谷,Fugu
8372,1294,清涧,Qingjian
8373,1017,五莲,Wulian
8374,1296,洛川,Luochuan
8375,1467,阿克塞哈萨克族自治县,Akesai Hasake Zizhixian
8376,1278,会宁,Huining
8377,1322,夏河,Xiahe
8378,1620,舟曲,Zhouqu
8379,1618,碌曲,Luqu
8380,1300,庆阳,Qingyang
8381,1315,和政,Hezheng
8382,1299,西峰市,Xifeng Shi
8383,1636,安康市,Ankang Shi
8384,1334,临夏市,Linxia Shi
8385,1665,金昌市辖区,Jinchang Shixiaqu
8386,1662,永昌,Yongchang
8387,1658,嘉峪关市辖区,Jiayuguan Shixiaqu
8388,1617,玛曲,Maquu
8389,1318,临夏,Linxia
8390,1640,石泉,Shiquan
8391,1660,金塔,Jinta
8392,802,叶县,Ye Xian
8393,838,周口市,Zhoukou Shi
8394,789,邓州市,Dengzhou Shi
8395,758,扶沟,Fugou
8396,792,南召,Nanzhao
8397,839,西华,Xihua
8398,1594,信阳市,Xinyang Shi
8399,748,开封市辖区,Kaifeng Shixiaqu
8400,799,桐柏,Tongbai
8401,804,洛阳市辖区,Luoyang Shixiaqu
8402,805,伊川,Yichuan
8403,809,孟津,Mengjin
8404,1233,栾川,Luanchuan
8405,812,偃师,Yanshi
8406,1035,长清,Changqing
8407,845,确山,Queshan
8408,850,新蔡,Xincai
8409,1062,梁山,Liangshan
8410,773,成武,Chengwu
8411,1111,鄄城,Juancheng
8412,1067,巨野,Juye
8413,1100,东明,Dongming
8414,1006,青岛市辖区,Qingdao Shixiaqu
8415,843,西平,Xiping
8416,1091,肥城,Feicheng
8417,797,泌阳,Biyang
8418,849,正阳,Zhengyang
8419,840,汝南,Ru'nan
8420,846,平舆,Pingyu
8421,801,社旗,Sheqi
8422,844,驻马店市,Zhumadian Shi
8423,837,商水,Shangshui
8424,791,南阳市,Nanyang Shi
8425,975,卫辉市,Weihui Shi
8426,1600,新县,Xin Xian
8427,1596,罗山,Luoshan
8428,1211,修武,Xiuwu
8429,1598,潢川,Huangchuan
8430,842,上蔡,Shangcai
8431,876,新野,Xinye
8432,956,安阳市辖区,Anyang Shixiaqu
8433,847,息县,Xi Xian
8434,981,获嘉,Huojia
8435,761,长垣,Changyuan
8436,762,封邱,Fengqiu
8437,978,新乡市辖区,Xinxiang Shixiaqu
8438,759,延津,Yanjin
8439,817,汝州市,Ruzhou Shi
8440,1602,固始,Gushi
8441,796,淅川,Xichuan
8442,827,临颖,Linying
8443,1112,濮阳市辖区,Puyang Shixiaqu
8444,1599,光山,Guangshan
8445,800,方城,Fangcheng
8446,798,唐河,Tanghe
8447,793,南阳,Nanyang
8448,848,淮滨,Huaibin
8449,790,镇平,Zhenping
8450,1595,信阳,Xinyang
8451,752,太康,Taikang
8452,861,沈丘,Shenqiu
8453,815,汝阳,Ruyang
8454,794,西峡,Xixia
8455,1601,商城,Shangcheng
8456,1032,章邱,Zhangqiu
8457,795,内乡,Neixiang
8458,1033,济阳,Jiyang
8459,991,昌邑,Changyi
8460,1096,平原,Pingyuan
8461,1002,费县,Fei Xian
8462,1082,聊城市,Liaocheng Shi
8463,1087,曲阜,Qufu
8464,1049,福山区,Fushan Qu
8465,993,滨州市,Binzhou Shi
8466,990,寒亭区,Hanting Qu
8467,988,广饶,Guangrao
8468,1003,诸城市,Zhucheng Shi
8469,1004,安邱,Anqiu
8470,1005,高密,Gaomi
8471,1050,龙口市,Longkou Shi
8472,1097,渮泽市,Heze Shi
8473,1051,栖霞,Qixia
8474,985,寿光,Shouguang
8475,2320,日土,Ritu
8476,1057,荣成市,Rongcheng Shi
8477,989,潍坊市辖区,Weifang Shixiaqu
8478,1092,莱芜市,Laiwu Shi
8479,1066,金乡,Jinxiang
8480,1088,泗水,Sishui
8481,1059,东阿,Dong'e
8482,774,鱼台,Yutai
8483,1056,文登市,Wendeng Shi
8484,1081,邹县,Zou Xian
8485,1027,济南市辖区,Ji'nan Shixiaqu
8486,1079,微山,Weishan
8487,983,青州市,Qingzhou Shi
8488,992,昌乐,Changle
8489,1048,长岛,Changdao
8490,1086,兖州,Yanzhou
8491,1069,郓城,Yuncheng
8492,1019,莒县,Ju Xian
8493,998,临沂市,Linyi Shi
8494,1030,临沭,Linshu
8495,1022,沂水,Yishui
8496,1094,蒙阴,Mengyin
8497,1046,招远,Zhaoyuan
8498,772,单县,Shan Xian
8499,1020,沂源,Yiyuan
8500,1000,苍山,Cangshan
8501,1028,历城区,Licheng Qu
8502,1058,东平,Dongping
8503,1026,商河,Shanghe
8504,1008,胶南市,Jiaonan Shi
8505,1064,平阴,Pingyin
8506,1023,沂南,Yi'nan
8507,996,东营,Dongying
8508,1098,曹县,Cao Xian
8509,1053,牟平,Mouping
8510,1099,定陶,Dingtao
8511,1041,海阳,Haiyang
8512,1042,莱阳,Laiyang
8513,1045,平度市,Pingdu Shi
8514,999,郯城,Tancheng
8515,1007,胶州市,Jiaozhou Shi
8516,1018,莒南,Ju'nan
8517,997,垠利,Kenli
8518,994,利津,Lijin
8519,1078,滕州市,Tengzhou Shi
8520,826,郾城,Yancheng
8521,1052,烟台市辖区,Yantai Shixiaqu
8522,1054,乳山,Rushan
8523,1047,蓬莱,Penglai
8524,1462,宣川,Sunchun
8525,1453,布尔津,Bu'erkin
8526,1430,皮山,Pishan
8527,1454,富蕴,Fuyun
8528,1431,洛浦,Luopu
8529,1429,墨玉,Moyu
8530,1420,莎车,Shache
8531,1424,伽师,Jiashi
8532,1373,乌鲁木齐,Wulumuqi
8533,479,义州,Ejoo
8534,478,定平,Jungpyung
8535,1415,喀什市,Kashi Shi
8536,1425,巴楚,Bachu
8537,1426,塔什库尔干塔吉克族自治县,Tashiku'ergan Tajike Zizhixian
8538,1604,银川市辖区,Yinchuan Shixiaqu
8539,1409,阿瓦提,Awati
8540,1413,阿合奇,Aheqi
8541,1610,灵武,Lingwu
8542,1408,乌什,Wushi
8543,1411,阿图什市,Atushi Shi
8544,1406,新和,Xinhe
8545,1404,库车,Kuche
8546,1402,阿克苏市,Akesu Shi
8547,1434,民丰,Minfeng
8548,1412,阿克陶,Aketao
8549,1428,和田,Hetian
8550,1401,博湖,Bohu
8551,1432,策勒,Cele
8552,1436,伊宁市,Yining Shi
8553,1458,吉木乃,Jimunai
8554,1372,乌鲁木齐市辖区,Wulumuqi Shixiaqu
8555,1416,疏附,Shufu
8556,1410,柯坪,Keping
8557,1382,昌吉市,Changji Shi
8558,1403,温宿,Wensu
8559,1385,玛纳斯,Manasi
8560,1392,温泉,Wenquan
8561,1379,哈密市,Hami Shi
8562,1391,精河,Jinghe
8563,1419,泽普,Zepu
8564,1390,博乐市,Bole Shi
8565,1422,麦盖提,Maigaiti
8566,1388,吉木萨尔,Jimusa'er
8567,1427,和田市,Hetian Shi
8568,1389,木垒哈萨克自治县,Mulei Hasake Zizhixian
8569,1378,托克逊,Tuokesun
8570,1395,尉犁,Yuli
8571,2294,达孜,Dazi
8572,1393,库尔勒市,Ku'erle Shi
8573,1400,和硕,Heshuo
8574,1417,疏勒,Shule
8575,1396,若羌,Ruoqiang
8576,1418,英吉沙,Yingjisha
8577,1405,沙雅,Shaya
8578,1421,叶城,Yecheng
8579,1435,奎屯市,Kuitun Shi
8580,1383,米泉,Miquan
8581,1414,乌恰,Wuqia
8582,1386,奇台,Qitai
8583,1423,岳普湖,Yuepuhu
8584,1407,拜城,Baicheng
8585,1399,和静,Hejing
8586,1455,福海,Fuhai
8587,1397,且末,Qiemo
8588,1456,哈巴河,Habahe
8589,1440,巩留,Gongliu
8590,1272,礼县,Li Xian
8591,1649,徽县,Hui Xian
8592,1266,华亭,Huating
8593,1646,成县,Cheng Xian
8594,1264,平凉市,Pingliang Shi
8595,1650,两当,Liangdang
8596,1335,永靖,Yongjing
8597,1327,皋兰,Gaolan
8598,1647,武都,Wudu
8599,1261,静宁,Jingning
8600,1648,康县,Kang Xian
8601,1305,正宁,Zhengning
8602,391,庄浪,Zhuanglang
8603,1320,卓尼,Zhuoni
8604,1394,轮台,Luntai
8605,1271,西和,Xihe
8606,1339,大通回族土族自治县,Datong Hui-Tu Zizhixian
8607,1341,民和回族土族自治县,Minhe Hui-Tu Zizhixian
8608,1348,尖扎,Jianzha
8609,1463,肃北蒙古族自治县,Subei Menggu Zizhixian
8610,1652,贵南,Guinan
8611,1669,门源回族自治县,Menyuan Hui Zizhixian
8612,1338,西宁市辖区,Xining Shixiaqu
8613,1311,泾川,Jingchuan
8614,1668,湟源,Huangyuan
8615,2263,兴海,Xinghai
8616,1468,海晏,Haiyan
8617,2280,天峻,Tianjun
8618,2279,都兰,Dulan
8619,1343,湟中,Huangzhong
8620,1347,同仁,Tongren
8621,1276,甘谷,Gangu
8622,2270,格尔木市,Ge'ermu Shi
8623,1329,陇西,Longxi
8624,1312,灵台,Lingtai
8625,1671,古浪,Gulang
8626,1609,吴忠市,Wuzhong Shi
8627,1654,肃南裕固族自治县,Su'nan Yugu Zizhixian
8628,1653,张掖市,Zhangye Shi
8629,1336,广河,Guanghe
8630,1656,临泽,Linze
8631,1313,渭源,Weiyuan
8632,1265,崇信,Chongxin
8633,1302,合水,Heshui
8634,1303,环县,Huan Xian
8635,1310,镇原,Zhenyuan
8636,1304,宁县,Ning Xian
8637,1666,民勤,Minqin
8638,1619,宕昌,Dangchang
8639,1603,文县,Wen Xian
8640,1277,秦安,Qin'an
8641,1328,武山,Wushan
8642,1275,张家川回族自治县,Zhangjiachuan Hui Zizhixian
8643,1274,清水,Qingshui
8644,1273,天水市辖区,Tianshui Shixiaqu
8645,1464,敦煌市,Dunhuang Shi
8646,1663,武威市,Wuwei Shi
8647,1670,高台,Gaotai
8648,1661,山丹,Shandan
8649,1323,岷县,Min Xian
8650,1332,定西,Dingxi
8651,1331,通渭,Tongwei
8652,1314,临洮,Lintao
8653,1330,漳县,Zhang Xian
8654,1614,中卫,Zhongwei
8655,1664,天祝藏族自治县,Tianzhu Zang Zizhixian
8656,2290,洛扎,Luozha
8657,2302,南木林,Nanmulin
8658,2305,定日,Dingri
8659,2299,错那,Cuona
8660,2296,贡嘎,Gongga
8661,2295,乃东,Naidong
8662,2300,浪卡子,Langkazi
8663,2291,扎囊,Zhanang
8664,1287,宜川,Yichuan
8665,2288,措美,Cuomei
8666,2286,曲松,Qusong
8667,2284,琼结,Qiongjie
8668,2298,隆子,Longzi
8669,2336,吉隆,Jilong
8670,1644,白河,Baihe
8671,2292,加查,Jiacha
8672,1643,洵阳,Xunyang
8673,1606,贺兰,Helan
8674,1227,商州市,Shangzhou Shi
8675,1638,平利,Pingli
8676,2243,昌都,Changdu
8677,1229,商南,Shangnan
8678,2318,噶尔,Ge'er
8679,1230,山阳,Shanyang
8680,1288,志丹,Zhidan
8681,1218,镇安,Zhen'an
8682,1283,安塞,Ansai
8683,1285,延长,Yanchang
8684,1284,延川,Yanchuan
8685,1281,延安市,Yan'an Shi
8686,1290,黄龙,Huanglong
8687,2307,拉孜,Lazi
8688,1286,甘泉,Ganquan
8689,2331,萨嘎,Saga
8690,2333,比如,Biru
8691,2310,巴青,Baqing
8692,2312,尼玛,Nima
8693,2314,普兰,Pulan
8694,2306,索县,Suo Xian
8695,2297,曲水,Qushui
8696,2316,札达,Zhada
8697,2321,嘉黎,Jiali
8698,2322,革吉,Geji
8699,2324,改则,Gaize
8700,2326,措勤,Cuoqin
8701,2285,尼木,Nimu
8702,2328,隆格尔,Longge'er
8703,3388,章邱,Zhangqiu
8704,2287,堆龙德庆,Duilongdeqing
8705,2283,桑日,Sangri
8706,2309,谢通门,Xietongmen
8707,2311,仁布,Renbu
8708,2313,定结,Dingjie
8709,2301,日喀则市,Rikaze Shi
8710,2317,聂拉木,Nielamu
8711,2303,江孜,Jiangzi
8712,2337,那曲,Naqu
8713,2738,安顺市,Anshun Shi
8714,2338,安多,Anduo
8715,2335,昂仁,Angren
8716,1306,彬县,Bin Xian
8717,2308,班戈,Bange
8718,2339,康马,Kangma
8719,2315,业东,Yadong
8720,1645,汉阴,Hanyin
8721,2325,萨迦,Sajia
8722,1441,新源,Xinyuan
8723,1452,阿勒泰市,Aletai Shi
8724,1384,呼图壁,Hutubi
8725,1457,青河,Qinghe
8726,1380,巴里坤哈萨克自治县,Balikun Hasake Zizhixian
8727,1448,沙湾,Shawan
8728,1398,焉耆回族自治县,Yanqi Hui Zizhixian
8729,1451,和布克塞尔蒙古族自治县,Hebukesai'er Menggu Zizhixian
8730,1442,昭苏,Zhaosu
8731,1446,额民,Emin
8732,1381,伊吾,Yiwu
8733,1375,独山子区,Dushanzi Qu
8734,1374,克拉玛依市辖区,Kelamayi Shixiaqu
8735,1376,吐鲁番市,Tulufan Shi
8736,1642,紫阳,Ziyang
8737,1450,裕民,Yumin
8738,1615,青铜峡市,Qingtongxia Shi
8739,1612,惠农,Huinong
8740,1611,陶乐,Taole
8741,1607,石嘴山市辖区,Shizuishan Shixiaqu
8742,1608,平罗,Pingluo
8743,1605,永宁,Yongning
8744,1301,华池,Huachi
8745,1444,尼勒克,Nileke
8746,1447,乌苏,Wusu
8747,1443,特克斯,Tekesi
8748,1433,于田,Yutian
8749,1449,托里,Tuoli
8750,1437,伊宁,Yining
8751,1438,察布查尔锡伯族自治县,Chabucha'er Xibo Zizhixian
8752,1439,霍城,Huocheng
8753,1445,塔城市,Tacheng Shi
8754,1387,阜康,Fukang
8755,2246,贡觉,Gongjue
8756,2251,波密,Bomi
8757,2253,察隅,Chayu
8758,2341,郎县,Lang Xian
8759,2340,墨脱,Motuo
8760,2334,米林,Milin
8761,1377,鄯善,Shanshan
8762,2323,聂荣,Nierong
8763,2293,当雄,Dangxiong
8764,1228,丹凤,Danfeng
8765,1324,兰州市辖区,Lanzhou Shixiaqu
8766,1231,柞水,Zhashui
8767,1221,临潼,Lintong
8768,1282,子长,Zichang
8769,1637,岚皋,Langao
8770,2330,林芝,Linzhi
8771,2256,左贡,Zuogong
8772,2252,芒康,Mangkang
8773,1309,洵邑,Xunyi
8774,2245,盐井,Yanjing
8775,2247,碧土,Bitu
8776,2248,丁青,Dingqing
8777,2250,八宿,Basu
8778,2281,拉萨市辖区,Lasa Shixiaqu
8779,2255,察雅,Chaya
8780,2282,林周,Linzhou
8781,2244,边坝,Bianba
8782,2249,生达,Shengda
8783,2257,洛隆,Luolong
8784,2258,类乌齐,Leiwuqi
8785,1232,洛南,Luonan
8786,2289,墨竹工卡,Mozhengongka
8787,2254,江达,Jiangda
8788,6061,罗定州,Luoding Zhou
8789,302237,永昌军民府,Yongchang junminfu
8790,6395,新化州,Xinhua Zhou
8791,3393,淄川,Zichuan
8792,4394,通州,Tong Zhou
8793,4396,武清,Wuqing
8794,4398,宝坻,Baodi
8795,4395,三河,Sanhe
8796,4397,漷县,Huo Xian
8797,302123,怀来守御千户所,Huailai shouyu qianhusuo
8798,300471,茂山卫,Maoshan wei
8799,302100,大宁后卫,Daning hou wei
8800,300463,保定左卫,Baoding zuo wei
8801,300469,营州前屯卫,Yingzhou qian tunwei
8802,300221,镇西后千户所,Zhenxi hou qianhusuo
8803,302110,燕山后卫,Yanshan hou Wei
8804,300426,真定卫,Zhending wei
8805,300466,保定前卫,Baoding qian wei
8806,300430,密云中卫,Miyun zhong wei
8807,4368,富峪卫,Fuyu Wei
8808,302108,永清右卫,Yongqing you Wei
8809,300468,营州左屯卫,Yingzhou zuo tunwei
8810,302119,隆庆卫,Longqing Wei
8811,300465,保定中卫,Baoding zhong wei
8812,302111,密云卫,Miyun Wei
8813,302121,开平后屯卫,Kaiping hou Tunwei
8814,302112,通州卫,Tongzhou wei
8815,302116,济阳卫,Jiyang Wei
8816,4436,涞水,Laishui
8817,4435,易州,Yi Zhou
8818,3831,爱民,Aimin
8819,3184,真阳,Zhenyang
8820,3880,静州,Jing Zhou
8821,3896,西北路,Xibei Lu
8822,3853,渭州,Wei Zhou
8823,3877,宁州,Ning Zhou
8824,3811,渤海,Bohai
8825,3834,义丰,Yifeng
8826,3843,长乐,Changle
8827,3849,同昌,Tongchang
8828,3847,徽州,Hui Zhou
8829,3845,安民,Anmin
8830,3177,遂平,Suiping
8831,3929,顺化,Shunhua
8832,3181,平舆,Pingyu
8833,3036,范阳,Fanyang
8834,3037,固安,Gu'an
8835,3047,海山,Haishan
8836,3174,西华,Xihua
8837,3855,壕州,Hao Zhou
8838,3173,商水,Shangshui
8839,3180,确山,Queshan
8840,3038,新城,Xincheng
8841,3888,静边城,Jingbian Cheng
8842,3819,扶余,Fuyu
8843,3816,咸宁,Xianning
8844,3176,汝阳,Ruyang
8845,3861,横州,Heng Zhou
8846,3839,龙化,Longhua
8847,3865,遂州,Sui Zhou
8848,3820,显理,Xianli
8849,3841,永安,Yong'an
8850,3863,凤州,Feng Zhou
8851,3844,临河,Linhe
8852,3851,懿州,Yi Zhou
8853,3815,长霸,Changba
8854,3875,豫州,Yu Zhou
8855,4207,析津,Xijin
8856,4015,山河,Shanhe
8857,4089,清安,Qing'an
8858,3960,神乡,Shenxiang
8859,3867,丰州,Feng Zhou
8860,3827,兴国,Xingguo
8861,3049,昌黎,Changli
8862,3833,长宁,Changning
8863,3817,越王城,Yuewang Cheng
8864,3857,原州,Yuan Zhou
8865,3871,闾州,Lu Zhou
8866,3826,乐康,Lekang
8867,3835,慈仁,Ciren
8868,3822,玄德,Xuande
8869,3873,松山州,Songshan Zhou
8870,3837,广义,Guangyi
8871,3824,富义,Fuyi
8872,3829,长春,Changchun
8873,3823,孝安,Xiaoan
8874,3859,福州,Fu Zhou
8875,3869,顺州,Shun Zhou
8876,3053,马城,Macheng
8877,3042,温阳,Wenyang
8878,3057,归信,Guixin
8879,3015,永清,Yongqing
8880,3021,良乡,Liangxiang
8881,3017,宝坻,Baodi
8882,3054,乐亭,Leting
8883,3062,益津,Yijin
8884,3052,石城,Shicheng
8885,3048,迁安,Qian'an
8886,3045,卢龙,Lulong
8887,3161,新郑,Xinzheng
8888,3059,保定,Baoding
8889,3023,潞县,Lu Xian
8890,3058,容城,Rongcheng
8891,3112,下蔡,Xiacai
8892,3086,鄢陵,Yanling
8893,3083,泰康,Taikang
8894,3137,孟津,Mengjin
8895,3157,临颖,Linying
8896,3106,单父,Shanfu
8897,3055,滦州海岸海水,Luanzhou Coastal Waters
8898,3113,蒙城,Mengcheng
8899,3033,易县,Yi Xian
8900,3101,下邑,Xiayi
8901,3093,封邱,Fengqiu
8902,3104,楚丘,Chuqiu
8903,3034,涞水,Laishui
8904,3039,定兴,Dingxing
8905,3063,文安,Wen'an
8906,3109,砀山,Dangshan
8907,3043,密云,Miyun
8908,3165,卫真,Weizhen
8909,3164,鹿邑,Luyi
8910,3163,谯县,Qiao Xian
8911,3170,宛邱,Wanqiu
8912,3171,项城,Xiangcheng
8913,3074,遂城,Suicheng
8914,3185,褒信,Baoxin
8915,3027,遵化,Zunhua
8916,3160,阳翟,Yangdi
8917,3167,酂县,Zan Xian
8918,3183,新息,Xinxi
8919,3178,上蔡,Shangcai
8920,3040,奉先,Fengxian
8921,3046,抚宁,Funing
8922,3179,西平,Xiping
8923,4209,昌平,Changping
8924,3029,玉田,Yutian
8925,3028,丰润,Fengrun
8926,3030,平峪,Pingyu
8927,3013,安次,Anci
8928,3026,渔阳,Yuyang
8929,3024,三河,Sanhe
8930,3172,南顿,Nandun
8931,3011,大兴,Daxing
8932,3012,宛平,Wanping
8933,3020,武清,Wuqing
8934,3019,昌平,Changping
8935,3018,香河,Xianghe
8936,3014,漷阴,Huoyin
8937,3051,义丰,Yifeng
8938,4245,卢龙,Lulong
8939,4170,兴中,Xingzhong
8940,4129,长安,Chang'an
8941,4027,延津,Yanjin
8942,4117,剖阿里部,Pou'ali Bu
8943,4112,盆奴里部,Pennuli Bu
8944,4020,归仁,Guiren
8945,4110,奥里米部,Aolimi Bu
8946,4135,神水,Shenshui
8947,4249,望都,Wangdu
8948,4248,安喜,Anxi
8949,4173,闾山,Lushan
8950,4190,弘理,Hongli
8951,3974,归义,Guiyi
8952,4257,营州,Ying Zhou
8953,3952,耀州,Yao Zhou
8954,4031,东平,Dongping
8955,4093,混同,Huntong
8956,4134,归化,Guihua
8957,4172,象雷,Xianglei
8958,4140,惠州,Hui Zhou
8959,4152,榆州,Yu Zhou
8960,4128,大定,Dading
8961,4122,铁骊王府,Tieli Wangfu
8962,4244,卢龙,Lulong
8963,3992,海北州,Haibei Zhou
8964,4121,铁骊部,Tieli Bu
8965,4132,文定,Wending
8966,3975,嘉州,Jia Zhou
8967,4131,劝农,Quannong
8968,4160,北安州,Bei'an Zhou
8969,4108,越里笃部,Yuelidu Bu
8970,4311,浑源,Hunyuan
8971,4185,安昌,Anchang
8972,3969,慕州,Mu Zhou
8973,3943,汤池,Tangchi
8974,4291,永兴,Yongxing
8975,4040,迁民,Qianming
8976,4246,卢龙,Lulong
8977,3807,保和,Baohe
8978,4194,永霸,Yongba
8979,4286,天德军,Tiande Jun
8980,4025,双城,Shuangcheng
8981,3805,长泰,Changtai
8982,302101,燕山左卫,Yanshan zuo Wei
8983,4283,柔服,Roufu
8984,4009,辽滨,Liaobin
8985,4196,来宾,Laibin
8986,4137,恩州,En Zhou
8987,4247,安喜,Anxi
8988,4156,泽州,Ze Zhou
8989,4200,迁州,Qian Zhou
8990,4101,宣州,Xuan Zhou
8991,3988,奉陵,Fengling
8992,4212,安次,Anci
8993,4184,永乐,Yongle
8994,4192,宜民,Yimin
8995,3989,延昌,Yanchang
8996,4197,隰州,Xi Zhou
8997,4177,黔州,Qian Zhou
8998,4032,永昌,Yongchang
8999,4202,润州,Run Zhou
9000,3973,山东,Shandong
9001,4114,越里吉部,Yueliji Bu
9002,3945,兴州,Xing Zhou
9003,3977,辽西州,Liaoxi Zhou
9004,4224,涿州,Zhuo Zhou
9005,4186,严州,Yan Zhou
9006,4036,武昌,Wuchang
9007,4213,永清,Yongqing
9008,3917,室韦,Shiwei
9009,4210,良乡,Liangxiang
9010,3991,司农,Sinong
9011,4086,永宁,Yongning
9012,4317,武州,Wu Zhou
9013,4056,贡珍,Gongzhen
9014,4045,安远州,Anyuan Zhou
9015,4268,怀安,Huai'an
9016,4163,潭州,Tan Zhou
9017,4250,滦州,Luan Zhou
9018,4181,弘政,Hongzheng
9019,3102,虞城,Yucheng
9020,4208,宛平,Wanping
9021,4174,安德州,Ande Zhou
9022,4240,景州,Jing Zhou
9023,4182,闻义,Wenyi
9024,4215,香河,Xianghe
9025,4221,檀州,Tan Zhou
9026,4273,德州,De Zhou
9027,4235,蓟州,Ji Zhou
9028,4171,营丘,Yingqiu
9029,4034,咸平,Xianping
9030,3972,奉先,Fengxian
9031,4230,易州,Yi Zhou
9032,4217,漷阴,Huoyin
9033,4058,延庆,Yanqing
9034,4218,顺州,Shun Zhou
9035,4133,升平,Shengping
9036,4100,来远,Laiyuan
9037,3986,熊山,Xiongshan
9038,3961,桓州,Huan Zhou
9039,4149,利州,Li Zhou
9040,4028,新兴,Xinxing
9041,4051,雍州,Yong Zhou
9042,4216,玉河,Yuhe
9043,4081,归胜,Guisheng
9044,4166,松山州,Songshan Zhou
9045,4107,五国部,Wuguo Bu
9046,3939,建安,Jian'an
9047,4037,定武,Dingwu
9048,4143,高州,Gao Zhou
9049,4214,武清,Wuqing
9050,4130,富庶,Fushu
9051,3980,康州,Kang Zhou
9052,3926,兴辽,Xingliao
9053,3919,辽阳,Liaoyang
9054,3920,仙乡,Xianxiang
9055,4017,通远,Tongyuan
9056,3911,乌畏于厥部,Wuweiyujue Bu
9057,4191,咸康,Xiankang
9058,3990,灵山,Lingshan
9059,4211,潞县,Lu Xian
9060,4021,鱼谷,Yugu
9061,4019,安远,Anyuan
9062,4146,武安州,Wu'an Zhou
9063,4096,怀德,Huaide
9064,3921,鹤野,Heye
9065,4098,定东,Dingdong
9066,4136,金源,Jinyuan
9067,4102,怀化军,Huaihua Jun
9068,2919,兴中,Xingzhong
9069,2994,灵仙,Lingxian
9070,2917,灵山,Lingshan
9071,2913,望平,Wangping
9072,2929,宜兴,Yixing
9073,2926,安丰,Anfeng
9074,2947,云中,Yunzhong
9075,3006,东胜,Dongsheng
9076,2922,宜民,Yimin
9077,2971,德兴,Dexing
9078,2924,永霸,Yongba
9079,2965,柔远,Rouyuan
9080,2928,兴化,Xinghua
9081,3076,安肃,Ansu
9082,3349,利津,Lijin
9083,2966,集宁,Jining
9084,2967,丰利,Fengli
9085,2968,威宁,Weining
9086,2963,清塞,Qingsai
9087,2973,缙山,Jinshan
9088,2960,天山,Tianshan
9089,2951,白登,Baideng
9090,2957,襄阴,Xiangyin
9091,2975,矾山,Fanshan
9092,2954,富民,Fumin
9093,2952,怀仁,Huairen
9094,2945,大同,Datong
9095,2962,清塞,Qingsai
9096,3000,柔服,Roufu
9097,3070,渥城,Wocheng
9098,2992,浑源,Hunyuan
9099,2969,威宁,Weining
9100,2939,乌古迪烈部,Wugudilie Bu
9101,2956,弘州,Hong Zhou
9102,2958,顺圣,Shunsheng
9103,3004,宁边,Ningbian
9104,2912,广宁,Guangning
9105,2985,马邑,Mayi
9106,2998,飞狐,Feihu
9107,2950,天城,Tiancheng
9108,2996,灵丘,Lingqiu
9109,3096,考城,Kaocheng
9110,2995,广灵,Guangling
9111,2981,宣德,Xuande
9112,3416,汶上,Wenshang
9113,2920,永德,Yongde
9114,3064,大城,Dacheng
9115,2949,怀安,Huai'an
9116,2974,望云,Wangyun
9117,2984,鄯阳,Shanyang
9118,3134,洛阳,Luoyang
9119,2980,宣德,Xuande
9120,3071,葛城,Gecheng
9121,2997,定安,Ding'an
9122,2988,宁远,Ningyuan
9123,3065,信安,Xin'an
9124,2976,龙门,Longmen
9125,2982,宣平,Xuanping
9126,3396,高苑,Gaoyuan
9127,3374,沭阳,Shuyang
9128,3407,栖霞,Qixia
9129,3399,莱阳,Laiyang
9130,3398,掖县,Ye Xian
9131,3391,济阳,Jiyang
9132,3400,即墨,Jimo
9133,3350,蒲台,Putai
9134,3402,招远,Zhaoyuan
9135,3395,邹平,Zouping
9136,3394,长山,Changshan
9137,3404,蓬莱,Penglai
9138,3382,阳信,Yangxin
9139,3390,长清,Changqing
9140,3437,聊城,Liaocheng
9141,3401,胶水,Jiaoshui
9142,3342,乐安,Le'an
9143,3405,福山,Fushan
9144,3389,禹城,Yucheng
9145,3385,历城,Licheng
9146,3381,厌次,Yanci
9147,3341,临淄,Linzi
9148,3379,沂水,Yishui
9149,3354,临沂,Linyi
9150,3345,昌邑,Changyi
9151,3355,费县,Fei Xian
9152,3340,博兴,Boxing
9153,3339,寿光,Shouguang
9154,3338,穆陵,Muling
9155,3449,莱芜,Laiwu
9156,3383,商河,Shanghe
9157,3441,高唐,Gaotang
9158,3378,日照,Rizhao
9159,3337,临朐,Linqu
9160,3406,黄县,Huang Xian
9161,3409,牟平,Mouping
9162,3346,昌乐,Changle
9163,3348,渤海,Bohai
9164,3352,滨州海岸海水,Binzhou Coastal Waters
9165,3344,北海,Beihai
9166,3427,丰县,Feng Xian
9167,3360,胶西,Jiaoxi
9168,3430,兰陵,Lanling
9169,3445,泗水,Sishui
9170,3435,邹县,Zou Xian
9171,3433,滕县,Teng Xian
9172,3413,须城,Xucheng
9173,2991,山阴,Shanyin
9174,3351,霑化,Zhanhua
9175,3434,沛县,Pei Xian
9176,3458,东明,Dongming
9177,3456,济阴,Jiyin
9178,3453,平原,Pingyuan
9179,3415,阳谷,Yanggu
9180,3454,德平,Deping
9181,3423,郓城,Yuncheng
9182,3452,安德,Ande
9183,3431,宿迁,Suqian
9184,3429,下邳,Xiapei
9185,3444,曲阜,Qufu
9186,3443,滋阳,Ziyang
9187,3446,宁阳,Ningyang
9188,3448,奉符,Fengfu
9189,3426,萧县,Xiao Xian
9190,3414,东阿,Dong'e
9191,3336,益都,Yidu
9192,3155,郾城,Yancheng
9193,2972,妫川,Guichuan
9194,3189,荣阳,Rongyang
9195,3191,河阴,Heyin
9196,3193,汜水,Sishui
9197,3194,荣泽,Rongze
9198,3192,原武,Yuanwu
9199,3217,随县,Sui Xian
9200,3214,天长,Tianchang
9201,3154,长社,Changshe
9202,3186,新蔡,Xincai
9203,3209,临淮,Linhuai
9204,3168,永城,Yongcheng
9205,3203,灵璧,Lingbi
9206,3212,睢宁,Suining
9207,3197,颍上,Yingshang
9208,3204,蕲县,Qi Xian
9209,2905,安昌,Anchang
9210,2904,永乐,Yongle
9211,2906,神水,Shenshui
9212,2897,阜俗,Fousu
9213,2880,来远州,Laiyuan Zhou
9214,3188,管城,Guancheng
9215,3213,天长,Tianchang
9216,3211,临淮,Linhuai
9217,3190,密县,Mi Xian
9218,3202,临涣,Linhuan
9219,3201,符离,Fuli
9220,3198,泰和,Taihe
9221,3067,清苑,Qingyuan
9222,3199,沈丘,Shenqiu
9223,3196,汝阴,Ruyin
9224,3140,偃师,Yanshi
9225,3088,扶沟,Fugou
9226,3081,阳武,Yangwu
9227,3084,中牟,Zhongmou
9228,3085,杞县,Qi Xian
9229,3091,洧川,Weichuan
9230,3218,唐城,Tangcheng
9231,3136,登封,Dengfeng
9232,3107,成武,Chengwu
9233,3080,祥符,Xiangfu
9234,3108,鱼台,Yutai
9235,3166,城父,Chengfu
9236,3095,襄邑,Xiangyi
9237,3100,宁陵,Ningling
9238,4284,宁人,Ningren
9239,3145,永宁,Yongning
9240,3079,开封,Kaifeng
9241,3207,虹县,Hong Xian
9242,3208,临淮,Linhuai
9243,3142,巩县,Gong Xian
9244,3210,临淮,Linhuai
9245,3156,长葛,Changge
9246,3090,延津,Yanjin
9247,3219,枣阳,Zaoyang
9248,3082,通许,Tongxu
9249,3206,淮平,Huaiping
9250,3087,尉氏,Weishi
9251,3089,陈留,Chenliu
9252,3097,柘城,Zhecheng
9253,3092,长垣,Changyuan
9254,3215,天长,Tianchang
9255,3111,下蔡,Xiacai
9256,2840,胡里改路,Huligai Lu
9257,2865,辽滨,Liaobin
9258,2914,闾阳,Luyang
9259,2872,汤池,Tangchi
9260,2821,始兴,Shixing
9261,3487,平晋,Pingjin
9262,2819,宜春,Yichun
9263,2831,蒲与路,Puyu Lu
9264,2860,临溟,Linming
9265,2837,葛苏馆路,Gesuguan Lu
9266,2845,铜山,Tongshan
9267,2818,曲江,Qujiang
9268,2874,岫岩,Xiuyan
9269,2902,同昌,Tongchang
9270,2829,武昌,Wuchang
9271,2858,石城,Shicheng
9272,2990,金城,Jincheng
9273,2978,宝山,Baoshan
9274,3002,云川,Yunchuan
9275,2855,辽阳,Liaoyang
9276,2867,双城,Shuangcheng
9277,2844,平郭,Pingguo
9278,2864,章义,Zhangyi
9279,2849,清安,Qing'an
9280,2863,乐郊,Lejiao
9281,2857,宜丰,Yifeng
9282,2847,庆云,Qingyun
9283,2870,奉集,Fengji
9284,2848,归仁,Guiren
9285,2861,析木,Ximu
9286,2833,合懒路,Helai Lu
9287,2851,临津,Linjin
9288,2882,婆速府路,Posufu Lu
9289,2889,神山,Shenshan
9290,2888,松山,Songshan
9291,3072,高阳,Gaoyang
9292,2885,大定,Dading
9293,2900,弘政,Hongzheng
9294,2817,会宁,Huining
9295,2875,熊岳,Xiongyue
9296,2894,静封,Jingfeng
9297,2873,建安,Jian'an
9298,2877,永康,Yongkang
9299,2878,化城,Huacheng
9300,2908,瑞安,Rui'an
9301,2869,贵德,Guide
9302,3099,睢阳,Suiyang
9303,2856,鹤野,Haoye
9304,2910,海滨,Haibin
9305,2827,利涉,Lishe
9306,2846,新兴,Xinxing
9307,2852,柳河,Liuhe
9308,2835,恤品路,Xupin Lu
9309,2891,金源,Jinyuan
9310,2866,挹楼,Yilou
9311,2893,武平,Wuping
9312,2892,和众,Hezhong
9313,2895,三韩,Sanhan
9314,2890,惠和,Huihe
9315,2916,顺安,Shun'an
9316,2887,富庶,Fushu
9317,2886,长兴,Changxing
9318,2909,海阳,Haiyang
9319,2901,开义,Kaiyi
9320,2898,龙山,Longshan
9321,3909,突吕不室韦部,Tulubu Shiwei Bu
9322,5168,宁夏平虏所,Ningxiapinglu Suo
9323,5172,广武营,Guangwu Ying
9324,5171,兴武营守御千户所,Xingwuying Shouyuqianhusuo
9325,5170,韦州,Wei Zhou
9326,5169,宁夏后卫,Ningxiahou Wei
9327,5167,萌城,Meng Cheng
9328,5163,大沙井城,Dashajing Cheng
9329,5165,盐池城,Yanchi Cheng
9330,5164,石沟城,Shigou Cheng
9331,4005,奉集,Fengji
9332,3965,正州,Zheng Zhou
9333,4261,大同,Datong
9334,4310,金城,Jincheng
9335,4007,昌义,Changyi
9336,4023,柳河,Liuhe
9337,3924,析水,Xishui
9338,4083,来苏,Laisu
9339,4298,可汗州,Kehan Zhou
9340,3934,穆州,Mu Zhou
9341,3913,湟剌,Huangla Mugu Bu
9342,3804,临潢,Linhuang
9343,3932,盐州,Yan Zhou
9344,4307,灵丘,Lingqiu
9345,4264,天成,Tiancheng
9346,4267,怀仁,Huairen
9347,4282,云内州,Yunnei Zhou
9348,4294,望云,Wangyun
9349,4042,益州,Yi Zhou
9350,3925,紫蒙,Zimeng
9351,3806,定霸,Dingba
9352,4011,棋州,Qi Zhou
9353,3809,易俗,Yisu
9354,4049,清州,Qing Zhou
9355,3923,析水,Xishui
9356,3915,来远城,Laiyuan Cheng
9357,3997,奉德,Fengde
9358,4000,灵源,Lingyuan
9359,3922,鹤野,Heye
9360,3999,乐郊,Lejiao
9361,3927,肃慎,Sushen
9362,3928,归仁,Guiren
9363,4010,安定,Anding
9364,400086,天成军节度,Tiancheng Junjiedu
9365,4091,安州,An Zhou
9366,400176,鸭渌军节度,Yalu Junjiedu
9367,3931,开远,Kaiyuan
9368,3996,贵德,Guide
9369,4018,通远,Tongyuan
9370,3963,丰州,Feng Zhou
9371,4308,广陵,Guangling
9372,4292,矾山,Fanshan
9373,3947,汤州,Tang Zhou
9374,3941,熊岳,Xiongyue
9375,3905,平南,Pingnan
9376,3949,崇信,Chongxin
9377,3810,迁辽,Qianliao
9378,4312,河阴,Heyin
9379,4054,长庆,Changqing
9380,3959,弘闻,Hongwen
9381,4084,怀化,Huaihua
9382,3951,临溟,Linming
9383,4278,富民,Fumin
9384,4077,宜丰,Yifeng
9385,4265,长青,Changqing
9386,4305,定安,Ding'an
9387,4079,安民,Anmin
9388,3958,弘闻,Hongwen
9389,4069,宁昌,Ningchang
9390,4266,奉义,Fengyi
9391,4072,宁州,Ning Zhou
9392,4326,河清军,Heqing Jun
9393,4314,鄯阳,Shanyang
9394,3808,潞县,Lu Xian
9395,4263,云中,Yunzhong
9396,3955,嫔州,Pin Zhou
9397,4070,顺安,Shun'an
9398,5166,隰宁堡,Xining Bao
9399,4304,灵仙,Lingxian
9400,4039,黄龙,Huanglong
9401,4290,奉圣州,Fengsheng Zhou
9402,4041,永平,Yongping
9403,4306,飞狐,Feihu
9404,4287,天德州,Tiande Zhou
9405,4269,弘州,Hong Zhou
9406,3812,兴仁,Xingren
9407,4321,榆林,Yulin
9408,3813,宣化,Xuanhua
9409,4324,金肃州,Jinsu Zhou
9410,4316,马邑,Mayi
9411,4755,保德州,Baode Zhou
9412,4322,河滨,Hebin
9413,4029,永平,Yongping
9414,4295,归化州,Guihua Zhou
9415,4047,威州,Wei Zhou
9416,4262,云中,Yunzhong
9417,4279,振武,Zhenwu
9418,4001,岩州,Yan Zhou
9419,4277,丰州,Feng Zhou
9420,4087,德胜,Desheng
9421,4315,宁远,Ningyuan
9422,4060,析木,Ximu
9423,4281,云内州,Yunnei Zhou
9424,4293,龙门,Longmen
9425,3904,镇海府,Zhenhai Fu
9426,4300,儒州,Ru Zhou
9427,300036,定海后千户所,Dinghai hou qianhusuo
9428,7170,禄劝,Luquan
9429,8962,商南,Shangnan
9430,9025,宁羌州,Ningqiang Zhou
9431,9034,安康,Ankang
9432,7171,鹤庆州,Heqing Zhou
9433,9039,平利,Pingli
9434,7196,弥勒,Mile
9435,9040,砖坪厅,Zhuanping Ting
9436,8956,孝义厅,Xiaoyi Ting
9437,9041,紫阳,Ziyang
9438,9028,洋县,Yang Xian
9439,8989,清涧,Qingjian
9440,20329,盏达司,Zhandasi
9441,20323,耿马司,Gengmasi
9442,7169,元谋,Yuanmou
9443,7208,孟连土司,Menglian Tusi
9444,8953,盩厔,Zhouzhi
9445,7184,江川,Jiangchuan
9446,6821,丘北,Qiubei
9447,20319,车里宣慰司,Cheli Xuanweisi
9448,6846,古州厅,Guzhou Ting
9449,8947,同官,Tongguan
9450,8946,耀州,Yao Zhou
9451,6847,开泰,Kaitai
9452,8945,三原,Sanyuan
9453,6919,下江厅,Xiajiang Ting
9454,8960,镇安,Zhen'an
9455,9042,白河,Baihe
9456,6826,宁洱,Ning'er
9457,7200,腾越厅,Tengyue Ting
9458,9023,略阳,Lueyang
9459,20325,恩乐,Enle
9460,9022,留坝厅,Liuba Ting
9461,9021,凤县,Feng Xian
9462,7183,河阳,Heyang
9463,9031,西乡,Xixiang
9464,7199,永平,Yongping
9465,8982,宜川,Yichuan
9466,8599,永顺长官司,Yongshun Zhangguansi
9467,6824,龙陵厅,Longling Ting
9468,8589,东兰州,Donglan Zhou
9469,8587,宜山,Yishan
9470,8588,凤山土州,Fengshan Tuzhou
9471,8657,北流,Beiliu
9472,8640,武宣,Wuxuan
9473,8639,平南,Pingnan
9474,8591,南丹土州,Nandan Tuzhou
9475,8643,上思直隶厅直辖地方,Shangsi Zhiliting Zhixiadifang
9476,8594,思恩,Si'en
9477,8646,上林土县,Shanglin Tuxian
9478,8645,百色直隶厅直辖地方,Baise Zhiliting Zhixiadifang
9479,8635,藤县,Teng Xian
9480,8658,陆川,Luchuan
9481,8656,兴业,Xingye
9482,8655,郁林直隶州直辖地方,Yulin Zhilizhou Zhixiadifang
9483,8659,博白,Bobai
9484,8744,罗江,Luojiang
9485,9032,定远厅,Dingyuan Ting
9486,8963,雒南,Luonan
9487,6832,干崖宣抚司,Ganya Xuanfusi
9488,8972,澄城,Chengcheng
9489,9024,沔县,Mian Xian
9490,8973,郃阳,Heyang
9491,6917,他郎厅,Talang Ting
9492,8951,醴泉,Liquan
9493,8590,那地土州,Nadi Tuzhou
9494,6834,威远厅,Weiyuan Ting
9495,6920,永从,Yongcong
9496,6866,思茅厅,Simao Ting
9497,9027,城固,Chenggu
9498,7186,路南州,Lu'nan Zhou
9499,9026,褒城,Baocheng
9500,6833,陇川宣抚司,Longchuan Xuanfusi
9501,6836,云州,Yun Zhou
9502,8648,恩阳州,Enyang Zhou
9503,9036,石泉,Shiquan
9504,7190,河西,Hexi
9505,8948,富平,Fuping
9506,7178,陆凉州,Luliang Zhou
9507,7177,南宁,Nanning
9508,7182,平彝,Pingyi
9509,6877,大关厅,Daguan Ting
9510,20645,宝宁,baoning
9511,7189,通海,Tonghai
9512,7179,罗平州,Luoping Zhou
9513,6878,盐井渡,Yanjing Du
9514,9037,汉阴厅,Hanyin Ting
9515,6855,安平厅,Anping Ting
9516,20322,建水,Jianshui
9517,6874,鲁甸厅,Ludian Ting
9518,20302,宁州,Ning Zhou
9519,6868,个旧厅,Gejiu Ting
9520,7191,蒙自,Mengzi
9521,6924,永善,Yongshan
9522,7195,嶍峨,Xi'e
9523,7158,禄丰,Lufeng
9524,7820,漳平,Zhangping
9525,7154,晋宁州,Jinning Zhou
9526,7160,罗次,Luoci
9527,6858,宣威州,Xuanwei Zhou
9528,7159,安宁州,Anning Zhou
9529,7193,石屏州,Shiping Zhou
9530,7084,昆明,Kunming
9531,7151,富民,Fumin
9532,7153,嵩明州,Songming Zhou
9533,6820,富州土州,Fuzhou Tuzhou
9534,7205,大姚,Dayao
9535,7161,楚雄,Chuxiong
9536,6813,恩安,En'an
9537,7164,南安州,Nan'an Zhou
9538,7163,镇南州,Zhennan Zhou
9539,7157,易门,Yimen
9540,6867,阿迷州,Ami Zhou
9541,20320,富州,Fu Zhou
9542,8992,神木,Shenmu
9543,8955,蓝田,Lantian
9544,20327,湾甸州,Wandian Zhou
9545,8957,宁陕厅,Ningshan Ting
9546,20324,孟定府,Mengdingfu
9547,8994,褱远,Huaiyuan
9548,8753,江油,Jiangyou
9549,6927,玉屏,Yuping
9550,6872,巧家厅,Qiaojia Ting
9551,6793,黄平州,Huangping Zhou
9552,20331,保山,Baoshan
9553,6926,清江厅,Qingjiang Ting
9554,8991,榆林,Yulin
9555,8995,葭州,Jia Zhou
9556,6841,施秉,Shibing
9557,8942,临潼,Lintong
9558,6922,台拱厅,Taigong Ting
9559,8638,桂平,Guiping
9560,8993,府谷,Fugu
9561,8950,咸阳,Xianyang
9562,6837,黎平府直辖地方,Liping Fu Zhixiadifang
9563,6865,缅宁厅,Mianning Ting
9564,8941,咸宁,Xianning
9565,8896,麻哈州,Maha Zhou
9566,8940,长安,Chang'an
9567,6844,铜仁,Tongren
9568,8949,泾阳,Jingyang
9569,20326,镇康州,Zhenkang Zhou
9570,8943,渭南,Weinan
9571,8954,鄠县,Hu Xian
9572,8961,山阳,Shanyang
9573,8998,洛川,Luochuan
9574,8952,兴平,Xingping
9575,8944,高陵,Gaoling
9576,8971,白水,Baishui
9577,6822,顺宁,Shunning
9578,8999,中部,Zhongbu
9579,7181,霑益州,Zhanyi Zhou
9580,6840,沿河祐溪司,Yanheyouxi Si
9581,8500,佛冈直隶厅直辖地方,Fogang Zhiliting Zhixiadifang
9582,8489,昌化,Changhua
9583,8461,会同,Huitong
9584,8450,揭阳,Jieyang
9585,8445,海阳,Haiyang
9586,8446,澄海,Denghai
9587,8449,普宁,Puning
9588,8452,饶平,Raoping
9589,8455,琼山,Qiongshan
9590,8498,防城,Fangcheng
9591,8464,万县,Wan Xian
9592,8448,惠来,Huilai
9593,8447,潮阳,Chaoyang
9594,8486,崖州直隶州直辖地方,Yaizhou Zhilizhou Zhixiadifang
9595,8436,陆丰,Lufeng
9596,8442,遂溪,Suixi
9597,8497,钦州直隶州直辖地方,Qinzhou Zhilizhou Zhixiadifang
9598,8475,阳山,Yangshan
9599,8653,下雷土州,Xialei Tuzhou
9600,8480,嘉应直隶州直辖地方,Jiaying Zhilizhou Zhixiadifang
9601,8481,镇平,Zhenping
9602,8607,怀远,Huaiyuan
9603,8483,兴宁,Xingning
9604,8502,连山直隶厅直辖地方,Lianshan Zhiliting Zhixiadifang
9605,8477,南雄直隶州直辖地方,Nanxiong Zhilizhou Zhixiadifang
9606,8468,昌化,Changhua
9607,8474,连州直隶州直辖地方,Lianzhou Zhilizhou Zhixiadifang
9608,8470,罗定直隶州直辖地方,Luoding Zhilizhou Zhixiadifang
9609,8491,灵山,Lingshan
9610,8482,平远,Pingyuan
9611,8453,南澳厅,Nan'ao Ting
9612,8478,始兴,Shixing
9613,8427,电白,Dianbai
9614,8428,石城,Shicheng
9615,8536,田州土州,Tianzhou Tuzhou
9616,8420,乳源,Ruyuan
9617,8606,融县,Rong Xian
9618,8402,高要,Gaoyao
9619,8505,阳江直隶厅直辖地方,Yangjiang Zhiliting Zhixiadifang
9620,8386,南海,Nanhai
9621,8388,顺德,Shunde
9622,8389,东莞,Dongguan
9623,8434,永安,Yong'an
9624,8392,从化,Conghua
9625,8443,徐闻,Xuwen
9626,8410,德庆州,Deqing Zhou
9627,8430,归善,Guishan
9628,8471,西宁,Xining
9629,8390,增城,Zengcheng
9630,8439,龙川,Longchuan
9631,8437,连平州,Lianping Zhou
9632,8435,海丰,Haifeng
9633,8424,信宜,Xinyi
9634,8431,博罗,Boluo
9635,8426,化州,Hua Zhou
9636,8408,广宁,Guangning
9637,8433,长宁,Changning
9638,8425,吴川,Wuchuan
9639,8419,乐昌,Lechang
9640,8421,英德,Yingde
9641,8403,开平,Kaiping
9642,8432,河源,Heyuan
9643,8523,上林,Shanglin
9644,8487,陵水,Lingshui
9645,8560,左州,Zuo Zhou
9646,8598,永定长官司,Yongding Zhangguansi
9647,8617,全州,Quan Zhou
9648,8593,安化厅,Anhua Ting
9649,8565,都结土州,Dujie Tuzhou
9650,8524,宾州,Bin Zhou
9651,8570,安平土州,Anping Tuzhou
9652,8530,那马厅,Nama Ting
9653,8611,中渡厅,Zhongdu Ting
9654,8543,凌云,Lingyun
9655,8544,西隆州,Xilong Zhou
9656,8545,西林,Xilin
9657,8551,小镇安厅,Xiaozhen'an Ting
9658,8526,古零土司,Guling Tusi
9659,8647,恩隆,Enlong
9660,8650,归顺直隶州直辖地方,Guishun Zhilizhou Zhixiadifang
9661,8535,百色厅,Bose Ting
9662,8620,灌阳,Guanyang
9663,7152,宜良,Yiliang
9664,8612,阳朔,Yangshuo
9665,8601,马平,Maping
9666,8608,雒容,Luorong
9667,8605,罗城,Luocheng
9668,8604,柳城,Liucheng
9669,8615,永福,Yongfu
9670,8569,全茗土州,Quanming Tuzhou
9671,8618,龙胜厅,Longsheng Ting
9672,8518,归德土司,Guide Tusi
9673,8603,来宾,Laibin
9674,8596,天河,Tianhe
9675,8613,灵川,Lingchuan
9676,8592,河池州,Hechi Zhou
9677,8619,兴安,Xing'an
9678,8597,忻城土县,Xincheng Tuxian
9679,8652,镇边,Zhenbian
9680,8616,永宁州,Yongning Zhou
9681,8531,定罗土司,Dingluo Tusi
9682,8627,修仁,Xiuren
9683,8527,白山土司,Baishan Tusi
9684,8633,岑溪,Cenxi
9685,8634,容县,Rong Xian
9686,8610,临桂,Lingui
9687,8626,荔浦,Lipu
9688,8522,武缘,Wuyuan
9689,8529,那马土司,Nama Tusi
9690,8532,安定土司,Anding Tusi
9691,8624,恭城,Gongcheng
9692,8623,富川,Fuchuan
9693,8622,平乐,Pingle
9694,8484,长乐,Changle
9695,8493,钦州,Qin Zhou
9696,8492,合浦,Hepu
9697,8495,防城,Fangcheng
9698,8488,感恩,Gan'en
9699,8554,都康土州,Dukang Tuzhou
9700,8632,苍梧,Cangwu
9701,8567,龙英土州,Longying Tuzhou
9702,8517,隆安,Long'an
9703,8533,都阳土司,Duyang Tusi
9704,8515,上思州,Shangsi Zhou
9705,20317,下旺司,Xiawang si
9706,8513,忠州土州,Zhongzhou Tuzhou
9707,8511,宣化,Xuanhua
9708,8534,上林土县,Shanglin Tuxian
9709,8514,横州,Heng Zhou
9710,8636,怀集,Huaiji
9711,6907,贞丰州,Zhenfeng Zhou
9712,8614,义宁,Yining
9713,8625,贺县,He Xian
9714,8630,信都厅,Xindu Ting
9715,8629,昭平,Zhaoping
9716,8628,永安州,Yong'an Zhou
9717,8641,贵县,Gui Xian
9718,8519,果化土司,Guohua Tusi
9719,8528,兴隆土司,Xinglong Tusi
9720,6781,镇原,Zhenyuan
9721,9051,徽县,Hui Xian
9722,20630,漳县,Zhangxian
9723,6863,兴义,Xingyi
9724,6767,河州,He Zhou
9725,6786,会宁,Huining
9726,6759,礼县,Li Xian
9727,6776,宁远,Ningyuan
9728,6768,狄道州,Didao Zhou
9729,6788,安定,Anding
9730,6912,普安,Pu'an
9731,6762,通渭,Tongwei
9732,7543,震泽,Zhenze
9733,7136,洮州厅,Taozhou Ting
9734,7357,蔚州,Yu Zhou
9735,6760,岷州,Min Zhou
9736,20629,三岔厅,Sancha ting
9737,7165,广通,Guangtong
9738,6849,永宁州,Yongning Zhou
9739,7133,碾伯,Nianbo
9740,6850,镇宁州,Zhenning Zhou
9741,8423,茂名,Maoming
9742,7137,西宁,Xining
9743,6758,西和,Xihe
9744,6930,丹噶尔厅,Dange'er Ting
9745,20631,卓尼司,Zhuoni si
9746,7134,巴燕戎格厅,Bayanrongge Ting
9747,7122,宁朔,Ningshuo
9748,6881,平罗,Pingluo
9749,6848,盘州厅,Panzhou Ting
9750,6880,抚彝厅,Fuyi Ting
9751,9063,庄浪厅,Zhuanglang Ting
9752,7138,张掖,Zhangye
9753,6971,大通,Datong
9754,6775,陇西,Longxi
9755,6908,郎岱厅,Langdai Ting
9756,8892,荔波,Libo
9757,6854,清镇,Qingzhen
9758,8983,甘泉,Ganquan
9759,8895,丹江厅,Danjiang Ting
9760,8959,商州直隶州直辖地方,Shangzhou Zhilizhou Zhixiadifang
9761,8966,华州,Hua Zhou
9762,8884,广顺州,Guangshun Zhou
9763,6771,皋兰,Gaolan
9764,8970,蒲城,Pucheng
9765,9064,镇番,Zhenfan
9766,8894,清平,Qingping
9767,7142,玉门,Yumen
9768,7143,敦煌,Dunhuang
9769,20634,灵州,Ling Zhou
9770,6839,印江,Yinjiang
9771,20635,宁夏,Ningxia
9772,8881,开州,Kai Zhou
9773,6928,宁灵厅,Ningling Ting
9774,9062,平番,Pingfan
9775,8969,朝邑,Chaoyi
9776,7187,安顺府直辖地方,Anshun Fu Zhixiadifang
9777,8979,延川,Yanchuan
9778,8965,大荔,Dali
9779,8967,华阴,Huayin
9780,8880,修文,Xiuwen
9781,8988,吴堡,Wubao
9782,8887,罗斛厅,Luohu Ting
9783,7128,镇远,Zhenyuan
9784,8890,都匀,Duyun
9785,6778,崇信,Chongxin
9786,8897,八寨厅,Bazhai Ting
9787,8886,长寨厅,Changzhai Ting
9788,8891,独山州,Dushan Zhou
9789,8882,龙里,Longli
9790,8980,保安,Bao'an
9791,8893,都江厅,Dujiang Ting
9792,8981,靖边,Jingbian
9793,8968,潼关厅,Tongguan Ting
9794,7778,古田,Gutian
9795,7141,高台,Gaotai
9796,7771,侯官,Houguan
9797,7772,长乐,Changle
9798,7774,福清,Fuqing
9799,7841,厦门厅,Shamen Ting
9800,7728,凤台,Fengtai
9801,20315,凤山,Fengshan
9802,7832,漳浦,Zhangpu
9803,7845,大田,Datian
9804,7798,光泽,Guangze
9805,7848,莆田,Putian
9806,7849,仙游,Xianyou
9807,7804,永安,Yong'an
9808,7806,顺昌,Shunchang
9809,7802,南平,Nanping
9810,7803,尤溪,Youxi
9811,7839,同安,Tong'an
9812,7819,宁洋,Ningyang
9813,7734,天长,Tianchang
9814,7877,铅山,Qianshan
9815,7809,长汀,Changting
9816,7730,定远,Dingyuan
9817,7742,芜湖,Wuhu
9818,7741,当涂,Dangtu
9819,7743,繁昌,Fanchang
9820,7737,滁州直隶州直辖地方,Chuzhou Zhilizhou Zhixiadifang
9821,7770,闽县,Min Xian
9822,7739,全椒,Quanjiao
9823,20316,台湾,Taiwan
9824,7732,泗州直隶州直辖地方,Sizhou Zhilizhou Zhixiadifang
9825,7735,盱眙,Xuyi
9826,7777,闽清,Minqing
9827,7727,宿州,Su Zhou
9828,7780,连江,Lianjiang
9829,7738,来安,Lai'an
9830,7799,泰宁,Taining
9831,7725,怀远,Huaiyuan
9832,7837,安溪,Anxi
9833,7787,寿宁,Shouning
9834,7785,福鼎,Fuding
9835,7876,广丰,Guangfeng
9836,7797,邵武,Shaowu
9837,7783,霞浦,Xiapu
9838,7779,屏南,Pingnan
9839,7776,永福,Yongfu
9840,20018,彰化,Zhanghua
9841,7805,将乐,Jiangle
9842,7790,瓯宁,Ouning
9843,7835,惠安,Hui'an
9844,7786,宁德,Ningde
9845,7135,贵德厅,Guide Ting
9846,9065,永昌,Yongchang
9847,9060,武威,Wuwei
9848,6764,灵台,Lingtai
9849,8976,肤施,Fushi
9850,7844,永春直隶州直辖地方,Yongchun Zhilizhou Zhixiadifang
9851,7846,德化,Dehua
9852,6862,归化厅,Guihua Ting
9853,20314,淡水厅,Danshui ting
9854,20311,噶玛兰直隶厅,gamalan Zhiliting
9855,20096,嘉义,Jiayi
9856,20313,澎湖厅,Penghu ting
9857,20017,诸罗,Zhuluo
9858,7924,龙泉,Longquan
9859,7793,浦城,Pucheng
9860,8010,鱼台,Yutai
9861,7794,崇安,Chong'an
9862,7784,福安,Fu'an
9863,7814,清流,Qingliu
9864,7781,罗源,Luoyuan
9865,7792,松溪,Songxi
9866,7789,建安,Jian'an
9867,7791,政和,Zhenghe
9868,7795,建阳,Jianyang
9869,7834,晋江,Jinjiang
9870,7884,德兴,Dexing
9871,9017,陇州,Long Zhou
9872,8987,米脂,Mizhi
9873,9054,文县,Wen Xian
9874,9048,秦安,Qin'an
9875,8907,正安州,Zheng'an Zhou
9876,7130,思南府直辖地方,Si'nan Fu Zhixiadifang
9877,9012,郿县,Mei Xian
9878,7201,邓川州,Dengchuan Zhou
9879,9053,阶州直隶州直辖地方,Jiezhou Zhilizhou Zhixiadifang
9880,6860,宾川州,Binchuan Zhou
9881,9055,成县,Cheng Xian
9882,9018,宝鸡,Baoji
9883,6871,云龙州,Yunlong Zhou
9884,6873,凤泉驿,Fengquan Yi
9885,7198,太和,Taihe
9886,9015,岐山,Qishan
9887,6838,思州府直辖地方,Sizhou Fu Zhixiadifang
9888,9013,扶风,Fufeng
9889,9000,宜君,Yijun
9890,20301,苗栗,Miaoli
9891,8974,韩城,Hancheng
9892,20439,库陇勒,Kulongle
9893,7124,靖远,Jingyuan
9894,8908,桐梓,Tongzi
9895,7126,石阡府直辖地方,Shiqian Fu Zhixiadifang
9896,6909,大定府直辖地方,Dading Fu Zhixiadifang
9897,6856,安南,Annan
9898,6864,兴义府直辖地方,Xingyi Fu Zhixiadifang
9899,20308,新竹,Xinzhu
9900,7202,浪穹,Langqiong
9901,20305,淡水,Danshui
9902,7129,安化,Anhua
9903,20440,玉古尔,Yuguer
9904,20008,固原州,Guyuan Zhou
9905,20636,盐茶厅,Yancha ting
9906,8909,仁怀,Renhuai
9907,6777,平凉,Pingliang
9908,7127,婺川,Wuchuan
9909,6876,中甸厅,Zhongdian Ting
9910,9004,淳化,Chunhua
9911,7173,丽江,Lijiang
9912,9003,三水,Sanshui
9913,7172,剑川州,Jianchuan Zhou
9914,9005,长武,Changwu
9915,7206,云南,Yunnan
9916,8997,鄜州直隶州直辖地方,Fuzhou Zhilizhou Zhixiadifang
9917,9030,佛坪厅,Foping Ting
9918,9007,干州直隶州直辖地方,Qianzhou Zhilizhou Zhixiadifang
9919,7185,新兴州,Xinxing Zhou
9920,7180,马龙州,Malong Zhou
9921,20330,腊撒司,Lasasi
9922,7132,姚州,Yao Zhou
9923,20318,宝宁,Baoning
9924,7175,会泽,Huize
9925,7162,定远,Dingyuan
9926,7155,呈贡,Chenggong
9927,6875,维西厅,Weixi Ting
9928,20328,南甸司,Nandiansi
9929,6769,环县,Huan Xian
9930,9016,汧阳,Qianyang
9931,9008,永寿,Yongshou
9932,7204,赵州,Zhao Zhou
9933,20321,文山,Wenshan
9934,6925,靖江,Jingjiang
9935,7188,寻甸州,Xundian Zhou
9936,9009,武功,Wugong
9937,6914,弥渡市镇,Midu Shizhen
9938,9002,邠州直隶州直辖地方,Binzhou Zhilizhou Zhixiadifang
9939,7085,师宗,Shizong
9940,8986,绥德直隶州直辖地方,Suide Zhilizhou Zhixiadifang
9941,6823,新平,Xinping
9942,9020,南郑,Nanzheng
9943,7156,昆阳州,Kunyang Zhou
9944,9014,麟游,Linyou
9945,9038,洵阳,Xunyang
9946,9011,凤翔,Fengxiang
9947,20332,永宁府,Yongningfu
9948,6814,威宁州,Weining Zhou
9949,6816,瓮安,Weng'an
9950,8731,眉州直隶州直辖地方,Meizhou Zhilizhou Zhixiadifang
9951,8717,清溪,Qingxi
9952,7036,单东土司,Dandong Tusi
9953,7048,恩达厅,Enda Ting
9954,7050,嘉黎宗,Jializong
9955,6910,平远州,Pingyuan Zhou
9956,8738,大邑,Dayi
9957,6913,水城厅,Shuicheng Ting
9958,8740,茂州直隶州直辖地方,Maozhou Zhilizhou Zhixiadifang
9959,8906,绥阳,Suiyang
9960,6911,黔西州,Qianxi Zhou
9961,8734,青神,Qingshen
9962,8767,盐亭,Yanting
9963,8757,巴州,Ba Zhou
9964,8760,广元,Guangyuan
9965,8759,南江,Nanjiang
9966,6853,毕节,Bijie
9967,8733,丹棱,Danleng
9968,8396,新宁,Xinning
9969,8984,安定,Anding
9970,8977,延长,Yanchang
9971,6918,定番州,Dingfan Zhou
9972,20573,定边,Dingbian
9973,8883,贵定,Guiding
9974,8978,安塞,Ansai
9975,6784,渭源,Weiyuan
9976,7125,花马池分州,Huamachi Fenzhou
9977,8701,珙县,Gong Xian
9978,8728,里塘土司,Litang Tusi
9979,8723,打箭炉厅,Dajianlu Ting
9980,8736,邛州直隶州直辖地方,Qiongzhou Zhilizhou Zhixiadifang
9981,8721,天全州,Tianquan Zhou
9982,8732,彭山,Pengshan
9983,8741,汶川,Wenchuan
9984,8737,蒲江,Pujiang
9985,9061,古浪,Gulang
9986,9049,清水,Qingshui
9987,6779,华亭,Huating
9988,20632,宁州,Ning zhou
9989,8879,贵筑,Guizhu
9990,6773,正宁,Zhengning
9991,6766,合水,Heshui
9992,20633,循化厅,Xunhua ting
9993,9050,两当,Liangdang
9994,8716,雅安,Ya'an
9995,7120,灵武驿,Lingwu Yi
9996,6765,安化,Anhua
9997,6772,宁州,Ning Zhou
9998,6792,湄潭,Meitan
9999,6774,静宁州,Jingning Zhou
10000,6783,伏羌,Fuqiang
10001,7139,山丹,Shandan
10002,6787,金县,Jin Xian
10003,6815,余庆,Yuqing
10004,8910,赤水厅,Chishui Ting
10005,8718,芦山,Lushan
10006,7123,中卫,Zhongwei
10007,8763,苍溪,Cangxi
10008,8771,乐至,Lezhi
10009,8772,安岳,Anyue
10010,8727,德格土司,Dege Tusi
10011,8768,射洪,Shehong
10012,8726,瞻对土司,Zhandui Tusi
10013,6785,隆德,Longde
10014,8724,章谷土司,Zhanggu Tusi
10015,9047,秦州直隶州直辖地方,Qinzhou Zhilizhou Zhixiadifang
10016,8720,巴塘土司,Batang Tusi
10017,8762,剑州,Jian Zhou
10018,8743,绵州直隶州直辖地方,Mianzhou Zhilizhou Zhixiadifang
10019,8722,名山,Mingshan
10020,8725,甘孜地方,Ganzi Difang
10021,8905,遵义,Zunyi
10022,8770,遂宁,Suining
10023,8761,昭化,Zhaohua
10024,8756,南部,Nanbu
10025,7317,柏乡,Baixiang
10026,20571,太仆寺右翼牧厂,Taipusiyouyimuchang
10027,7393,文水,Wenshui
10028,7392,祁县,Qi Xian
10029,7405,石楼,Shilou
10030,7401,介休,Jiexiu
10031,7493,左云,Zuoyun
10032,7388,太原,Taiyuan
10033,7389,榆次,Yuci
10034,7456,岳阳,Yueyang
10035,7404,平遥,Pingyao
10036,7457,浮山,Fushan
10037,7458,曲沃,Quwo
10038,7459,汾西,Fenxi
10039,7505,天镇,Tianzhen
10040,7461,乡宁,Xiangning
10041,20639,镶黄等四旗牧厂,Xianghuangdengsiqi muchang
10042,8394,清远,Qingyuan
10043,7296,行唐,Xingtang
10044,7438,安邑,Anyi
10045,7549,靖湖听,Jinghu Ting
10046,7318,临城,Lincheng
10047,20144,通密道,Tongmi Dao
10048,7547,昭文,Zhaowen
10049,7548,太湖听,Taihu Ting
10050,7527,宝山,Baoshan
10051,7400,孝义,Xiaoyi
10052,7397,岢岚州,Kelan Zhou
10053,7435,平陆,Pinglu
10054,7498,怀仁,Huairen
10055,7436,芮城,Ruicheng
10056,7447,绛州直隶州直辖地方,Jiangzhou Zhilizhou Zhixiadifang
10057,7399,汾阳,Fenyang
10058,7403,永宁州,Yongning Zhou
10059,7522,南汇,Nanhui
10060,7408,平定直隶州直辖地方,Pingding Zhilizhou Zhixiadifang
10061,7406,临县,Lin Xian
10062,7437,夏县,Xia Xian
10063,7455,临汾,Linfen
10064,7494,平鲁,Pinglu
10065,7463,太平,Taiping
10066,7312,南宫,Nangong
10067,7477,五台,Wutai
10068,7500,应州,Ying Zhou
10069,7485,神池,Shenchi
10070,7484,宁武,Ningwu
10071,20643,正黄等四旗牧厂,Zhenghuangdengsiqi muchang
10072,7481,定襄,Dingxiang
10073,7319,隆平,Longping
10074,7480,忻州直隶州直辖地方,Xinzhou Zhilizhou Zhixiadifang
10075,7487,偏关,Pianguan
10076,7475,代州直隶州直辖地方,Daizhou Zhilizhou Zhixiadifang
10077,7490,河曲,Hequ
10078,7476,繁峙,Fanshi
10079,6782,广武镇,Guangwu Zhen
10080,7470,隰州直隶州直辖地方,Xizhou Zhilizhou Zhixiadifang
10081,7482,静乐,Jingle
10082,7309,衡水,Hengshui
10083,7453,翼城,Yicheng
10084,7501,广灵,Guangling
10085,7464,洪洞,Hongtong
10086,7460,吉州,Ji Zhou
10087,7304,涞水,Laishui
10088,7402,宁乡,Ningxiang
10089,7316,高邑,Gaoyi
10090,20638,御马厂,Yumachang
10091,7308,武邑,Wuyi
10092,7540,长洲,Changzhou
10093,7310,枣强,Zaoqiang
10094,7311,新河,Xinhe
10095,7497,大同,Datong
10096,7303,易州直隶州直辖地方,Yizhou Zhilizhou Zhixiadifang
10097,7395,岚县,Lan Xian
10098,7305,广昌,Guangchang
10099,7300,定州直隶州直辖地方,Dingzhou Zhilizhou Zhixiadifang
10100,7275,束鹿,Shulu
10101,7450,闻喜,Wenxi
10102,7546,常熟,Changshu
10103,7222,顺义,Shunyi
10104,6809,建平,Jianping
10105,7114,林西,Linxi
10106,7274,高阳,Gaoyang
10107,7356,西宁,Xining
10108,7221,怀柔,Huairou
10109,20145,通蓟道,Tongji Dao
10110,7215,通州,Tong Zhou
10111,7440,永济,Yongji
10112,7413,榆社,Yushe
10113,7412,辽州直隶州直辖地方,Liaozhou Zhilizhou Zhixiadifang
10114,7424,壶关,Huguan
10115,7444,荣河,Ronghe
10116,7462,襄陵,Xiangling
10117,7448,绛县,Jiang Xian
10118,6799,阜新,Fuxin
10119,7225,武清,Wuqing
10120,7254,景州,Jing Zhou
10121,7213,大兴,Daxing
10122,7235,保定,Baoding
10123,7233,霸州,Ba Zhou
10124,7232,固安,Gu'an
10125,7218,昌平州,Changping Zhou
10126,7217,良乡,Liangxiang
10127,7231,永清,Yongqing
10128,7322,内邱,Neiqiu
10129,7417,武乡,Wuxiang
10130,6885,绥东,Suidong
10131,7223,蓟州,Ji Zhou
10132,7227,涿州,Zhuo Zhou
10133,7236,大城,Dacheng
10134,20655,遵化州,Zunhua zhou
10135,20220,蓟辽监军道,Jiliaojianjun Dao
10136,20653,遵化,zunhua
10137,7331,永年,Yongnian
10138,7582,桃源,Taoyuan
10139,7431,高平,Gaoping
10140,7423,潞城,Lucheng
10141,7434,解州直隶州直辖地方,Jiezhou Zhilizhou Zhixiadifang
10142,7420,长治,Changzhi
10143,20569,平顺,Pingshun
10144,7416,沁州直隶州直辖地方,Qinzhou Zhilizhou Zhixiadifang
10145,7421,襄垣,Xiangyuan
10146,7418,沁源,Qinyuan
10147,7528,嘉定,Jiading
10148,7414,和顺,Heshun
10149,7525,镇洋,Zhenyang
10150,7526,崇明,Chongming
10151,7518,川沙厅,Chuansha Ting
10152,7521,青浦,Qingpu
10153,7519,金山,Jinshan
10154,7445,万泉,Wanquan
10155,7473,蒲县,Pu Xian
10156,7524,太仓直隶州直辖地方,Taicang Zhilizhou Zhixiadifang
10157,7425,长子,Zhangzi
10158,7391,太谷,Taigu
10159,7451,稷山,Jishan
10160,7452,河津,Hejin
10161,7432,陵川,Lingchuan
10162,7442,临晋,Linjin
10163,7410,盂县,Yu Xian
10164,7443,猗氏,Yishi
10165,7441,虞乡,Yuxiang
10166,7449,垣曲,Yuanqu
10167,7426,屯留,Tunliu
10168,7466,霍州直隶州直辖地方,Huozhou Zhilizhou Zhixiadifang
10169,7495,朔州,Shuo Zhou
10170,7422,黎城,Licheng
10171,7409,寿阳,Shouyang
10172,7430,沁水,Qinshui
10173,7429,阳城,Yangcheng
10174,7428,凤台,Fengtai
10175,7394,交城,Jiaocheng
10176,7467,赵城,Zhaocheng
10177,20565,牛庄城,Niuzhuangcheng
10178,20535,扎萨克图汗部中左翼右旗,Zhasaketuhanbuzhongzuoyiyou Qi
10179,6807,柳河,Liuhe
10180,7011,抚松,Fusong
10181,7014,安图,Antu
10182,7002,安广,Anguang
10183,7109,绥中,Suizhong
10184,20563,昌图厅,Changtuting
10185,6952,东平,Dongping
10186,7082,康平,Kangping
10187,20567,兴京厅,Xingjingting
10188,20564,承德,Chengde
10189,6884,抚顺,Fushun
10190,7107,义州,Yi Zhou
10191,7003,靖安,Jing'an
10192,20538,扎萨克图汗部中左翼左旗,Zhasaketuhanbuzhongzuoyizuo Qi
10193,7471,大宁,Daning
10194,20527,那鲁班禅呼图克图,Nalubanchanhutuketu
10195,20521,扎萨克图汗部右翼后末旗,Zhasaketuhanbuyouyihoumo Qi
10196,7058,拜城,Baicheng
10197,20683,迪化州,Dihua Zhou
10198,20540,扎萨克图汗部左翼前旗及左翼后末旗,Zhasaketuhanbuzuoyi Qianqijizuoyihoumoqi
10199,20447,齐盘,Qipan
10200,6949,西丰,Xifeng
10201,20523,扎萨克图汗部右翼前旗,Zhasaketuhanbuyouyiqian Qi
10202,7068,疏附,Shufu
10203,20532,扎萨克图汗部左翼右旗,Zhasaketuhanbuzuoyiyou Qi
10204,20585,土默特右翼旗,Tumote youyi Qi
10205,20522,扎萨克图汗部右翼后旗,Zhasaketuhanbuyouyihou Qi
10206,7095,辽阳州,Liaoyang Zhou
10207,7113,宁远州,Ningyuan Zhou
10208,7103,金州厅,Jinzhou Ting
10209,20568,岫岩厅,Xiuyanting
10210,20445,桑珠,Sangzhu
10211,7147,鄯善,Shanshan
10212,6900,温宿,Wensu
10213,7067,绥定,Suiding
10214,20100,锦县,Jin Xian
10215,20580,科尔沁右翼中旗,Keerqin youyizhong qi
10216,20453,和尔衮,Heergun
10217,20582,科尔沁左翼后旗,Keerqin zuoyihou qi
10218,7053,昌吉,Changji
10219,20574,郭尔罗斯后旗,Guoerluosi hou Qi
10220,6800,彰武,Zhangwu
10221,7004,镇东,Zhendong
10222,7110,广宁,Guangning
10223,20583,科尔沁左翼前旗,Keerqin zuoyiqian qi
10224,20454,惠宁城,Huining cheng
10225,20455,广仁城,Guangren cheng
10226,20579,郭尔罗斯前旗,Guoerluosi qian qi
10227,20597,扎鲁特右翼旗,Zhalute youyi Qi
10228,20449,色勒库尔,Selekuer
10229,6902,沙雅,Shaya
10230,20530,扎萨克图汗部中右翼末旗,Zhasaketuhanbuzhongyouyimo Qi
10231,6894,皮山,Pishan
10232,7072,蒲犁厅,Puli Ting
10233,7066,巴楚州,Bachu Zhou
10234,7065,叶城,Yecheng
10235,20559,沙雅尔,Shayaer
10236,7111,镇安,Zhen'an
10237,6897,新平,Xinping
10238,6898,婼羌,Chuoqiang
10239,6893,于阗,Yutian
10240,6895,洛浦,Luopu
10241,20443,哈拉哈什,Halahashen
10242,7070,伽师,Qieshi
10243,7150,轮台,Luntai
10244,20446,哈尔哈里克,Haerhalike
10245,7057,哈翼乌梁海,Hayiwulianghai
10246,20451,英吉沙尔,Yingjishaer
10247,20595,奈曼旗,Naiman Qi
10248,20529,扎萨克图汗部左翼中旗及右翼后旗,Zhasaketuhanbuzuoyizhongqijiyouyihou qi
10249,20450,牌租阿巴特,Paizuabate
10250,20525,扎萨克图汗兼右翼左旗,Zhasaketuhanjianyouyizuo Qi
10251,7314,赵州直隶州直辖地方,Zhaozhou Zhilizhou Zhixiadifang
10252,20581,科尔沁左翼中旗,Keerqin zuoyizhong qi
10253,7489,保德直隶州直辖地方,Baode Zhilizhou Zhixiadifang
10254,20577,科尔沁右翼后旗,Keerqin youyihou qi
10255,20448,和什喇普,Heshenlapu
10256,20534,伊勒固克散呼图克图,Yilegukesanhutuketu
10257,20452,塔什巴里克,Tashenbalike
10258,20528,辉特旗,Huite Qi
10259,20539,扎萨克图汗部左翼左旗,Zhasaketuhanbuzuoyizuo Qi
10260,7396,兴县,Xing Xian
10261,7216,房山,Fangshan
10262,7468,灵石,Lingshi
10263,7503,浑源州,Hunyuan Zhou
10264,7502,灵丘,Lingqiu
10265,7504,阳高,Yanggao
10266,7115,丰镇厅,Fengzhen Ting
10267,6973,铁山堡,Tieshan Bao
10268,7390,徐沟,Xugou
10269,20646,乐平,leping
10270,20598,扎鲁特左翼旗,Zhalute zuoyi Qi
10271,7486,五寨,Wuzhai
10272,7387,阳曲,Yangqu
10273,7478,崞县,Guo Xian
10274,7492,右玉,Youyu
10275,6789,宁远厅,Ningyuan Ting
10276,20570,镶蓝旗察哈尔,Xianglan Qi Chahar
10277,7315,宁晋,Ningjin
10278,7499,山阴,Shanyin
10279,20609,正白旗察哈尔,Zhengbai Qi Chahar
10280,20533,扎萨克图汗部中右翼末次旗,Zhasaketuhanbuzhongyouyimoci Qi
10281,20644,扎萨克图汗部右翼右旗,Zhasaketuhanbuyouyiyou Qi
10282,20586,喀喇沁右翼旗,Kalaqin youyi Qi
10283,20536,扎萨克图汗部右翼右末旗,Zhasaketuhanbuyouyiyoumo Qi
10284,20587,喀喇沁中旗,Kalaqin zhong qi
10285,20575,杜尔伯特旗,Duerbote Qi
10286,20584,土默特左翼旗,Tumote zuoyi Qi
10287,20537,扎萨克图汗部中左翼末旗,Zhasaketuhanbuzhongzuoyimo Qi
10288,20613,镶红旗察哈尔,Xianghong Qi chahaer
10289,20610,镶黄旗察哈尔,Xianghuang Qi chahaer
10290,7054,宁远,Ningyuan
10291,20607,正蓝旗察哈尔,Zhenglan Qi Chahar
10292,20611,正黄旗察哈尔,Zhenghuang Qi chahaer
10293,20608,镶白旗察白尔,Xiangbai Qi chabaier
10294,20444,赛喇木,Sailamu
10295,20531,扎萨克图汗部中右翼左旗,Zhasaketuhanbuzhongyouyizuo Qi
10296,20558,晶河,Jinghe
10297,20588,喀喇沁左翼旗,Kalaqin zuoyi qi
10298,20578,科尔沁右翼前旗,Keerqin youyiqian qi
10299,7472,永和,Yonghe
10300,20438,鲁克察克,Lukechake
10301,20589,巴林左翼旗,Balinzuoyi Qi
10302,20526,那蓝呼图克图,Nalanhutuketu
10303,20591,克什克腾旗,Keshenketeng Qi
10304,20442,克勒底雅,Kelediya
10305,20592,翁牛特右翼旗,Wengniuteyouyi Qi
10306,20576,扎赉特旗,Zhalaite Qi
10307,20594,敖汉旗,Aohan Qi
10308,20557,迪化城,Dihuacheng
10309,20437,辟展,Pizhan
10310,20555,喀尔喀左翼旗,Kaerkazuoyi Qi
10311,20436,塔勒纳沁,Talenaqin
10312,20612,正红旗察哈尔,Zhenghong Qi chahaer
10313,20596,阿鲁科尔沁旗,Alukeerqin Qi
10314,20456,拱宸城,Gongchen cheng
10315,20593,翁牛特左翼旗,Wengniutezuoyi Qi
10316,20590,巴林右翼旗,Balinyouyi Qi
10317,20441,齐尔拉,Qierla
10318,8577,上龙土司,Shanglong Tusi
10319,8690,峨边厅,Ebian Ting
10320,8675,汉州,Han Zhou
10321,8687,犍为,Qianwei
10322,8719,荣经,Yingjing
10323,8547,天保,Tianbao
10324,8548,奉议州,Fengyi Zhou
10325,8553,向武土州,Xiangwu Tuzhou
10326,8684,简州,Jian Zhou
10327,8579,凭祥土州,Pingxiang Tuzhou
10328,8683,什邡,Shifang
10329,8580,凭祥厅,Pingxiang Ting
10330,8574,下龙土司,Xialong Tusi
10331,8575,龙州厅,Longzhou Ting
10332,8578,金龙峒土司,Jinlongtong Tusi
10333,8860,永宁直隶州直辖地方,Yongning Zhilizhou Zhixiadifang
10334,8573,万承土州,Wancheng Tuzhou
10335,8555,上映土州,Shangying Tuzhou
10336,8581,宁明州,Ningming Zhou
10337,8714,盐边厅,Yanbian Ting
10338,8788,合州,He Zhou
10339,7046,杂瑜委员,Zayu Weiyuan
10340,8688,荣县,Rong Xian
10341,8705,马边厅,Mabian Ting
10342,8708,西昌,Xichang
10343,8709,会理州,Huili Zhou
10344,8711,盐源,Yanyuan
10345,8678,新繁,Xinfan
10346,8713,越巂厅,Yuexi Ting
10347,8808,垫江,Dianjiang
10348,8686,乐山,Leshan
10349,7037,巴底土司,Badi Tusi
10350,8676,金堂,Jintang
10351,8671,双流,Shuangliu
10352,8791,大足,Dazu
10353,8766,中江,Zhongjiang
10354,8674,温江,Wenjiang
10355,8712,冕宁,Mianning
10356,8813,黔江,Qianjiang
10357,8550,镇安土州,Zhen'an Tuzhou
10358,8559,罗白土县,Luobai Tuxian
10359,8568,茗盈土州,Mingying Tuzhou
10360,8561,永康州,Yongkang Zhou
10361,8571,太平土州,Taiping Tuzhou
10362,8552,下雷土州,Xialei Tuzhou
10363,8512,新宁州,Xinning Zhou
10364,8807,酆都,Fengdu
10365,20101,左江道,Zuojiang Dao
10366,8563,结伦土州,Jielun Tuzhou
10367,8582,明江厅,Mingjiang Ting
10368,8861,古蔺,Gulin
10369,8804,渠县,Qu Xian
10370,8793,永川,Yongchuan
10371,8792,荣昌,Rongchang
10372,8789,铜梁,Tongliang
10373,7214,宛平,Wanping
10374,8562,罗阳土县,Luoyang Tuxian
10375,8755,阆中,Langzhong
10376,8466,陵水,Lingshui
10377,8800,东乡,Dongxiang
10378,8799,新宁,Xinning
10379,8803,大竹,Dazhu
10380,8806,忠州直隶州直辖地方,Zhongzhou Zhilizhou Zhixiadifang
10381,8801,城口厅,Chengkou Ting
10382,8802,太平,Taiping
10383,8564,结安土州,Jie'an Tuzhou
10384,8585,上思州,Shangsi Zhou
10385,8549,归顺州,Guishun Zhou
10386,8516,永淳,Yongchun
10387,8558,江州土州,Jiangzhou Tuzhou
10388,8583,下石西土州,Xiashixi Tuzhou
10389,8572,养利州,Yangli Zhou
10390,8557,崇善,Chongshan
10391,8566,镇远土州,Zhenyuan tuzhou
10392,8584,思陵土州,Siling Tuzhou
10393,8809,梁山,Liangshan
10394,8576,上下冻土州,Shangxiadong Tuzhou
10395,8700,长宁,Changning
10396,8695,屏山,Bingshan
10397,8841,顺化,Shunhua
10398,8698,南溪,Nanxi
10399,7038,巴旺土司,Bawang Tusi
10400,8692,洪雅,Hongya
10401,8703,高县,Gao Xian
10402,8706,雷波厅,Leibo Ting
10403,8525,迁江,Qianjiang
10404,8702,筠连,Junlian
10405,8697,隆昌,Longchang
10406,8858,章谷,Zhanggu
10407,8842,理化厅,Lihua Ting
10408,8857,章谷委员,Zhanggu Weiyuan
10409,8862,古宋,Gusong
10410,8865,理化厅,Lihua Ting
10411,8866,稻城,Daocheng
10412,8704,庆符,Qingfu
10413,7039,同普,Tongpu
10414,20099,庆都,Qingdu
10415,8397,新会,Xinhui
10416,8441,海康,Haikang
10417,8438,和平,Heping
10418,8825,资阳,Ziyang
10419,8845,巴安,Ba'an
10420,8873,德荣,Derong
10421,8840,里塘土司,Litang Tusi
10422,8838,打箭炉直隶厅直辖地方,Dajianlu Zhiliting Zhixiadifang
10423,8843,稻城,Daocheng
10424,8850,德化州,Dehua Zhou
10425,8854,甘孜委员,Ganzi Weiyuan
10426,7040,三岩委员,Sanyan Weiyuan
10427,8391,龙门,Longmen
10428,8758,通江,Tongjiang
10429,8669,成都,Chengdu
10430,8677,新都,Xindu
10431,8679,崇宁,Chongning
10432,8680,彭县,Peng Xian
10433,8681,灌县,Guan Xian
10434,8691,夹江,Jiajiang
10435,8696,富顺,Fushun
10436,8868,泸定桥委员,Ludingqiao Weiyuan
10437,8673,崇庆州,Chongqing Zhou
10438,8682,郫县,Pi Xian
10439,8745,德阳,Deyang
10440,8746,绵竹,Mianzhu
10441,8747,安县,An Xian
10442,8748,梓潼,Zitong
10443,8750,平武,Pingwu
10444,8751,石泉,Shiquan
10445,8752,彰明,Zhangming
10446,8689,威远,Weiyuan
10447,8829,泸州直隶州直辖地方,Luzhou Zhilizhou Zhixiadifang
10448,8787,定远,Dingyuan
10449,8874,三坝厅,Sanba Ting
10450,8875,定乡,Dingxiang
10451,8844,巴塘土司,Batang Tusi
10452,8851,白玉州,Baiyu Zhou
10453,8856,甘孜州,Ganzi Zhou
10454,8823,资州直隶州直辖地方,Zizhou Zhilizhou Zhixiadifang
10455,8670,华阳,Huayang
10456,8833,合江,Hejiang
10457,8699,兴文,Xingwen
10458,8832,江安,Jiang'an
10459,8831,纳溪,Naxi
10460,8835,永宁,Yongning
10461,8836,古宋,Gusong
10462,8694,宜宾,Yibin
10463,8672,新津,Xinjin
10464,8867,河口,Hekou
10465,8824,内江,Neijiang
10466,7297,新乐,Xinle
10467,7290,元氏,Yuanshi
10468,7353,延庆州,Yanqing Zhou
10469,7378,昌黎,Changli
10470,7298,阜平,Fuping
10471,7288,槁城,Gaocheng
10472,7301,深泽,Shenze
10473,7287,晋州,Jin Zhou
10474,7359,保安州,Bao'an Zhou
10475,7291,赞皇,Zanhuang
10476,20641,赤峰,Chifeng
10477,7294,灵寿,Lingshou
10478,7293,获鹿,Huolu
10479,7295,平山,Pingshan
10480,7361,赤城,Chicheng
10481,7285,正定,Zhengding
10482,7259,任邱,Renqiu
10483,100654,龙阳,Longyang
10484,7289,栾城,Luancheng
10485,7307,冀州直隶州直辖地方,Jizhou Zhilizhou Zhixiadifang
10486,8783,巴县,Ba Xian
10487,7282,饶阳,Raoyang
10488,7283,武强,Wuqiang
10489,7280,深州直隶州直辖地方,Shenzhou Zhilizhou Zhixiadifang
10490,7281,安平,Anping
10491,7278,祁州,Qi Zhou
10492,7106,建昌,Jianchang
10493,7352,宣化,Xuanhua
10494,20642,曲阳,Quyang
10495,7253,故城,Gucheng
10496,7325,广宗,Guangzong
10497,7326,沙河,Shahe
10498,7327,南和,Nanhe
10499,7328,平乡,Pingxiang
10500,7329,唐山,Tangshan
10501,7277,博野,Boye
10502,7292,井陉,Jingxing
10503,7276,蠡县,Li Xian
10504,7228,三河,Sanhe
10505,7251,东光,Dongguang
10506,7263,安州,An Zhou
10507,7265,雄县,Xiong Xian
10508,7273,望都,Wangdu
10509,7270,完县,Wan Xian
10510,7268,安肃,Ansu
10511,7267,容城,Rongcheng
10512,7269,满城,Mancheng
10513,7264,新安,Xin'an
10514,7271,定兴,Dingxing
10515,7272,唐县,Tang Xian
10516,7234,文安,Wen'an
10517,7220,密云,Miyun
10518,7219,平谷,Pinggu
10519,7224,宝坻,Baodi
10520,7229,香河,Xianghe
10521,7266,新城,Xincheng
10522,7242,天津,Tianjin
10523,7286,无极,Wuji
10524,7255,阜城,Fucheng
10525,7256,献县,Xian Xian
10526,7343,大名,Daming
10527,7258,肃宁,Suning
10528,7262,清苑,Qingyuan
10529,7260,宁津,Ningjin
10530,7247,南皮,Nanpi
10531,7248,庆云,Qingyun
10532,20221,冀宁道,Jining Dao
10533,7243,静海,Jinghai
10534,7244,沧州,Cang Zhou
10535,7257,交河,Jiaohe
10536,7226,宁河,Ninghe
10537,7545,新阳,Xinyang
10538,7345,东明,Dongming
10539,7246,盐山,Yanshan
10540,7245,青县,Qing Xian
10541,7252,吴桥,Wuqiao
10542,7043,江卡委员,Jiangka Weiyuan
10543,20637,藁城,Gaocheng
10544,8816,奉节,Fengjie
10545,8820,万县,Wan Xian
10546,8818,大宁,Daning
10547,8776,岳池,Yuechi
10548,8817,巫山,Wushan
10549,8795,綦江,Qijiang
10550,8811,酉阳直隶州直辖地方,Youyang Zhilizhou Zhixiadifang
10551,8781,邻水,Linshui
10552,8812,秀山,Xiushan
10553,8826,仁寿,Renshou
10554,8769,蓬溪,Pengxi
10555,8779,仪陇,Yilong
10556,8774,南充,Nanchong
10557,8780,广安州,Guang'an Zhou
10558,8778,营山,Yingshan
10559,8777,蓬州,Peng Zhou
10560,8821,开县,Kai Xian
10561,7041,贡觉委员,Gongjue Weiyuan
10562,8790,壁山,Bishan
10563,8786,江北厅,Jiangbei Ting
10564,8798,达县,Da Xian
10565,8796,南川,Nanchuan
10566,8775,西充,Xichong
10567,8853,瞻对,Zhandui
10568,8852,瞻对委员,Zhandui Weiyuan
10569,8819,云阳,Yunyang
10570,8849,石渠,Shiqu
10571,7373,卢龙,Lulong
10572,8765,三台,Santai
10573,7047,昌都理事官,Changdu
10574,8785,长寿,Changshou
10575,8541,阳万土州,Yangwan Tuzhou
10576,8784,涪州,Fu Zhou
10577,8794,江津,Jiangjin
10578,7042,乍丫理事官,Zhaya Lishiguan
10579,20640,朝阳,Zhaoyang
10580,7321,邢台,Xingtai
10581,7346,南乐,Nanle
10582,7347,清丰,Qingfeng
10583,7348,开州,Kai Zhou
10584,7355,怀安,Huai'an
10585,7332,鸡泽,Jize
10586,7354,万全,Wanquan
10587,8814,彭水,Pengshui
10588,7333,曲周,Quzhou
10589,7344,元城,Yuancheng
10590,7337,成安,Cheng'an
10591,7339,广平,Guangping
10592,7338,肥乡,Feixiang
10593,7341,清河,Qinghe
10594,7335,磁州,Ci Zhou
10595,7323,任县,Ren Xian
10596,7340,威县,Wei Xian
10597,7367,丰宁,Fengning
10598,7379,临榆,Linyu
10599,7230,东安,Dong'an
10600,7369,平泉州,Pingquan Zhou
10601,7382,遵化直隶州直辖地方,Zunhua Zhilizhou Zhixiadifang
10602,7383,玉田,Yutian
10603,7384,丰润,Fengrun
10604,7374,迁安,Qian'an
10605,7377,乐亭,Leting
10606,7334,邯郸,Handan
10607,7349,长垣,Changyuan
10608,7376,滦州,Luan Zhou
10609,7360,龙门,Longmen
10610,7358,怀来,Huailai
10611,7363,承德府,Chengde Fu
10612,7324,巨鹿,Julu
10613,7371,隆化,Longhua
10614,7370,围场厅,Weichang Ting
10615,7366,滦平,Luanping
10616,8827,井研,Jingyan
10617,7380,抚宁,Funing
10618,21087,大名道,
10619,21129,赣南道,
10620,21103,济宁道,
10621,21101,胶东道,
10622,21102,济南道,
10623,21099,岱南道,
10624,21104,东临道,
10625,21124,安庆道,
10626,21098,岱北道,
10627,21126,淮泗道,
10628,21083,冀南道,
10629,21115,河东道,
10630,21116,冀宁道,
10631,21117,雁门道,
10632,21113,山西中路道,
10633,21130,赣北道,
10634,21127,豫章道,
10635,100550,襄邑,Xiangyi
10636,21084,口北道,
10637,21097,黑河道,
10638,8185,登封,Dengfeng
10639,7062,布尔津河设治局,Bu'erjinhe Shezhiju
10640,21204,阿山道,
10641,21205,焉耆道,
10642,21206,和阗道,
10643,21096,绥兰道,
10644,21174,喀什噶尔道,
10645,21100,济西道,
10646,21209,呼伦道,
10647,21131,浔阳道,
10648,21172,伊犁道,
10649,21077,川西道,
10650,21114,山西北路道,
10651,21109,开封道,
10652,21081,渤海道,
10653,21082,范阳道,
10654,21203,塔城道,
10655,21173,阿克苏道,
10656,21128,庐陵道,
10657,21139,建安道,
10658,21138,汀漳道,
10659,21133,福建南路道,
10660,21132,福建东路道,
10661,21134,福建西路道,
10662,21136,闽海道,
10663,21120,金陵道,
10664,21086,保定道,
10665,21108,豫南道,
10666,21119,徐州道,
10667,21061,永保龙桑行政督查区,Yongbaolongsang xingzheng duchaqu
10668,21153,陕西道,
10669,21155,关中道,
10670,21151,陕南道,
10671,21156,汉中道,
10672,21157,榆林道,
10673,21137,厦门道,
10674,21091,吉长道,
10675,21112,汝阳道,
10676,21090,洮昌道,
10677,21125,芜湖道,
10678,21122,苏常道,
10679,21088,辽沈道,
10680,21089,东边道,
10681,21094,伊兰道,
10682,21118,淮扬道,
10683,21092,滨江道,
10684,21143,瓯海道,
10685,21140,钱塘道,
10686,21141,会稽道,
10687,21142,金华道,
10688,21121,沪海道,
10689,21085,津海道,
10690,21123,徐海道,
10691,21093,延吉道,
10692,100125,定海,Dinghai
10693,13517,公井,Gongjing
10694,13516,应灵,Yingling
10695,13481,昌元,Changyuan
10696,13514,威远,Weiyuan
10697,21171,镇迪道,
10698,13362,大邑,Dayi
10699,101178,安州军节度,Anzhou Jun
10700,13192,华容,Huarong
10701,13330,彰明,Zhangming
10702,13515,资官,Ziguan
10703,100467,百丈,Baizhang
10704,13389,保宁,Baoning
10705,13345,德阳,Deyang
10706,13340,西昌,Xichang
10707,13344,绵竹,Mianzhu
10708,13398,井研,Jingyan
10709,13301,灵泉,Lingquan
10710,13505,汉初,Hanchu
10711,13359,临邛,Linqiong
10712,13342,雒县,Luo Xian
10713,13365,临溪,Linxi
10714,21069,湘西绥靖区,
10715,13360,依政,Yizheng
10716,13337,盐泉,Yanquan
10717,13363,蒲江,Pujiang
10718,13385,平泉,Pingquan
10719,13361,安仁,Anren
10720,13384,阳安,Yang'an
10721,13343,什邡,Shifang
10722,20670,阿勒楚喀副都统,Alechu Fudutong xiaqu
10723,8047,郯城,Tancheng
10724,6975,余庆,Yuqing
10725,6957,巴彦州,Bayan Zhou
10726,7023,逊河镇,Xunhe Zhen
10727,6956,拜泉,Baiquan
10728,6947,昌五城,Changwu Cheng
10729,6996,同宾,Tongbin
10730,6968,木兰,Mulan
10731,6970,汤原,Tangyuan
10732,20647,其塔木屯,Qitamu tun
10733,7952,邹平,Zouping
10734,7951,章邱,Zhangqiu
10735,8005,宁阳,Ningyang
10736,8030,高唐州,Gaotang Zhou
10737,8095,商丘,Shangqiu
10738,8093,荥阳,Xingyang
10739,21063,芷黔麻晃行政督查区,Zhiqianmahuang xingzheng duchaqu
10740,6929,大通,Datong
10741,7099,新民厅,Xinmin Ting
10742,20663,三姓副都统辖区,Sanxing fudutong xiaqu
10743,7100,盖平,Gaiping
10744,20664,吉林副都统辖区,Jilin fudutong xiaqu
10745,7096,辽中,Liaozhong
10746,20566,熊岳城,Xiongyuecheng
10747,6904,盘山厅,Panshan Ting
10748,6999,开通,Kaitong
10749,7102,复州,Fu Zhou
10750,8037,临清直隶州直辖地方,Linqing Zhilizhou Zhixiadifang
10751,6883,本溪,Benxi
10752,7092,铁岭,Tieling
10753,7089,开原,Kaiyuan
10754,6955,青冈,Qinggang
10755,20310,伯都讷直隶厅,Boduna Zhiliting
10756,7000,醴泉,Liquan
10757,6977,兰西,Lanxi
10758,7097,海城,Haicheng
10759,8082,尉氏,Weishi
10760,8048,日照,Rizhao
10761,8078,禹州,Yu Zhou
10762,7954,新城,Xincheng
10763,8079,新郑,Xinzheng
10764,8029,清平,Qingping
10765,8081,鄢陵,Yanling
10766,8031,堂邑,Tangyi
10767,7994,东平州,Dongping Zhou
10768,8103,考城,Kaocheng
10769,8077,密县,Mi Xian
10770,7961,德平,Deping
10771,7960,德州,De Zhou
10772,7991,莱芜,Laiwu
10773,7992,新泰,Xintai
10774,7993,肥城,Feicheng
10775,7995,平阴,Pingyin
10776,7996,东阿,Dong'e
10777,7955,长山,Changshan
10778,8046,费县,Fei Xian
10779,8045,蒙阴,Mengyin
10780,8087,兰阳,Lanyang
10781,8040,邱县,Qiu Xian
10782,7953,淄川,Zichuan
10783,8026,聊城,Liaocheng
10784,7958,临邑,Linyi
10785,8086,仪封厅,Yifeng Ting
10786,7973,利津,Lijin
10787,8039,夏津,Xiajin
10788,21072,建昌道,
10789,8057,高密,Gaomi
10790,20649,临颍,linying
10791,8080,洧川,Weichuan
10792,8085,陈留,Chenliu
10793,21105,豫东道,
10794,21106,豫北道,
10795,21107,豫西道,
10796,21199,黔西道,
10797,21200,镇远道,
10798,21066,衡阳道,Hengyang Dao
10799,21197,黔中道,
10800,21202,兴和道,
10801,21005,热河道,Rehe Dao
10802,21144,鄂东道,
10803,21150,陕西中道,
10804,21208,施鹤道,
10805,21152,陕北道,
10806,21146,鄂西道,
10807,21147,江汉道,
10808,21198,黔东道,
10809,21186,镇南道,
10810,13380,汶川,Wenchuan
10811,21062,沅泸辰溆行政督查区,Yuanluchengxu xingzheng duchaqu
10812,21064,干凤古绥行政督查区,Qianfenggusui xingzheng duchaqu
10813,21065,湘江道,Xiangjiang Dao
10814,21110,河北道,
10815,21067,辰沅道,Chenyuan Dao
10816,21154,陕东道,
10817,21145,鄂北道,
10818,21184,柳江道,
10819,21175,粤海道,
10820,21181,邕南道,
10821,21182,郁江道,
10822,21183,漓江道,
10823,21185,田南道,
10824,21187,南宁道,
10825,21189,桂林道,
10826,21188,苍梧道,
10827,21060,慈石庸行政督查区,Cishiyong xingzheng duchaqu
10828,21070,西川道,
10829,21170,安肃道,
10830,21159,陇南道,
10831,21158,兰山道,
10832,21165,渭川道,
10833,21169,甘凉道,
10834,21080,辰沅永靖道,
10835,21079,衡永郴桂道,
10836,21149,荆南道,
10837,21190,滇中道,
10838,21075,边东道,
10839,21078,川东道,
10840,21191,临开广道,
10841,21192,滇南道,
10842,21194,蒙自道,
10843,21196,腾越道,
10844,21195,普洱道,
10845,21068,武陵道,
10846,21193,滇西道,
10847,21161,朔方道,
10848,21095,龙江道,
10849,21176,岭南道,
10850,21177,潮循道,
10851,21178,高雷道,
10852,21180,钦廉道,
10853,21179,琼崖道,
10854,21135,福建北路道,
10855,21073,永宁道,
10856,21164,边关道,
10857,21074,嘉陵道,
10858,21162,海江道,
10859,21163,河西道,
10860,21160,陇东道,
10861,21076,边西道,
10862,21166,泾原道,
10863,21071,东川道,
10864,21168,西宁道,
10865,21148,襄阳道,
10866,21207,荆宜道,
10867,100211,新喻,Xinyu
10868,12914,新建,Xinjian
10869,12975,金谿,Jinxi
10870,12947,安福,Anfu
10871,100005,上犹,Shangyou
10872,12996,南安,Nan'an
10873,12916,丰城,Fengcheng
10874,12951,泉江,Quanjiang
10875,30100,定江军节度,Dingjiang junjiedu
10876,12960,分宜,Fenyi
10877,12974,宜黄,Yihuang
10878,100099,大庾,Dayu
10879,12973,乐安,Le'an
10880,12931,会昌,Huichang
10881,12953,永新,Yongxin
10882,100080,吉水,Jishui
10883,100655,铜陵,Tongling
10884,12915,奉新,Fengxin
10885,12933,石城,Shicheng
10886,12936,虔南,Qiannan
10887,100345,枝江,Zhijiang
10888,100185,建昌,Jianchang
10889,100062,南昌,Nanchang
10890,100462,瑞昌,Ruichang
10891,12913,进贤,Jinxian
10892,12917,分宁,Fenning
10893,12919,靖安,Jing'an
10894,12918,武宁,Wuning
10895,12934,安远,Anyuan
10896,100196,庆符,Qingfu
10897,13475,安居,Anju
10898,13495,淯井监,Yujing Jian
10899,13527,南溪,Nanxi
10900,13482,永川,Yongchuan
10901,13513,荣德,Rongde
10902,13473,安岳,Anyue
10903,13573,承流,Chengliu
10904,13536,石门路,Shimen Lu
10905,100363,乐至,Lezhi
10906,100139,富顺,Fushun
10907,30101,荆南节度,Jingnan Jiedu
10908,13572,仁怀,Renhuai
10909,12963,建城,Jiancheng
10910,100132,宜春,Yichun
10911,12961,萍乡,Pingxiang
10912,100060,南康,Nankang
10913,12955,万安,Wan'an
10914,100513,临川,Linchuan
10915,13530,马湖江部,Mahujiang Bu
10916,100155,崇仁,Eshi
10917,100217,新淦,Xingan
10918,12948,太和,Taihe
10919,100179,庐陵,Luling
10920,100480,磐石,Panshi
10921,13474,普康,Pukang
10922,100615,雩都,Yudu
10923,100174,广德,Guangde
10924,12829,上元,Shangyuan
10925,100539,芜湖,Wuhu
10926,12845,旌德,Jingde
10927,12844,宁国,Ningguo
10928,100434,湖口,Hukou
10929,12832,溧水,Lishui
10930,12841,宣城,Xuancheng
10931,100340,东流,Dongliu
10932,30077,宁国军节度,Ninguo junjiedu
10933,12843,泾县,Jing Xian
10934,12880,乐平,Leping
10935,12846,太平,Taiping
10936,7250,河间,Hejian
10937,7818,龙岩直隶州直辖地方,Longyan Zhilizhou Zhixiadifang
10938,12887,弋阳,Yiyang
10939,100192,德安,Dean
10940,100191,德化,Dehua
10941,100224,星子,Xingzi
10942,100580,都昌,Duchang
10943,12833,溧阳,Liyang
10944,12873,石埭,Shidai
10945,12831,句容,Jurong
10946,12830,江宁,Jiangning
10947,12889,铅山,Qianshan
10948,12886,玉山,Yushan
10949,100626,青阳,Qingyang
10950,100006,上饶,Shangrao
10951,12892,宝丰,Baofeng
10952,12842,南陵,Nanling
10953,12872,建德,Jiande
10954,12876,鄱阳,Poyang
10955,12869,贵池,Guichi
10956,100632,余干,Yugan
10957,12890,永丰,Yongfeng
10958,30109,建康军节度,Jiankang junjiedu
10959,12882,安仁,Anren
10960,12856,绩溪,Jixi
10961,100391,永丰,Yongfeng
10962,13522,棘道,Jidao
10963,12854,祁门,Qimen
10964,100559,赣县,Gan Xian
10965,12888,贵溪,Guixi
10966,12906,建平,Jianping
10967,100146,宝丰,Baofeng
10968,12879,浮梁,Fuliang
10969,12855,婺源,Wuyuan
10970,12896,当涂,Dangtu
10971,12881,德兴,Dexing
10972,12852,歙县,She Xian
10973,12857,黟县,Yi Xian
10974,12853,休宁,Xiuning
10975,18951,永平监,Yongping
10976,13367,汉源,Hanyuan
10977,13195,临湘,Linxiang
10978,100527,良山,Liangshan
10979,100101,大潭,Datan
10980,13589,绵谷,Miangu
10981,100422,清化,Qinghua
10982,13648,蓬山,Pengshan
10983,13329,巴西,Baxi
10984,13645,伏虞,Fuyu
10985,13307,丹棱,Danleng
10986,18950,九陇,Jiulong
10987,13323,永昌,Yongchang
10988,13305,眉山,Meishan
10989,13379,汶山,Wenshan
10990,13331,魏城,Weicheng
10991,100566,通江,Tongjiang
10992,13642,仪陇,Yilong
10993,100614,难江,Nanjiang
10994,13490,乐共城,Legong Cheng
10995,13634,曲水,Qushui
10996,24005,安羁縻州,An Zhou
10997,13504,石照,Shizhao
10998,13641,蓬池,Pengchi
10999,100004,上津,Shangjin
11000,13643,朗池,Langchi
11001,13644,营山,Yingshan
11002,13650,相如,Xiangru
11003,30123,江陵节度,Jiangling Jiedu
11004,30117,益州节度,Yizhou Jiedu
11005,100465,当阳,Dangyang
11006,13114,石首,Shishou
11007,101163,武清军节度,Wuqing Jun
11008,100370,武昌,Wuchang
11009,13372,芦山,Lushan
11010,13215,辰溪,Chenxi
11011,13115,石首,Shishou
11012,13118,建宁,Jianning
11013,100395,江陵,Jiangling
11014,100563,通城,Tongcheng
11015,13325,蒙阳,Mengyang
11016,13306,彭山,Pengshan
11017,13377,西山野山部,Xishan-Yeshan Bu
11018,13509,铜梁,Tongliang
11019,13308,青神,Qingshen
11020,13376,荣经,Yingjing
11021,100090,嘉川,Jiachuan
11022,13371,严道,Yandao
11023,13332,罗江,Luojiang
11024,13373,名山,Mingshan
11025,13364,火井,Huojing
11026,13369,两林邛部,Lianglin-Qiong Bu
11027,13397,仁寿,Renshou
11028,13368,通望,Tongwang
11029,13433,射洪,Shehong
11030,13669,白石,Baishi
11031,13446,小溪,Xiaoxi
11032,13506,巴川,Bachuan
11033,13512,旭川,Xuchuan
11034,13436,飞乌,Feiwu
11035,13449,长江,Changjiang
11036,13438,东关,Dongguan
11037,13435,通泉,Tongquan
11038,13434,盐亭,Yanting
11039,13480,大足,Dazu
11040,13465,资阳,Ziyang
11041,100102,大竹,Dazhu
11042,13544,邻山,Linshan
11043,100412,流江,Liujiang
11044,13432,涪城,Fucheng
11045,13466,龙水,Longshui
11046,13429,郪县,Qi Xian
11047,13431,中江,Zhongjiang
11048,13467,内江,Neijiang
11049,13437,铜山,Tongshan
11050,100588,金水,Jinshui
11051,13430,元武,Yuanwu
11052,100366,武宁,Wuning
11053,13569,九支,Jiuzhi
11054,13570,安溪,Anxi
11055,100560,赤水,Chishui
11056,30099,剑南东川节度,Jiannandongchuan Jiedu
11057,13441,安泰,Antai
11058,101159,泸川军节度,Luchuan Jun
11059,13597,兴道,Xingdao
11060,13586,西县,Xi Xian
11061,13584,褒城,Baocheng
11062,13583,城固,Chenggu
11063,13599,真符,Zhenfu
11064,13582,廉水,Lianshui
11065,13543,邻水,Linshui
11066,13595,平蜀,Pingshu
11067,13590,葭萌,Xiameng
11068,13696,福津,Fujin
11069,13581,南郑,Nanzheng
11070,100215,新明,Xinming
11071,13193,平江,Pingjiang
11072,30051,昭武军节度,Zhaowu junjiedu
11073,13670,符阳,Fuyang
11074,100587,金堂,Jintang
11075,100103,天水,Tianshui
11076,13598,西乡,Xixiang
11077,100553,西县,Xi Xian
11078,13694,两当,Liangdang
11079,30098,昭化军节度,Zhaohua junjiedu
11080,13608,岐山,Qishan
11081,13593,昭化,Zhaohua
11082,100083,同谷,Tonggu
11083,30052,宁武军节度,Ningwu junjiedu
11084,100481,祐川,Youchuan
11085,100657,长道,Changdao
11086,100164,平利,Pingli
11087,7756,休宁,Xiuning
11088,7709,霍山,Huoshan
11089,7764,青阳,Qingyang
11090,7747,泾县,Jing Xian
11091,7762,贵池,Guichi
11092,7767,东流,Dongliu
11093,7705,潜山,Qianshan
11094,7704,太湖,Taihu
11095,7701,怀宁,Huaining
11096,7763,铜陵,Tongling
11097,7755,歙县,She Xian
11098,7592,丰县,Feng Xian
11099,7558,上元,Shangyuan
11100,7557,江宁,Jiangning
11101,7563,江浦,Jiangpu
11102,7551,丹徒,Dantu
11103,7555,太平厅,Taiping Ting
11104,7554,溧阳,Liyang
11105,7703,宿松,Susong
11106,7750,宁国,Ningguo
11107,8238,应山,Yingshan
11108,7713,含山,Hanshan
11109,7712,和州直隶州直辖地方,Hezhou Zhilizhou Zhixiadifang
11110,7708,六安州直隶州直辖地方,Lu'anzhou Zhilizhou Zhixiadifang
11111,7894,广昌,Guangchang
11112,7721,颍上,Yingshang
11113,7765,石棣,Shidai
11114,7748,太平,Taiping
11115,7746,南陵,Nanling
11116,7561,高淳,Gaochun
11117,7753,建平,Jianping
11118,7752,广德直隶州直辖地方,Guangde Zhilizhou Zhixiadifang
11119,7760,婺源,Wuyuan
11120,7759,绩溪,Jixi
11121,7758,黟县,Yi Xian
11122,7757,祁门,Qimen
11123,7706,桐城,Tongcheng
11124,7688,余姚,Yuyao
11125,7576,仪征,Yizheng
11126,7533,江阴,Jiangyin
11127,7530,武进,Wujin
11128,7532,靖江,Jingjiang
11129,7534,无锡,Wuxi
11130,7575,东台,Dongtai
11131,7542,吴江,Wujiang
11132,7560,溧水,Lishui
11133,7552,丹阳,Danyang
11134,7574,兴化,Xinghua
11135,7536,宜兴,Yixing
11136,7572,泰州,Tai Zhou
11137,7566,通州直隶州直辖地方,Tongzhou Zhilizhou Zhixiadifang
11138,7567,如皋,Rugao
11139,7568,泰兴,Taixing
11140,7583,安东,Andong
11141,7622,嘉善,Jiashan
11142,7520,奉贤,Fengxian
11143,7589,沭阳,Shuyang
11144,7594,邳州,Pei Zhou
11145,7726,灵璧,Lingbi
11146,7581,清河,Qinghe
11147,7591,铜山,Tongshan
11148,7577,扬子,Yangzi
11149,7597,萧县,Xiao Xian
11150,7596,宿迁,Suqian
11151,7595,睢宁,Suining
11152,7544,昆山,Kunshan
11153,7593,沛县,Pei Xian
11154,7539,吴县,Wu Xian
11155,7570,江都,Jiangdu
11156,7587,海州直隶州直辖地方,Haizhou Zhilizhou Zhixiadifang
11157,7685,会稽,Kuaiji
11158,7517,上海,Shanghai
11159,7559,句容,Jurong
11160,7537,荆溪,Jingqi
11161,7541,元和,Yuanhe
11162,7553,金坛,Jintan
11163,7598,砀山,Dangshan
11164,7640,黄岩,Huangyan
11165,7722,霍丘,Huoqiu
11166,7651,武义,Wuyi
11167,7649,汤溪,Tangxi
11168,7648,东阳,Dongyang
11169,20020,义乌,Yiwu
11170,7687,上虞,Shangyu
11171,20021,兰溪,Lanxi
11172,7647,永康,Yongkang
11173,7641,太平,Taiping
11174,7654,西安,Xi'an
11175,7639,临海,Linhai
11176,7643,天台,Tiantai
11177,7644,仙居,Xianju
11178,7636,定海,Dinghai
11179,7634,南田厅,Nantian Ting
11180,7633,石浦厅,Shipu Ting
11181,7631,象山,Xiangshan
11182,7662,分水,Fenshui
11183,8223,咸宁,Xianning
11184,8222,蒲圻,Puqi
11185,8215,江夏,Jiangxia
11186,8249,谷城,Gucheng
11187,8228,广济,Guangji
11188,8213,孝感,Xiaogan
11189,8212,沔州,Mianyang Zhou
11190,8211,黄陂,Huangpi
11191,7646,金华,Jinhua
11192,8224,嘉鱼,Jiayu
11193,7717,亳州,Bo Zhou
11194,8220,通城,Tongcheng
11195,8219,大冶,Daye
11196,8218,通山,Tongshan
11197,8273,东湖,Donghu
11198,7652,浦江,Pujiang
11199,7642,宁海,Ninghai
11200,7658,江山,Jiangshan
11201,8221,崇阳,Chongyang
11202,7715,阜阳,Fuyang
11203,7745,宣城,Xuancheng
11204,7667,丽水,Lishui
11205,7718,涡阳,Woyang
11206,7697,无为州,Wuwei Zhou
11207,7699,舒城,Shucheng
11208,7698,庐江,Lujiang
11209,7696,巢县,Chao Xian
11210,7657,常山,Changshan
11211,7766,建德,Jiande
11212,7673,景宁,Jingning
11213,7749,旌德,Jingde
11214,7729,寿州,Shou Zhou
11215,7608,临安,Lin'an
11216,7720,蒙城,Mengcheng
11217,7702,望江,Wangjiang
11218,7724,凤阳,Fengyang
11219,7716,太和,Taihe
11220,7695,合肥,Hefei
11221,7682,平阳,Pingyang
11222,7612,乌程,Wucheng
11223,7692,新昌,Xinchang
11224,7678,永嘉,Yongjia
11225,7679,乐清,Leqing
11226,7680,玉环厅,Yuhuan Ting
11227,7681,泰顺,Taishun
11228,7665,寿昌,Shouchang
11229,7661,桐庐,Tonglu
11230,7664,遂安,Sui'an
11231,7660,建德,Jiande
11232,7668,缙云,Jinyun
11233,7603,仁和,Renhe
11234,7670,松阳,Songyang
11235,7671,龙泉,Longquan
11236,7672,庆元,Qingyuan
11237,7674,遂昌,Suichang
11238,7676,青田,Qingtian
11239,7669,宣平,Xuanping
11240,7683,瑞安,Rui'an
11241,8014,渮泽,Heze
11242,7614,长兴,Changxing
11243,8053,潍县,Wei Xian
11244,7946,上犹,Shangyou
11245,8051,掖县,Ye Xian
11246,8052,昌邑,Changyi
11247,8019,朝城,Chaocheng
11248,8017,单县,Shan Xian
11249,8004,汶上,Wenshang
11250,8015,定陶,Dingtao
11251,8011,嘉祥,Jiaxiang
11252,8020,成武,Chengwu
11253,8043,沂水,Yishui
11254,7990,泰安,Tai'an
11255,7899,崇仁,Chongren
11256,7919,永丰,Yongfeng
11257,7935,会昌,Huichang
11258,7936,长宁,Changning
11259,8016,曹县,Cao Xian
11260,8050,胶州,Jiao Zhou
11261,7901,乐安,Le'an
11262,7921,莲花厅,Lianhua Ting
11263,7887,余干,Yugan
11264,7866,湖口,Hukou
11265,7852,南昌,Nanchang
11266,7853,新建,Xinjian
11267,7854,进贤,Jinxian
11268,7914,万载,Wanzai
11269,7893,南丰,Nanfeng
11270,7937,定南厅,Dingnan Ting
11271,7933,兴国,Xingguo
11272,7912,宜春,Yichun
11273,7923,永宁,Yongning
11274,7926,泰和,Taihe
11275,7922,永新,Yongxin
11276,7920,安福,Anfu
11277,7908,高安,Gao'an
11278,7940,虔南厅,Qiannan Ting
11279,7813,宁化,Ninghua
11280,7828,云霄厅,Yunxiao Ting
11281,7827,平和,Pinghe
11282,7825,南靖,Nanjing
11283,7800,建宁,Jianning
11284,7816,武平,Wuping
11285,7807,沙县,Sha Xian
11286,7822,龙溪,Longxi
11287,7934,雩都,Yudu
11288,7775,平潭厅,Pingtan Ting
11289,7836,南安,Nan'an
11290,20654,云林,yunlin
11291,7824,长泰,Changtai
11292,7815,莲城,Liancheng
11293,8007,峄县,Yi Xian
11294,7823,海澄,Haicheng
11295,7811,上杭,Shanghang
11296,7812,永定,Yongding
11297,7903,清江,Qingjiang
11298,7892,新城,Xincheng
11299,7947,崇义,Chongyi
11300,7944,大庾,Dayu
11301,7945,南康,Nankang
11302,7913,分宜,Fenyi
11303,7915,萍乡,Pingxiang
11304,7900,宜黄,Yihuang
11305,7830,诏安,Zhao'an
11306,7904,新淦,Xin'gan
11307,20552,马巷厅,Maxiang ting
11308,7906,新喻,Xinyu
11309,7905,峡江,Xiajiang
11310,7909,上高,Shanggao
11311,7917,庐陵,Luling
11312,7910,新昌,Xinchang
11313,7941,信丰,Xinfeng
11314,7810,归化,Guihua
11315,7938,龙南,Longnan
11316,7896,临川,Linchuan
11317,7607,新城,Xincheng
11318,7584,盐城,Yancheng
11319,7585,阜宁,Funing
11320,7580,山阳,Shanyang
11321,7578,宝应,Baoying
11322,7571,甘泉,Ganquan
11323,7573,高邮州,Gaoyou Zhou
11324,7588,赣榆,Ganyu
11325,7605,余杭,Yuhang
11326,7531,阳湖,Yanghu
11327,7689,萧山,Xiaoshan
11328,7604,海宁州,Haining Zhou
11329,7733,五河,Wuhe
11330,7617,武康,Wukang
11331,7606,富阳,Fuyang
11332,7610,昌化,Changhua
11333,7609,于潜,Yuqian
11334,7890,南城,Nancheng
11335,7515,华亭,Huating
11336,7629,慈溪,Cixi
11337,7562,六合,Liuhe
11338,7618,德清,Deqing
11339,7621,秀水,Xiushui
11340,7620,嘉兴,Jiaxing
11341,7623,平湖,Pinghu
11342,7626,海盐,Haiyan
11343,7655,龙游,Longyou
11344,7616,孝丰,Xiaofeng
11345,7656,开化,Kaihua
11346,7625,桐乡,Tongxiang
11347,7635,镇海,Zhenhai
11348,7628,鄞县,Yin Xian
11349,7615,安吉,Anji
11350,7675,云和,Yunhe
11351,7691,嵊县,Sheng Xian
11352,7686,山阴,Shanyin
11353,7690,诸暨,Zhuji
11354,7613,归安,Gui'an
11355,7624,石门,Shimen
11356,7888,安仁,Anren
11357,7929,石城,Shicheng
11358,7928,宁都直隶州直辖地方,Ningdu Zhilizhou Zhixiadifang
11359,7932,赣县,Gan Xian
11360,7710,英山,Yingshan
11361,7870,都昌,Duchang
11362,7891,卢溪,Luxi
11363,7880,贵溪,Guixi
11364,7630,奉化,Fenghua
11365,7883,浮梁,Fuliang
11366,7897,东乡,Dongxiang
11367,7874,上饶,Shangrao
11368,7886,万年,Wannian
11369,8602,象州,Xiang Zhou
11370,7885,乐平,Leping
11371,8467,感恩,Gan'en
11372,7857,靖安,Jing'an
11373,7663,淳安,Chun'an
11374,7882,鄱阳,Poyang
11375,7867,彭泽,Pengze
11376,7602,钱塘,Qiantang
11377,7516,娄县,Lou Xian
11378,7872,安义,Anyi
11379,7858,铜鼓厅,Tonggu Ting
11380,7875,玉山,Yushan
11381,7861,武宁,Wuning
11382,7898,金谿,Jinxi
11383,7930,瑞金,Ruijin
11384,7865,德安,De'an
11385,7925,万安,Wan'an
11386,7864,瑞昌,Ruichang
11387,7869,星子,Xingzi
11388,7918,吉水,Jishui
11389,7871,建昌,Jianchang
11390,7855,丰城,Fengcheng
11391,7859,义宁州,Yining Zhou
11392,7879,安远,Anyuan
11393,7856,奉新,Fengxin
11394,7863,德化,Dehua
11395,8099,夏邑,Xiayi
11396,8188,永宁,Yongning
11397,8108,西华,Xihua
11398,8112,商水,Shangshui
11399,7965,长清,Changqing
11400,8118,襄城,Xiangcheng
11401,8059,蓬莱,Penglai
11402,8100,永城,Yongcheng
11403,7956,齐东,Qidong
11404,7983,昌乐,Changle
11405,8066,海阳,Haiyang
11406,8098,宁陵,Ningling
11407,8061,栖霞,Qixia
11408,8060,招远,Zhaoyuan
11409,8097,睢州,Sui Zhou
11410,8070,即墨,Jimo
11411,7970,阳信,Yangxin
11412,7984,临朐,Linqu
11413,7950,历城,Licheng
11414,8114,许州直隶州直辖地方,Xuzhou Zhilizhou Zhixiadifang
11415,8257,房县,Fang Xian
11416,8198,卢氏,Lushi
11417,8173,正阳,Zhengyang
11418,7972,霑化,Zhanhua
11419,8109,项城,Xiangcheng
11420,7979,临淄,Linzi
11421,7986,诸城,Zhucheng
11422,7981,寿光,Shouguang
11423,8116,临颖,Linying
11424,7976,青城,Qingcheng
11425,7974,滨州,Bin Zhou
11426,7985,安邱,Anqiu
11427,8168,汝阳,Ruyang
11428,8115,长葛,Changge
11429,8105,淮宁,Huaining
11430,7971,海丰,Haifeng
11431,8117,郾城,Yancheng
11432,8186,新安,Xin'an
11433,8367,保靖,Baojing
11434,8346,华容,Huarong
11435,8377,黔阳,Qianyang
11436,8360,石门,Shimen
11437,8371,沅陵,Yuanling
11438,8361,慈利,Cili
11439,8374,叙浦,Xupu
11440,8366,龙山,Longshan
11441,8106,太康,Taikang
11442,8364,永顺,Yongshun
11443,8382,通道,Tongdao
11444,8362,大庸,Dayong
11445,8383,绥宁,Suining
11446,8345,平江,Pingjiang
11447,8254,郧西,Yunxi
11448,8268,松滋,Songzi
11449,8255,竹谿,Zhuxi
11450,8245,襄阳,Xiangyang
11451,8365,桑植,Sangzhi
11452,8340,嘉禾,Jiahe
11453,8197,阌乡,Wenxiang
11454,8110,沈丘,Shenqiu
11455,8064,宁海州,Ninghai Zhou
11456,8083,通许,Tongxu
11457,8069,胶州直隶州直辖地方,Jiaozhou Zhilizhou Zhixiadifang
11458,7964,齐河,Qihe
11459,8096,虞城,Yucheng
11460,7101,岫岩州,Xiuyan Zhou
11461,8143,考城,Kaocheng
11462,8338,桂阳直隶州直辖地方,Guiyang Zhilizhou Zhixiadifang
11463,8341,临武,Linwu
11464,8331,郴州直隶州直辖地方,Chenzhou Zhilizhou Zhixiadifang
11465,8335,桂东,Guidong
11466,8343,巴陵,Baling
11467,8372,卢溪,Luxi
11468,8380,靖州直隶州直辖地方,Jingzhou Zhilizhou Zhixiadifang
11469,8381,会同,Huitong
11470,8121,郏县,Jia Xian
11471,8376,芝江,Zhijiang
11472,8091,荥泽,Xingze
11473,8063,福山,Fushan
11474,8089,兰封,Lanfeng
11475,8033,冠县,Guan Xian
11476,8035,馆陶,Guantao
11477,8034,恩县,En Xian
11478,8032,莘县,Shen Xian
11479,8084,杞县,Qi Xian
11480,8120,汝州直隶州直辖地方,Ruzhou Zhilizhou Zhixiadifang
11481,8012,金乡,Jinxiang
11482,8088,兰仪,Lanyi
11483,8023,范县,Fan Xian
11484,8022,郓城,Yuncheng
11485,8021,巨野,Juye
11486,8009,济宁直隶州直辖地方,Jining Zhilizhou Zhixiadifang
11487,8071,高密,Gaomi
11488,8028,博平,Boping
11489,8027,茬平,Chiping
11490,8024,濮州,Pu Zhou
11491,7968,商河,Shanghe
11492,7998,滋阳,Ziyang
11493,7999,曲阜,Qufu
11494,8003,寿张,Shouzhang
11495,8000,泗水,Sishui
11496,7535,金匮,Jinkui
11497,8092,汜水,Sishui
11498,8242,天门,Tianmen
11499,8044,莒州,Ju Zhou
11500,8001,邹县,Zou Xian
11501,8065,荣成,Rongcheng
11502,7987,博山,Boshan
11503,7967,惠民,Huimin
11504,8002,滕县,Teng Xian
11505,7975,蒲台,Putai
11506,8158,新野,Xinye
11507,8090,郑州,Zheng Zhou
11508,8175,罗山,Luoshan
11509,8147,原武,Yuanwu
11510,7978,益都,Yidu
11511,8203,荥阳,Xingyang
11512,8178,光州直隶州直辖地方,Guangzhou Zhilizhou Zhixiadifang
11513,8180,息县,Xi Xian
11514,8148,武陟,Wuzhi
11515,8182,商城,Shangcheng
11516,8196,灵宝,Lingbao
11517,8179,固始,Gushi
11518,8018,观城,Guancheng
11519,8172,确山,Queshan
11520,8107,扶沟,Fugou
11521,7962,陵县,Ling Xian
11522,8181,光山,Guangshan
11523,8101,柘城,Zhecheng
11524,8192,巩县,Gong Xian
11525,8190,嵩县,Song Xian
11526,7988,博兴,Boxing
11527,8187,渑池,Mianchi
11528,8171,遂平,Suiping
11529,8200,郑州直隶州直辖地方,Zhengzhou Zhilizhou Zhixiadifang
11530,7969,乐陵,Leling
11531,7980,高苑,Gaoyuan
11532,8201,荥泽,Xingze
11533,8056,即墨,Jimo
11534,8202,汜水,Sishui
11535,8054,平度州,Pingdu Zhou
11536,8189,宜阳,Yiyang
11537,7957,济阳,Jiyang
11538,20572,黄县,Huangxian
11539,8102,鹿邑,Luyi
11540,8193,孟津,Mengjin
11541,8195,陕州直隶州直辖地方,Shanzhou Zhilizhou Zhixiadifang
11542,8191,偃师,Yanshi
11543,8174,信阳州,Xinyang Zhou
11544,8184,洛阳,Luoyang
11545,8067,莱阳,Laiyang
11546,7959,平原,Pingyuan
11547,8062,文登,Wendeng
11548,7982,乐安,Le'an
11549,8160,桐柏,Tongbai
11550,8150,孟县,Meng Xian
11551,8157,邓州,Deng Zhou
11552,8166,舞阳,Wuyang
11553,8153,南阳,Nanyang
11554,8154,南召,Nanzhao
11555,8146,阳武,Yangwu
11556,8141,新乡,Xinxiang
11557,8163,泌阳,Biyang
11558,8232,麻城,Macheng
11559,8161,淅川,Xichuan
11560,8130,荡阴,Tangyin
11561,8164,裕州,Yu Zhou
11562,8236,应城,Yingcheng
11563,8170,西平,Xiping
11564,8169,上蔡,Shangcai
11565,8176,新蔡,Xincai
11566,8156,镇平,Zhenping
11567,8134,汲县,Ji Xian
11568,8135,封邱,Fengqiu
11569,8136,延津,Yanjin
11570,8137,滑县,Hua Xian
11571,8138,浚县,Jun Xian
11572,8129,武安,Wu'an
11573,8139,淇县,Qi Xian
11574,8128,临漳,Linzhang
11575,8165,叶县,Ye Xian
11576,7878,兴安,Xing'an
11577,8140,辉县,Hui Xian
11578,8151,修武,Xiuwu
11579,8231,罗田,Luotian
11580,8243,潜江,Qianjiang
11581,8230,黄梅,Huangmei
11582,8227,蕲水,Qishui
11583,8226,黄冈,Huanggang
11584,8127,涉县,She Xian
11585,8124,伊阳,Yiyang
11586,8208,汉阳,Hanyang
11587,8122,宝丰,Baofeng
11588,8282,建始,Jianshi
11589,8281,恩始,Enshi
11590,8285,咸丰,Xianfeng
11591,8286,来凤,Laifeng
11592,8276,兴山,Xingshan
11593,8256,竹山,Zhushan
11594,8217,兴国州,Xingguo Zhou
11595,8149,温县,Wen Xian
11596,8264,江陵,Jiangling
11597,8250,光化,Guanghua
11598,8237,随州,Sui Zhou
11599,8235,安陆,Anlu
11600,8241,京山,Jingshan
11601,8210,汉川,Hanchuan
11602,8240,钟祥,Zhongxiang
11603,8229,蕲州,Qi Zhou
11604,8246,枣阳,Zaoyang
11605,8269,枝江,Zhijiang
11606,8247,南漳,Nanzhang
11607,8123,鲁山,Lushan
11608,8159,唐县,Tang Xian
11609,8145,河内,Henei
11610,8162,淅川厅,Xichuan Ting
11611,8284,宣恩,Xuan'en
11612,8233,黄安,Huang'an
11613,8283,利川,Lichuan
11614,8279,鹤峰州,Hefeng Zhou
11615,8155,内乡,Neixiang
11616,8267,公安,Gong'an
11617,8270,宜都,Yidu
11618,8278,巴东,Badong
11619,8274,长阳,Changyang
11620,8275,长乐,Changle
11621,8265,监利,Jianli
11622,8216,武昌,Wuchang
11623,8209,夏口厅,Xiakou Ting
11624,8317,永明,Yongming
11625,8325,衡山,Hengshan
11626,8323,衡阳,Hengyang
11627,8329,常宁,Changning
11628,8316,道州,Dao Zhou
11629,8321,祁阳,Qiyang
11630,8318,江华,Jianghua
11631,8315,东安,Dong'an
11632,8319,宁远,Ningyuan
11633,8253,郧县,Yun Xian
11634,8328,耒阳,Leiyang
11635,8326,安仁,Anren
11636,8311,城步,Chengbu
11637,8457,临高,Lin'gao
11638,8458,儋州,Dan Zhou
11639,8459,定安,Ding'an
11640,8460,文昌,Wenchang
11641,8314,零陵,Lingling
11642,8262,远安,Yuan'an
11643,8258,保康,Baokang
11644,8277,归州,Gui Zhou
11645,8142,获嘉,Huojia
11646,8260,荆门直隶州直辖地方,Jingmen Zhilizhou Zhixiadifang
11647,8261,当阳,Dangyang
11648,8266,石首,Shishou
11649,8339,蓝山,Lanshan
11650,8369,古丈坪厅,Guzhangping Ting
11651,8297,茶陵州,Chaling Zhou
11652,8359,安福,Anfu
11653,8358,安乡,Anxiang
11654,8351,武陵,Wuling
11655,8354,沅江,Yuanjiang
11656,8355,桃源,Taoyuan
11657,8353,龙阳,Longyang
11658,8334,兴宁,Xingning
11659,8344,临湘,Linxiang
11660,8357,澧州直隶州直辖地方,Lizhou Zhilizhou Zhixiadifang
11661,8378,麻阳,Mayang
11662,8332,宜章,Yizhang
11663,8327,酃县,Ling Xian
11664,8294,善化,Shanhua
11665,20648,芷江,zhijiang
11666,8302,宁乡,Ningxiang
11667,8304,安化,Anhua
11668,8131,内黄,Neihuang
11669,8298,攸县,You Xian
11670,8324,清泉,Qingquan
11671,8333,永兴,Yongxing
11672,8336,桂阳,Guiyang
11673,8296,醴陵,Liling
11674,8295,浏阳,Liuyang
11675,8042,兰山,Lanshan
11676,8251,均州,Jun Zhou
11677,8126,安阳,Anyang
11678,8456,澄迈,Chengmai
11679,8373,辰溪,Chenxi
11680,8293,长沙,Changsha
11681,8301,株洲厅,Zhuzhou Ting
11682,8472,东安,Dong'an
11683,8306,湘阴,Xiangyin
11684,8132,林县,Lin Xian
11685,8463,万州,Wan Zhou
11686,8320,新田,Xintian
11687,8451,大埔,Dapu
11688,8248,宜城,Yicheng
11689,8309,新化,Xinhua
11690,8308,邵阳,Shaoyang
11691,8312,新宁,Xinning
11692,8300,湘潭,Xiangtan
11693,8305,益阳,Yiyang
11694,8303,湘乡,Xiangxiang
11695,8310,武冈州,Wugang Zhou
11696,9289,莲城,Liancheng
11697,10757,乌恰,Wuqia
11698,10591,湟源,Huangyuan
11699,10317,甘谷,Gangu
11700,10710,甘孜,Ganzi
11701,10731,盐井,Yanjing
11702,7078,玉树理事公署,Yushu Lishigongshu
11703,9414,汉源,Hanyuan
11704,9286,长汀,Changting
11705,10509,鼎新,Dingxin
11706,10914,玉门,Yumen
11707,9272,周宁,Zhouning
11708,10507,民勤,Minqin
11709,9407,徽县,Huixian
11710,10733,察隅,Chayu
11711,10338,盐源,Yanyuan
11712,10719,雅江,Yajiang
11713,9398,武都,Wudu
11714,9402,会川,Huichuan
11715,10720,稻城,Daocheng
11716,10728,贡县,Gongxian
11717,10906,会川,Huichuan
11718,10319,永登,Yongdeng
11719,10590,大通,Datong
11720,10721,定乡,Dingxiang
11721,10962,通海,Tonghai
11722,10526,孚远,Fuyuan
11723,9323,广汉,Guanghan
11724,10979,祥云,Xiangyun
11725,10761,蒲犁,Puli
11726,10322,庄浪,Zhuanglang
11727,10980,镇康,Zhenkang
11728,10729,察雅,Chaya
11729,10559,宁江设治局,Ningjiang shezhi ju
11730,10512,宁河,Ninghe
11731,6964,莫力达瓦旗,Molidawa Qi
11732,10325,榆中,Yuzhong
11733,10736,嘉黎,Jiali
11734,9401,礼县,Lixian
11735,10323,西吉,Xiji
11736,10508,金塔,Jinta
11737,10913,高台,Gaotai
11738,10732,科麦,Kemai
11739,10916,安西,Anxi
11740,10730,宁静,Ningjing
11741,10911,山丹,Shandan
11742,9400,西和,Xihe
11743,10940,武定,Wuding
11744,9403,文县,Wen Xian
11745,10737,太昭,Taizhao
11746,10326,定西,Dingxi
11747,10723,义敦,Yidun
11748,9290,宁化,Ninghua
11749,10912,酒泉,Jiuquan
11750,10909,古浪,Gulang
11751,10337,永昌,Yongchang
11752,10908,武威,Wuwei
11753,10369,天全,Tianquan
11754,10915,敦煌,Dunhuang
11755,10318,渭源,Weiyuan
11756,9273,崇安,Chong'an
11757,10910,张掖,Zhangye
11758,10973,腾冲,Tengchong
11759,7074,蒲补行政区,Pubu Xingzhengqu
11760,10448,宾川,Binchuan
11761,10613,海伦,Hailun
11762,10698,鸥浦,Oupu
11763,10975,洱源,Eryuan
11764,10974,邓川,Dengchuan
11765,10501,临泽,Linze
11766,10972,永平,Yongping
11767,10468,鲁甸,Ludian
11768,10469,维西,Weixi
11769,10640,讷河,Nehe
11770,10767,玉树,Yushu
11771,10628,嫩城,Nencheng
11772,9878,临夏,Linxia
11773,9858,秦安,Qin'an
11774,10502,洮沙,Taosha
11775,9423,雅安,Ya'an
11776,9890,平凉,Pingliang
11777,10500,民乐,Minle
11778,9399,西固,Xigu
11779,10467,昭觉,Zhaojue
11780,10324,会宁,Huining
11781,10905,同德,Tongde
11782,10904,化隆,Hualong
11783,10779,保山,Baoshan
11784,10402,车里,Cheli
11785,10413,云县,Yunxian
11786,9894,镇原,Zhenyuan
11787,10939,镇沅,Zhenyuan
11788,10899,盐边,Yanbian
11789,303261,思仁分守道,Siren Fenshoudao
11790,303259,新镇分守道,Xinzhen Fenshoudao
11791,303266,都清分巡道,Duqing Fenxundao
11792,303267,思石分巡道,Sishi Fenxundao
11793,303165,蕲州兵备道,Qizhou Bingbeidao
11794,303268,毕节兵备道,Bijie Bingbeidao
11795,303675,天台山,Tiantai Shan
11796,303147,上荆南分守道,Shangjingnan Fenshoudao
11797,303258,贵宁分守道,Guining Fenshoudao
11798,10918,吐鲁番,Tulufan
11799,7077,泸水行政区,Lushui Xingzhengqu
11800,10488,彝良,Yiliang
11801,10647,庆城,Qingcheng
11802,10487,盐津,Yanjin
11803,10463,华坪,Huaping
11804,10724,巴安,Ba'an
11805,10644,依克明安旗,Yikemingan qi
11806,10444,昆明市,Kunming shi
11807,303076,陇右分守道,Longyou Fenshoudao
11808,303157,下荆南分巡道,Xiajingnan Fenxundao
11809,303166,郧襄兵备道,Yunxiang Bingbeidao
11810,303160,下湖南分巡道,Xiahunan Fenxundao
11811,303265,贵宁分巡道,Guining Fenxundao
11812,303163,沔阳兵备道,Mianyang Bingbeidao
11813,303153,上江防分守道,Shangjiangfang Fenshoudao
11814,303081,西安兵备道,Xi'an Bingbeidao
11815,303072,关内分守道,Guannei Fenshoudao
11816,303167,抚治荆州兼施归兵备道,Fuzhijingzhoujianshigui Bingbeidao
11817,303075,河西分守道,Hexi Fenshoudao
11818,303073,关西分守道,Guanxi Fenshoudao
11819,303079,河西分巡道,Hexi Fenxundao
11820,303083,商洛兵备道,Shangluo Bingbeidao
11821,303074,关南分守道,Guannan Fenshoudao
11822,303311,陕西监察道,Shanxi Jianchadao
11823,303161,湖北分巡道,Hubei Fenxundao
11824,303320,贵州监察道,Guizhou Jianchadao
11825,10920,迪化市,Dihua shi
11826,303149,荆西分守道,Jingxi Fenshoudao
11827,303150,上湖南分守道,Shanghunan Fenshoudao
11828,303151,下湖南分守道,Xiahunan Fenshoudao
11829,303314,湖广监察道,Huguang Jianchadao
11830,303168,郴桂兵备道,Chengui Bingbeidao
11831,303158,荆西分巡道,Jingxi Fenxundao
11832,5002,福余卫,Fuyu Wei
11833,303162,沅靖分巡道,Yuanjing Fenxundao
11834,303270,思石兵备道,Sishi Bingbeidao
11835,303169,靖州兵备道,Jingzhou Bingbeidao
11836,303170,辰沅兵备道,Chenyuan Bingbeidao
11837,303152,湖北分守道,Hubei Fenshoudao
11838,10963,河西,Hexi
11839,10754,麦盖提,Maigaiti
11840,10758,疏勒,Shule
11841,10524,奇台,Qitai
11842,10952,罗平,Luoping
11843,10577,宝兴,Baoxing
11844,10957,江川,Jiangchuan
11845,10900,德昌,Dechang
11846,10461,云龙,Yunlong
11847,10446,宣威,Xuanwei
11848,10456,个旧,Gejiu
11849,10953,马龙,Malong
11850,7056,阿山行政区,Ashan Xingzhengqu
11851,10557,册享,Ceheng
11852,10527,和阗,Hetian
11853,10528,策勒,Cele
11854,10964,蒙自,Mengzi
11855,10578,古蔺,Gulin
11856,10954,霑益,Zhanyi
11857,10743,青河,Qinghe
11858,20669,喀喇沙尔直隶厅,Kalashaer Zhiliting
11859,20194,凉庄道,Liangzhuang Dao
11860,10950,曲靖,Qujing
11861,10457,屏边,Pingbian
11862,10560,墨江,Mojiang
11863,10919,鄯善,Shanshan
11864,10370,秀山,Xiushan
11865,10525,阜康,Fukang
11866,10960,安顺,Anshun
11867,10961,寻甸,Xundian
11868,10951,陆良,Luliang
11869,10882,归绥市,Guisui shi
11870,10977,凤仪,Fengyi
11871,10460,漾濞,Yangbi
11872,10958,玉溪,Yuxi
11873,10759,伽师,Jiashi
11874,9337,罗江,Luojiang
11875,10445,盐兴,Yanxing
11876,10555,弥渡,Midu
11877,10760,英吉沙,Yingjisha
11878,10921,镇西,Zhenxi
11879,7073,阿墩子行政区,Adunzi Xingzhengqu
11880,9330,仁寿,Renshou
11881,10455,开远,Kaiyuan
11882,9433,万源,Wanyuan
11883,10956,澂江,Chengjiang
11884,10949,镇雄,Zhenxiong
11885,9322,新津,Xinjin
11886,10458,瑞丽设治局,Ruili shezhiju
11887,10470,中甸,Zhongdian
11888,9305,华阳,Huayang
11889,10454,思茅,Simao
11890,10331,筠连,Junlian
11891,10335,沐川,Muchuan
11892,10533,尉犁,Yuli
11893,9326,德阳,Deyang
11894,10755,绥定,Suiding
11895,10336,兴文,Xingwen
11896,10747,乌苏,Wusu
11897,10576,泸定,Luding
11898,10745,塔城,Tacheng
11899,10896,宁东设治局,Ningdong shezhi ju
11900,9884,宁县,Ningxian
11901,10897,西昌,Xichang
11902,10311,峨边,Ebian
11903,10726,同普,Tongpu
11904,9891,崇信,Chongxin
11905,10751,富蕴,Fuyun
11906,10334,沐爱,Mu'ai
11907,10313,长宁,Changning
11908,10312,汶川,Wenchuan
11909,9317,梓潼,Zitong
11910,10717,石渠,Shiqu
11911,10955,平彝,Pingyi
11912,10534,婼羌,Chuoqiang
11913,10333,酉阳,Youyang
11914,9329,苍溪,Cangxi
11915,10332,叙永,Xuyong
11916,10966,石屏,Shiping
11917,10529,墨玉,Moyu
11918,10537,乌什,Wushi
11919,10746,额民,Emin
11920,9306,新都,Xindu
11921,10486,大关,Daguan
11922,10203,盐城,Yancheng
11923,10959,路南,Lu'nan
11924,7076,知子罗行政区,Zhiziluo Xingzhengqu
11925,10922,轮台,Luntai
11926,10459,西畴,Xichou
11927,10530,皮山,Pishan
11928,9316,简阳,Jianyang
11929,10756,霍城,Huocheng
11930,10753,泽普,Zepu
11931,9321,崇庆,Chongqing
11932,10536,温宿,Wensu
11933,9327,阆中,Langzhong
11934,9889,武山,Wushan
11935,10483,石砫,Shizhu
11936,10734,昌都,Changdu
11937,10725,丹巴,Danba
11938,10492,康定,Kangding
11939,9893,化平,Huaping
11940,10741,博乐,Bole
11941,10776,且末,Qiemo
11942,10738,绥来,Suilai
11943,21001,阿尔泰办事长官,A'ertai Banshi Zhangguan
11944,10982,思乐,Sile
11945,10986,天保,Tianbao
11946,10983,崇善,Chongshan
11947,9320,大邑,Dayi
11948,10984,百色,Bose
11949,10895,松潘,Songpan
11950,10985,田东,Tiandong
11951,10727,武成,Wucheng
11952,10744,拜城,Baicheng
11953,9425,芦山,Lushan
11954,10498,海原,Haiyuan
11955,10715,德格,Dege
11956,9361,武胜,Wusheng
11957,9887,陇西,Longxi
11958,10718,理化,Lihua
11959,9304,温江,Wenjiang
11960,9886,静宁,Jingning
11961,10735,硕督,Shidu
11962,10941,元谋,Yuanmou
11963,9885,正宁,Zhengning
11964,10499,夏河,Xiahe
11965,10873,靖远,Jingyuan
11966,10580,绥江,Suijiang
11967,10947,兰坪,Lanping
11968,10969,弥勒,Mile
11969,10397,富宁,Funing
11970,10395,文山,Wenshan
11971,10642,克东,Kedong
11972,10641,克山,Keshan
11973,10936,双柏,Shuangbai
11974,10462,盐丰,Yanfeng
11975,10464,巧家,Qiaojia
11976,10643,铁丽,Tieli
11977,9881,环县,Huanxian
11978,10937,广通,Guangtong
11979,10453,缅宁,Mianning
11980,10938,景东,Jingdong
11981,10935,镇南,Zhennan
11982,10711,??霍,Luhuo
11983,10903,民和,Minhe
11984,10768,都兰,Dulan
11985,6829,猛烈行政区,Menglie Xingzhengqu
11986,9892,华亭,Huating
11987,10396,广南,Guangnan
11988,10968,峨山,Eshan
11989,9406,两当,Liangdang
11990,9882,兰州市,Lanzhou shi
11991,6830,普思沿边第五区,Pusi Yanbian diwu Qu
11992,10403,宁洱,Ning'er
11993,10622,依安,Yian
11994,10637,依安,Yian
11995,10967,泸西,Luxi
11996,10607,郭尔罗斯旗,Guoerluosi qi
11997,10447,华宁,Huaning
11998,303003,昌平兵备道,Changping Bingbeidao
11999,10614,望奎,Wangkui
12000,10976,蒙化,Menghua
12001,10400,新平,Xinping
12002,10399,昌宁,Changning
12003,10942,禄劝,Luquan
12004,10943,鹤庆,Heqing
12005,10411,景谷,Jinggu
12006,10401,龙陵,Longling
12007,10970,元江,Yuanjiang
12008,9872,清水,Qingshui
12009,9871,通渭,Tongwei
12010,10971,大理,Dali
12011,10898,宁东设治局,Ningdong shezhi ju
12012,10363,萨拉齐,Salaqi
12013,10579,永善,Yongshan
12014,10592,固阳,Guyang
12015,10362,托克托,Tuoketuo
12016,9310,金堂,Jintang
12017,10839,东胜,Dongsheng
12018,9311,乐山,Leshan
12019,9367,开县,Kai Xian
12020,10748,沙湾,Shawan
12021,10978,大姚,Dayao
12022,10742,吉木乃,Jimunai
12023,9324,绵竹,Mianzhu
12024,10692,乌云,Wuyun
12025,10750,布尔津,Bu'erjin
12026,9308,双流,Shuangliu
12027,10575,古宋,Gusong
12028,10539,阿克苏,Akesu
12029,10902,珙县,Gong Xian
12030,10593,固阳,Guyang
12031,10594,陶林,Taolin
12032,10538,沙雅,Shaya
12033,9312,洪雅,Hongya
12034,9318,邛崃,Qionglai
12035,10693,瑗珲,Yuanhun
12036,10777,昆明,Kunming
12037,10629,巴彦旗,Bayan qi
12038,10928,安宁,Anning
12039,9309,新繁,Xinfan
12040,10646,绥楞,Suileng
12041,6827,普思沿边第七区,Pusi Yanbian diqi Qu
12042,10932,罗次,Luoci
12043,10398,丘北,Qiubei
12044,10695,龙镇,Longzhen
12045,10933,楚雄,Chuxiong
12046,10604,哈尔滨,Haerbin
12047,10907,西宁市,Xining shi
12048,9314,犍为,Qianwei
12049,10531,洛浦,Luopu
12050,10532,焉耆,Yanqi
12051,10930,易门,Yimen
12052,9319,蒲江,Pujiang
12053,10749,承化,Chenghua
12054,10917,哈密,Hami
12055,9307,郫县,Pi Xian
12056,10544,莎车,Shache
12057,303346,太医院,Taiyiyuan
12058,303112,川北分巡道,Chuanbei Fenxundao
12059,303440,腾骧右卫,Tengxiangyou Wei
12060,4995,亦迷河卫,Yimihe Wei
12061,303426,虎贲左卫,Hubenzuo Wei
12062,303422,羽林右卫,Yulinyou Wei
12063,5405,明州府,Mingzhou Fu
12064,4994,东河卫,Donghe Wei
12065,303357,南京应天卫,Nanjing Yingtian Wei
12066,303460,燕山右卫,Yanshanyou Wei
12067,4992,虎ㄦ文卫,Hu'erwen Wei
12068,303429,金吾右卫,Jinwuyou Wei
12069,303345,锦衣卫,Jinyi Wei
12070,4997,纳邻河卫,Nalinhe Wei
12071,303356,南京广洋卫,Nanjing Guangyang Wei
12072,303363,南京锦衣卫,Nanjing Jinyi Wei
12073,303465,通州卫,Tongzhou Wei
12074,303362,南京留守后卫,Nanjing Liushouhou Wei
12075,5014,扎肥河卫,Zhafeihe Wei
12076,5017,呕罕河卫,Ouhanhe Wei
12077,303359,南京钦天监,Nanjing Qintianjian
12078,4991,塔木鲁卫,Tamulu Wei
12079,303391,旗手卫,Qishou Wei
12080,303355,南京府军卫,Nanjing Fujun Wei
12081,303353,南京太医院,Nanjing Taiyiyuan
12082,303461,燕山前卫,Yanshanqian Wei
12083,5018,甫ㄦ河卫,Fu'erhe Wei
12084,303358,南京旗手卫,Nanjing Qishou Wei
12085,4839,山东布政司,Shandong Buzhengsi
12086,4990,建州卫,Jianzhou Wei
12087,6370,云南布政司,Yunnan Buzhengsi
12088,5731,四川布政司,Sichuan Buzhengsi
12089,6567,贵州布政司,Guizhou Buzhengsi
12090,5520,湖广布政司,Huguang Buzhengsi
12091,303376,奠靖守御千户所,Dianjingshouyu qianhusuo
12092,5020,嘉河卫,Jiahe Wei
12093,5016,忽ㄦ海卫,Hu'erhai Wei
12094,303386,府军左卫,Fujunzuo Wei Fujunhou Wei
12095,303385,府军前卫,Fujunqian Wei
12096,303423,羽林卫,Yulin Wei
12097,5013,兀者揆野木所,Wuzhekuiyemu Suo
12098,303396,武骧右卫,Wuxiangyou Wei
12099,303394,武功中卫,Wugongzhong Wei
12100,303272,西宁兵备道,Xining Bingbeidao
12101,303395,武功左卫,Wugongzuo Wei
12102,303507,武功右卫,Wugongyou Wei
12103,4993,亦马忽山卫,Yimahushan Wei
12104,303078,关西分巡道,Guanxi Fenxundao
12105,303463,济阳卫,Jiyang Wei
12106,303464,济州卫,Jizhou Wei
12107,303190,金衢兵备道,Jinqu Bingbeidao
12108,303365,南京鹰扬卫,Nanjing Yingyang Wei
12109,303462,大兴左卫,Daxingzuo Wei
12110,303096,固原静宁隆德镇原等处兵备道,Guyuanjingninglongdezhenyuandengchu Bingbeidao
12111,303164,岳州兵备道,Yuezhou Bingbeidao
12112,303113,上东分巡道,Shangdong Fenxundao
12113,303050,雁门分巡道,Yanmen Fenxundao
12114,5005,海剌ㄦ所,Haila'er Suo
12115,303099,延安兵备道,Yan'an Bingbeidao
12116,303191,温州兵备道,Wenzhou Bingbeidao
12117,5011,失里绵卫,Shilimian Wei
12118,5008,毛怜卫,Maolian Wei
12119,303094,宁夏兵粮兵备道,Ningxiabingliang Bingbeidao
12120,303092,宁夏管粮兵备道,Ningxiaguanlian Bingbeidao
12121,4996,兀也吾卫,Wuyewu Wei
12122,5012,失ㄦ兀赤卫,Shi'erwuchi Wei
12123,5003,阿伦卫,Alun Wei
12124,303103,靖虏兵粮兵备道,Jinglubingliang Bingbeidao
12125,303084,潼关兵备道,Tongguan Bingbeidao
12126,5004,木里吉卫,Muliji Wei
12127,303077,关内分巡道,Guannei Fenxundao
12128,303271,威清兵备道,Weiqing Bingbeidao
12129,5015,弗思木卫,Fusimu Wei
12130,303269,都清兵备道,Duqing Bingbeidao
12131,303397,武骧左卫,Wuxiangzuo Wei
12132,303459,燕山左卫,Yanshanzuo Wei
12133,5021,河南布政司,He'nan Buzhengsi
12134,303360,南京水军右卫,Nanjing Shuijunyou Wei
12135,303100,临巩兵备道,Lingong Bingbeidao
12136,303085,汉羌兵备道,Hanqiang Bingbeidao
12137,303086,靖边兵备道,Jingbian Bingbeidao
12138,4999,塔ㄦ河卫,Ta'erhe Wei
12139,5000,卜剌罕卫,Bulahan Wei
12140,303088,神木兵备道,Shenmu Bingbeidao
12141,303090,榆林兵备道,Yuling Bingbeidao
12142,303184,嘉湖兵备道,Jiahu Bingbeidao
12143,303273,庄浪兵备道,Zhuanglang Bingbeidao
12144,303080,陇右分巡道,Longyou Fenxundao
12145,303457,金吾左卫,Jinwuzuo Wei
12146,5007,剌鲁卫,Lalu Wei
12147,303337,甘肃兵备道,Gansu Bingbeidao
12148,5001,泰宁卫,Taining Wei
12149,6196,广西布政司,Guangxi Buzhengsi
12150,302030,保定巡抚,baoding xunfu
12151,302025,登莱巡抚,Denglai xunfu
12152,302020,天津巡抚,Tianjin xunfu
12153,6060,广东布政司,Guangdong Buzhengsi
12154,300322,邳州卫,Pizhou wei
12155,5428,江西布政司,Jiangxi Buzhengsi
12156,4540,南京,Nanjing
12157,4342,京师,Jingshi
12158,5976,福建布政司,Fujian Buzhengsi
12159,302017,宣府巡抚,xuan fu xunfu
12160,303482,和阳卫,Heyang Wei
12161,302037,宁夏巡抚,Ningxia xunfu
12162,300309,扬州卫,Yangzhou wei
12163,4694,山西布政司,Shanxi Buzhengsi
12164,303481,应天卫,Yingtian Wei
12165,300499,湖广行都指挥使司,Huguang Xingduzhihuishisi
12166,5158,陕西布政司,Shaanxi Buzhengsi
12167,4965,辽东都指挥使司,Liaodong Duzhihuishisi
12168,303421,义勇中卫,Yiyongzhong Wei
12169,300457,通州右卫,Tongzhou you wei
12170,303503,武成中卫,Wuchengzhong Wei
12171,300462,德州左卫,Dezhou zuo wei
12172,300460,河间卫,Hejian wei
12173,300458,涿鹿左卫,Zhuolu zuo wei
12174,302031,凤阳巡抚,fengyang xunfu
12175,5331,浙江布政司,Zhejiang Buzhengsi
12176,302026,安庆巡抚,Anqing xunfu
12177,302032,应天巡抚,ying tian xunfu
12178,300453,定州卫,Dingzhou wei
12179,303032,临清兵备道,Linqing Bingbeidao
12180,5317,陕西行都指挥使司,Shaanxi Xingduzhihuishisi
12181,302034,大同巡抚,da tong xunfu
12182,300336,凤阳中卫,Fengyang zhong wei
12183,300326,宿州卫,Suzhou wei
12184,300342,怀远卫,Huaiyuan wei
12185,300321,寿州卫,Shouzhou wei
12186,300339,留守左卫,Liushou zuo wei
12187,300340,留守中卫,Liushou zhong wei
12188,300341,长淮卫,Changhuai wei
12189,303486,龙骧卫,Longxiang Wei
12190,300312,淮安卫,Huai'an wei
12191,303416,留守前卫,Liushouqian Wei
12192,303542,天策卫,Tiance Wei
12193,303479,留守中卫,Liushouzhong Wei
12194,302218,汝宁千户所,Runing qianhusuo
12195,300320,泗州卫,Sizhou wei
12196,303480,神策卫,Shence Wei
12197,302252,和州卫,Hezhou wei
12198,300335,凤阳卫,Fengyang wei
12199,303484,蕃牧千户所,Fanmu qianhusuo
12200,300337,凤阳右卫,Fengyang you wei
12201,300317,太仓卫,Taicang wei
12202,300493,福建行都指挥使司,Fujian Xingduzhihuishisi
12203,300324,沂州卫,Yizhou wei
12204,300498,湖广都指挥使司,Huguang Duzhihuishisi
12205,300333,徐州左卫,Xuzhou zuo wei
12206,303415,牧马千户所,Mumaqianhusuo
12207,300497,河南都指挥使司,Henan Duzhihuishisi
12208,303115,上川南分巡道,Shangchuannan Fenxundao
12209,4338,安定卫,Anding Wei
12210,303674,吴淞江,Wusong Jiang
12211,4555,和州,He Zhou
12212,300338,皇陵卫,Huangling wei
12213,303008,紫荆兵备道,Zijing Bingbeidao
12214,303007,天津兵备道,Tianjing Bingbeidao
12215,5009,合兰城卫,Helancheng Wei
12216,303006,霸州兵备道,Bazhou Bingbeidao
12217,303005,密云兵备道,Miyun Bingbeidao
12218,5010,法因河卫,Fayinhe Wei
12219,303011,大名兵备道,Daming Bingbeidao
12220,303173,杭严分守道,Hangyan Fenshoudao
12221,303302,遵化兵备道,Zunhua Bingbeidao
12222,303154,下江防分守道,Xiajiangfang Fenshoudao
12223,303146,武昌分守道,Wuchang Fenshoudao
12224,4998,撒义河卫,Sayihe Wei
12225,303188,台州兵备道,Taizhou Bingbeidao
12226,303010,井陉兵备道,Jingjin Bingbeidao
12227,303001,口北分巡道,Koubei Fenxundao
12228,5006,苏温河卫,Suwenhe Wei
12229,303174,宁绍台分守道,Ningshaotai Fenshoudao
12230,303155,武昌分巡道,Wuchang Fenxundao
12231,303171,杭嘉湖分守道,Hangjiahu Fenshoudao
12232,303178,温处分守道,Wenchu Fenshoudao
12233,303176,金衢严分守道,Jinquyan Fenshoudao
12234,303082,泾邠兵备道,Jingbin Bingbeidao
12235,303180,嘉湖分巡道,Jiahu Fenxundao
12236,303630,东平府,Dongping Fu
12237,303183,杭严兵备道,Hangyan Bingbeidao
12238,303156,上荆南分巡道,Shangjingnan Fenxundao
12239,303159,上湖南分巡道,Shanghunan Fenxundao
12240,303312,浙江监察道,Zhejiang Jianchadao
12241,303186,宁绍海防兵备道,Ningshaohaifang Bingbeidao
12242,303179,杭严分巡道,Hangyan Fenxundao
12243,303182,金衢分巡道,Jinqu Fenxundao
12244,303181,宁绍分巡道,Ningshao Fenxundao
12245,303042,冀宁分守道,Jining Fenshoudao
12246,303002,蓟州兵备道,Jizhou Bingbeidao
12247,303305,扬州江防兵备道,Yangzhoujiangfang Bingbeidao
12248,303012,徽宁池太兵备道,Huiningchitai Bingbeidao
12249,303013,苏松常镇兵备道,Susongchangzhen Bingbeidao
12250,303031,沂州兵备道,Yizhou Bingbeidao
12251,303047,河东分巡道,Hedong Fenxundao
12252,303017,徐州兵备道,Xuzhou Bingbeidao
12253,303033,青州兵备道,Qingzhou Bingbeidao
12254,303319,云南监察道,Yunnan Jianchadao
12255,303043,河东分守道,Hedong Fenshoudao
12256,303044,冀北分守道,Jibei Fenshoudao
12257,303016,颍州兵备道,Yingzhou Bingbeidao
12258,303021,济南分巡道,Jinan Fenxundao
12259,303121,重夔兵备道,Chongkui Bingbeidao
12260,303458,羽林前卫,Yulinqian Wei
12261,303057,岢岚兵备道,Kelan Bingbeidao
12262,303245,腾冲分守道,Tengchong Fenshoudao
12263,303255,腾冲兵备道,Tengchong Bingbeidao
12264,303205,建南兵备道,Jiannan Bingbeidao
12265,303034,登州海防分巡道,Dengzhouhaifang Fenxundao
12266,303195,建南分巡道,Jiannan Fenxundao
12267,303251,金沧分巡道,Jincang Fenxundao
12268,303048,冀北分巡道,Jibei Fenxundao
12269,303244,临元分守道,Linyuan Fenshoudao
12270,303250,临沅分巡道,Linyuan Fenxundao
12271,303246,澜沧分守道,Lancang Fenshoudao
12272,303247,金沧分守道,Jincang Fenshoudao
12273,303511,长陵卫,Changling Wei
12274,303257,曲靖兵备道,Qujing Bingbeidao
12275,303203,福宁兵备道,Funing Bingbeidao
12276,303243,临安分守道,Lin'an Fenshoudao
12277,303023,海右分巡道,Haiyou Fenxundao
12278,303025,青州海防分巡道,Qingzhouhaifang Fenxundao
12279,303024,济宁分巡道,Jining Fenxundao
12280,303051,雁平兵备道,Yanping Bingbeidao
12281,303022,兖州分巡道,Yanzhou Fenxundao
12282,303014,淮阳海防兵备道,Huaiyanghaifang Bingbeidao
12283,303020,海右分守道,Haiyou Fenshoudao
12284,303049,冀南分巡道,Jinan Fenxundao
12285,303018,济南分守道,Jinan Fenshoudao
12286,303028,武定兵备道,Wuding Bingbeidao
12287,303338,东昌监军道,Dongchang Bingbeidao
12288,303054,左卫兵备道,Zuowei Bingbeidao
12289,303309,山东监察道,Shandong Jianchadao
12290,303307,东昌分巡道,Dongchang Fenxundao
12291,303004,永平兵备道,Yongping Bingbeidao
12292,303053,大同兵备道,Datong Bingbeidao
12293,303517,康陵卫,Kangling Wei
12294,303026,莱州海防分巡道,Laizhouhaifang Fenxundao
12295,303027,登莱分巡道,Denglai Fenxundao
12296,303046,冀宁分巡道,Jining Fenxundao
12297,303019,东兖分守道,Dongyan Fenshoudao
12298,303304,登州兵备道,Dengzhou Bingbeidao
12299,303045,冀南分守道,Jinan Fenshoudao
12300,303030,曹濮兵备道,Caopu Bingbeidao
12301,303029,济宁兵备道,Jining Bingbeidao
12302,303441,腾骧左卫,Tengxiangzuo Wei
12303,4340,罕东卫,Handong Wei
12304,303256,澜沧兵备道,Lanchang Bingbeidao
12305,303514,裕陵卫,Yuling Wei
12306,303354,南京府军左卫,Nanjing Fujunzuo Wei
12307,303148,下荆南分守道,Xiajingnan Fenshoudao
12308,303102,巩昌兵备道,Gongchang Bingbeidao
12309,4332,罕东左卫,Handongzuo Wei
12310,303563,嘉定府,Jiadingfu
12311,303249,洱海分守道,Erhai Fenshoudao
12312,303447,金吾前卫,Jinwuqian Wei
12313,303193,兴泉分巡道,Xingquan Fenxundao
12314,303206,漳州兵备道,Zhangzhou Bingbeidao
12315,303194,漳南分巡道,Zhangnan Fenxundao
12316,303197,汀漳分巡道,Tingzhang Fenxundao
12317,5019,屯河卫,Tunhe Wei
12318,303512,献陵卫,Xianling Wei
12319,303515,茂陵卫,Maoling Wei
12320,303316,福建监察道,Fujian Jianchadao
12321,303448,金吾后卫,Jinwuhou Wei
12322,303449,羽林左卫,Yulinzuo Wei
12323,303451,府军卫,Fujun Wei
12324,303453,府军右卫,Fujunyou Wei
12325,303455,府军后卫,Fujunhou Wei
12326,303200,漳州海道分巡道,Zhangzhouhaidao Fenxundao
12327,303254,临安兵备道,Lin'an Bingbeidao
12328,303263,安平分守道,Anping Fenshoudao
12329,303248,安普分守道,Anpu Fenshoudao
12330,303201,福州兵备道,Fuzhou Bingbeidao
12331,303519,昭陵卫,Zhaoling Wei
12332,303518,永陵卫,Yongling Wei
12333,303508,永清左卫,Yongqingzuo Wei
12334,303204,兴泉兵备道,Xingquan Bingbeidao
12335,303510,彭城卫,Pengcheng Wei
12336,303192,福宁分巡道,Funing Fenxundao
12337,303513,景陵卫,Jingling Wei
12338,303253,洱海分巡道,Erhai Fenxundao
12339,303516,泰陵卫,Tailing Wei
12340,303199,巡海分巡道,Xunhai Fenxundao
12341,303308,山西监察道,Shanxi Jianchadao
12342,303198,武平分巡道,Wuping Fenxundao
12343,303509,永清右卫,Yongqingyou Wei
12344,20269,高廉钦道,Gaolianqin Dao
12345,8899,镇远府,Zhenyuan Fu
12346,7284,正定府,Zhengding Fu
12347,7342,大名府,Daming Fu
12348,20175,宁武道,Ningwu Dao
12349,8113,许州直隶州,Xuzhou Zhilizhou
12350,20128,兴泉永道,Xingquanyong Dao
12351,7116,多伦诺尔直隶厅,Duolunnuo'er Zhiliting
12352,20196,雷琼道,Leiqiong Dao
12353,7320,顺德府,Shunde Fu
12354,8503,阳江直隶厅,Yangjiang Zhiliting
12355,8074,开封府,Kaifeng Fu
12356,8501,连山直隶厅,Lianshan Zhiliting
12357,20304,台南府,Tainan Fu
12358,8401,肇庆府,Zhaoqing Fu
12359,8194,陕州直隶州,Shanzhou Zhilizhou
12360,20195,廉钦道,Lianqin Dao
12361,8073,淅川直隶厅,Xichuan Zhiliting
12362,6810,和林格尔直隶厅,Helinge'er Zhiliting
12363,6812,萨拉齐直隶厅,Salaqi Zhiliting
12364,7415,沁州直隶州,Qinzhou Zhilizhou
12365,6882,清水河直隶厅,Qingshuihe Zhiliting
12366,7483,宁武府,Ningwu Fu
12367,6931,五原直隶厅,Wuyuan Zhiliting
12368,7299,定州直隶州,Dingzhou Zhilizhou
12369,7306,冀州直隶州,Jizhou Zhilizhou
12370,8177,光州直隶州,Guangzhou Zhilizhou
12371,7302,易州直隶州,Yizhou Zhilizhou
12372,7238,张家口直隶厅,Zhangjiakou Zhiliting
12373,7240,独石直隶厅,Dushi Zhiliting
12374,7241,天津府,Tianjin Fu
12375,7330,广平府,Guangping Fu
12376,7249,河间府,Hejian Fu
12377,8685,嘉定府,Jiading Fu
12378,8214,武昌府,Wuchang Fu
12379,7411,辽州直隶州,Liaozhou Zhilizhou
12380,7508,宁远直隶厅,Ningyuan Zhiliting
12381,7427,泽州府,Zezhou Fu
12382,7469,隰州直隶州,Xizhou Zhilizhou
12383,7465,霍州直隶州,Huozhou Zhilizhou
12384,7446,绛州直隶州,Jiangzhou Zhilizhou
12385,8183,河南府,He'nan Fu
12386,7491,朔平府,Shuoping Fu
12387,6798,赤峰直隶州,Chifeng Zhilizhou
12388,7386,太原府,Taiyuan Fu
12389,8322,衡州府,Hengzhou Fu
12390,7510,丰镇直隶厅,Fengzhen Zhiliting
12391,7511,兴和直隶厅,Xinghe Zhiliting
12392,7474,代州直隶州,Daizhou Zhilizhou
12393,7439,蒲州府,Puzhou Fu
12394,8252,郧阳府,Yunyang Fu
12395,20281,大顺广道,Dashunguang Dao
12396,7112,朝阳府,Chaoyang Fu
12397,20120,雁平道,Yanping Dao
12398,20092,台南府,Tainan Fu
12399,20105,肇高廉罗道,Zhaogaolianluo Dao
12400,8504,阳江直隶州,Yangjiang Zhilizhou
12401,20294,霸昌道,Bachang Dao
12402,7433,解州直隶州,Jiezhou Zhilizhou
12403,7372,永平府,Yongping Fu
12404,8307,宝庆府,Baoqing Fu
12405,20197,口北道,Koubei Dao
12406,20169,热河道,Rehe Dao
12407,20292,长宝道,Changbao Dao
12408,20152,台湾道,Taiwan Dao
12409,8144,怀庆府,Huaiqing Fu
12410,7398,汾州府,Fenzhou Fu
12411,6811,托克托直隶厅,Tuoketuo Zhiliting
12412,7211,顺天府,Shuntian Fu
12413,8735,邛州直隶州,Qiongzhou Zhilizhou
12414,20103,浙汕杭嘉湖道,Zheshanhangjiahu Dao
12415,20177,宁绍台道,Ningshaotai Dao
12416,20178,宁绍道,Ningshao Dao
12417,20162,绍台道,Shaotai Dao
12418,20176,宁台道,Ningtai Dao
12419,20118,迤东道,Yidong Dao
12420,20214,建南道,Jiannan Dao
12421,8586,庆远府,Qingyuan Fu
12422,8644,百色直隶厅,Baise Zhiliting
12423,8749,龙安府,Long'an Fu
12424,20186,茂松道,Maosong Dao
12425,20283,川东道,Chuandong Dao
12426,20280,登莱道,Denglai Dao
12427,20285,成緜道,Chengmian Dao
12428,6932,归化城直隶厅,Guihuacheng Zhiliting
12429,8742,绵州直隶州,Mianzhou Zhilizhou
12430,8918,东川府,Dongchuan Fu
12431,8133,卫辉府,Weihui Fu
12432,7666,处州府,Chuzhou Fu
12433,7638,台州府,Taizhou Fu
12434,7627,宁波府,Ningbo Fu
12435,7653,衢州府,Quzhou Fu
12436,7659,严州府,Yanzhou Fu
12437,20286,成绵龙茂道,Chengmianlongmao Dao
12438,20205,金衢道,Jinqu Dao
12439,8013,曹州府,Caozhou Fu
12440,7677,温州府,Wenzhou Fu
12441,20139,温处道,Wenchu Dao
12442,7600,定海直隶厅,Dinghai Zhiliting
12443,8730,眉州直隶州,Meizhou Zhilizhou
12444,8520,思恩府,Si'en Fu
12445,8542,泗城府,Sicheng Fu
12446,20007,西藏康部,Xizang Kangbu
12447,20215,嘉湖道,Jiahu Dao
12448,8600,柳州府,Liuzhou Fu
12449,8036,临清直隶州,Linqing Zhilizhou
12450,20260,衮沂曹济道,Gunyicaoji Dao
12451,8008,济宁直隶州,Jining Zhilizhou
12452,20279,登莱青道,Denglaiqing Dao
12453,7949,济南府,Ji'nan Fu
12454,7966,武定府,Wuding Fu
12455,20132,陜安道,Shanan Dao
12456,8049,莱州府,Laizhou Fu
12457,6861,罗解厅,Luojie Ting
12458,8510,南宁府,Nanning Fu
12459,8870,巴安府,Ba'an Fu
12460,8025,东昌府,Dongchang Fu
12461,7313,赵州直隶州,Zhaozhou Zhilizhou
12462,20251,河东道,Hedong Dao
12463,7496,大同府,Datong Fu
12464,7997,兖州府,Yanzhou Fu
12465,20218,济东泰武道,Jidongtaiwu Dao
12466,20209,江南庐凤道,Jiangnanlufeng Dao
12467,20270,高廉道,Gaolian Dao
12468,8715,雅州府,Yazhou Fu
12469,8058,登州府,Dengzhou Fu
12470,9010,凤翔府,Fengxiang Fu
12471,8041,沂州府,Yizhou Fu
12472,8556,太平府,Taiping Fu
12473,20219,济东道,Jidong Dao
12474,7977,青州府,Qingzhou Fu
12475,20217,济东泰武临道,Jidongtaiwulin Dao
12476,20216,济宁道,Jining Dao
12477,7989,泰安府,Tai'an Fu
12478,8068,胶州直隶州,Jiaozhou Zhilizhou
12479,8877,仁怀直隶厅,Renhuai Zhiliting
12480,6845,松桃直隶厅,Songtao Zhiliting
12481,6933,绥远直隶厅,Suiyuan Zhiliting
12482,20204,金衢严道,Jinquyan Dao
12483,20129,兴泉道,Xingquan Dao
12484,20207,江南苏松常镇太道,Jiangnansusongchangzhentai Dao
12485,20229,淮扬道,Huaiyang Dao
12486,20289,常镇通道,Changzhentong Dao
12487,7556,江宁府,Jiangning Fu
12488,20234,护平庆泾道,Hupingqingjing Dao
12489,20268,巩秦阶道,Gongqinjie Dao
12490,20150,洮岷道,Taomin Dao
12491,20680,伊犁直隶厅,Yili Zhiliting
12492,8931,永昌府,Yongchang Fu
12493,6780,化平川直隶厅,Huapingchuan Zhiliting
12494,20681,辟展直隶厅,Pizhan Zhiliting
12495,20213,江常镇道,Jiangchangzhen Dao
12496,20174,平庆道,Pingqing Dao
12497,20679,巴里坤直隶厅,Balikun Zhiliting
12498,7862,九江府,Jiujiang Fu
12499,20191,临洮道,Lintao Dao
12500,8546,镇安府,Zhen'an Fu
12501,7407,平定直隶州,Pingding Zhilizhou
12502,8654,郁林直隶州,Yulin Zhilizhou
12503,8929,普洱府,Pu'er Fu
12504,20153,睢陈道,Suichen Dao
12505,7873,广信府,Guangxin Fu
12506,7833,泉州府,Quanzhou Fu
12507,20290,常镇道,Changzhen Dao
12508,7550,镇江府,Zhenjiang Fu
12509,20682,奇台直隶厅,Qitai Zhiliting
12510,20275,府江道,Fujiang Dao
12511,20293,苍梧道,Cangwu Dao
12512,20115,右江道,Youjiang Dao
12513,20137,梧郁道,Wuyu Dao
12514,20138,梧道,Wu Dao
12515,20208,江南苏松道,Jiangnansusong Dao
12516,8631,梧州府,Wuzhou Fu
12517,20167,汝南道,Runan Dao
12518,7523,太仓直隶州,Taicang Zhilizhou
12519,20249,河陜汝道,Heshanru Dao
12520,20228,淮扬海道,Huaiyanghai Dao
12521,8119,汝州直隶州,Ruzhou Zhilizhou
12522,7586,海州直隶州,Haizhou Zhilizhou
12523,20156,苏松常镇道,Susongchangzhen Dao
12524,7538,苏州府,Suzhou Fu
12525,20274,甘凉道,Ganliang Dao
12526,7513,海门直隶厅,Haimen Zhiliting
12527,20230,淮徐河道,Huaixuhe Dao
12528,7529,常州府,Changzhou Fu
12529,7579,淮安府,Huai'an Fu
12530,7569,扬州府,Yangzhou Fu
12531,20211,江南常镇道,Jiangnanchangzhen Dao
12532,7590,徐州府,Xuzhou Fu
12533,9325,什邡,Shifang
12534,7514,松江府,Songjiang Fu
12535,8609,桂林府,Guilin Fu
12536,20173,平庆泾固道,Pingqingjinggu Dao
12537,20133,西宁道,Xining Dao
12538,20273,甘山道,Ganshan Dao
12539,20172,平庆泾固化道,Pingqingjingguhua Dao
12540,8621,平乐府,Pingle Fu
12541,20684,巴里坤直隶厅,Balikun Zhiliting
12542,20158,松太道,Songtai Dao
12543,8094,归德府,Guide Fu
12544,20154,苏松太道,Susongtai Dao
12545,20231,淮徐海道,Huaixuhai Dao
12546,20232,淮徐道,Huaixu Dao
12547,20233,淮海道,Huaihai Dao
12548,20291,常澧道,Changli Dao
12549,20250,河陜道,Heshan Dao
12550,20157,苏松道,Susong Dao
12551,7916,吉安府,Ji'an Fu
12552,20662,乌噜木齐直隶厅,Wulumuqi Zhiliting
12553,8363,永顺府,Yongshun Fu
12554,7488,保德直隶州,Baode Zhilizhou
12555,20246,衡永郴桂道,Hengyongchengui Dao
12556,7350,宣化府,Xuanhua Fu
12557,20241,湖广辰沅靖道,Huguangchenyuanjing Dao
12558,7419,潞安府,Lu'an Fu
12559,20287,辰沅靖道,Chenyuanjing Dao
12560,7140,肃州直隶州,Suzhou Zhilizhou
12561,20240,湖广荆南道,Huguangjingnan Dao
12562,20113,岳常道,Yuechang Dao
12563,8379,靖州直隶州,Jingzhou Zhilizhou
12564,8375,沅州府,Yuanzhou Fu
12565,8313,永州府,Yongzhou Fu
12566,8349,常德府,Changde Fu
12567,8370,辰州府,Chenzhou Fu
12568,7851,南昌府,Nanchang Fu
12569,6934,武川直隶厅,Wuchuan Zhiliting
12570,7279,深州直隶州,Shenzhou Zhilizhou
12571,7611,湖州府,Huzhou Fu
12572,7601,杭州府,Hangzhou Fu
12573,8805,忠州直隶州,Zhongzhou Zhilizhou
12574,8797,绥定府,Suiding Fu
12575,20164,上川南道,Shangchuannan Dao
12576,7509,陶林直隶厅,Taolin Zhiliting
12577,20248,衡汞郴道,Henggongchen Dao
12578,8773,顺庆府,Shunqing Fu
12579,20288,辰永沅靖道,Chenyongyuanjing Dao
12580,7381,遵化直隶州,Zunhua Zhilizhou
12581,7362,承德府,Chengde Fu
12582,7479,忻州直隶州,Xinzhou Zhilizhou
12583,7261,保定府,Baoding Fu
12584,20652,镇筸镇,zhengan
12585,20112,岳常澧道,Yuechangli Dao
12586,20282,大梁道,Daliang Dao
12587,20245,衡永楙桂道,Hengyongmaogui Dao
12588,20170,饶九南道,Raojiunan Dao
12589,9045,巩昌府,Gongchang Fu
12590,7144,安西直隶厅,Anxi Zhiliting
12591,9059,凉州府,Langzhou Fu
12592,8642,上思直隶厅,Shangsi Zhiliting
12593,20159,松茂道,Songmao Dao
12594,6763,泾州直隶州,Jingzhou Zhilizhou
12595,20247,衡永郴道,Hengyongchen Dao
12596,8922,开化府,Kaihua Fu
12597,7565,通州直隶州,Tongzhou Zhilizhou
12598,8920,曲靖府,Qujing Fu
12599,20223,吉南赣宁道,Jinanganning Dao
12600,20265,广饶九南道,Guangraojiunan Dao
12601,20224,吉南赣道,Jinangan Dao
12602,20272,赣南道,Gannan Dao
12603,20222,吉南赣宁道,Jinanganning Dao
12604,7907,瑞州府,Ruizhou Fu
12605,9044,兰州府,Lanzhou Fu
12606,20183,南汝光道,Nanruguang Dao
12607,20198,开归陈许道,Kaiguichenxu Dao
12608,20184,南汝道,Nanru Dao
12609,20199,开归道,Kaigui Dao
12610,9068,安西直隶州,Anxi Zhilizhou
12611,20168,汝光道,Ruguang Dao
12612,9046,秦州直隶州,Qinzhou Zhilizhou
12613,9066,甘州府,Ganzhou Fu
12614,9070,西宁府,Xining Fu
12615,20155,苏松常镇太道,Susongchangzhentai Dao
12616,9071,固原直隶州,Guyuan Zhilizhou
12617,8649,归顺直隶州,Guishun Zhilizhou
12618,9069,宁夏府,Ningxia Fu
12619,8637,浔州府,Xunzhou Fu
12620,9058,庆阳府,Qingyang Fu
12621,7119,东胜直隶厅,Dongsheng Zhiliting
12622,9052,阶州直隶州,Jiezhou Zhilizhou
12623,303589,靖海守御千户所,Jinghai Shouyuqianhusuo
12624,7619,嘉兴府,Jiaxing Fu
12625,6959,郭尔罗斯后旗,Guo'erluosihou Qi
12626,30041,剑南西川节度,Jiannanxichuan Jiedu
12627,303596,石城守御千户所,Shicheng Shouyuqianhusuo
12628,303587,大城守御千户所,Dacheng Shouyuqianhusuo
12629,303593,海康守御千户所,Haikang Shouyuqianhusuo
12630,303588,海门守御千户所,Haimen Shouyuqianhusuo
12631,302159,常阳千户所,Changyang qianhusuo
12632,303590,蓬州守御千户所,Pengzhou Shouyuqianhusuo
12633,302275,蓬州守御千户所,Pengzhou shouyu qianhusuo
12634,303591,澄海守御千户所,Chenghai Shouyuqianhusuo
12635,302163,洮州军民千户所,Taozhou qianhusuo
12636,303595,锦囊守御千户所,Jinnang Shouyuqianhusuo
12637,302222,登州守御前千户所,Dengzhou shouyu qian qianhusuo
12638,303586,程乡守御千户所,Chengxiang Shouyuqianhusuo
12639,6966,阿荣旗,Arong Qi
12640,302223,唐县守御右千户所,Tangxian shouyu you qianhusuo
12641,302158,十八族千户所,Shibazu qianhusuo
12642,302195,融州守御千户所,Rongzhou shouyu qianhusuo
12643,303598,儋州守御千户所,Danzhou Shouyuqianhusuo
12644,302183,陇木头长官司,Longmutou zhangguansi
12645,302181,静州长官司,Jingzhou zhangguansi
12646,300062,新城守御千户所,Xincheng shouyu qianhusuo
12647,300054,平阳守御千户所,Pingyang shouyu qianhusuo
12648,302071,雁门守御千户所,Yanmen shouyu Qianhusuo
12649,303599,崖州守御千户所,Yazhou Shouyuqianhusuo
12650,302192,太平守御千户所,Taiping shouyu qianhusuo
12651,303602,清澜守御千户所,Qinglan Shouyuqianhusuo
12652,303603,水会守御千户所,Shuihui Shouyuqianhusuo
12653,303597,万州守御千户所,Wanzhou Shouyuqianhusuo
12654,303601,南山守御千户所,Nanshan Shouyuqianhusuo
12655,303600,昌化守御千户所,Changhua Shouyuqianhusuo
12656,302194,宾州守御千户所,Binzhou shouyu qianhusuo
12657,302147,蒲州守御千户所,Puzhou shouyu qianhusuo
12658,7028,额尔古纳左翼旗,E'erguna zuoyi Qi
12659,303594,海安守御千户所,Haian Shouyuqianhusuo
12660,303592,乐民守御千户所,Lemin Shouyuqianhusuo
12661,302193,象州守御千户所,Xiangzhou shouyu qianhusuo
12662,7027,陈巴尔虎旗,Chenba'erhu Qi
12663,6978,杜尔伯特旗,Du'erbote Qi
12664,6979,札赉特旗,Zhalaite Qi
12665,6950,科尔沁左翼前旗,Ke'erqinzuoyiqian Qi
12666,6795,巴林左翼旗,Balin Zuoyi Qi
12667,7105,阿鲁科尔沁旗,Aluke'erqin Qi
12668,7025,新巴尔虎左翼旗,Xinba'erhuzuoyi Qi
12669,7026,新巴尔虎右翼旗,Xinba'erhuyouyi Qi
12670,6980,札兰屯,Zhalantun
12671,7009,科尔沁左翼中旗,Ke'erqinzuoyizhong Qi
12672,7024,索伦旗,Suolun Qi
12673,7008,科尔沁右翼后旗,Ke'erqinyouyihou Qi
12674,6974,依克明安旗,Yikeming'an Qi
12675,6965,布特哈旗,Buteha Qi
12676,6797,翁牛特左翼旗,Wengniute Zuoyi Qi
12677,7007,科尔沁右翼中旗,Ke'erqinyouyizhong Qi
12678,7006,科尔沁右翼前旗,Ke'erqinyouyiqian Qi
12679,6967,喜扎嘎尔旗,Xizhaga'er Qi
12680,6963,巴彦旗,Bayan Qi
12681,302156,铁城千户所,Tiecheng qianhusuo
12682,302161,蒙古军千户所,Menggujun qianhusuo
12683,302162,灭乞军千户所,Mieqijun qianhusuo
12684,300164,归德守御千户所,Guide shouyu qianhusuo
12685,302160,积石州千户所,Jishizhou qianhusuo
12686,302157,岷州千户所,Minzhou qianhusuo
12687,6801,科尔沁左翼后旗,Ke'erqinzuoyihou Qi
12688,211132,全罗道,Quanluo dao
12689,9001,邠州直隶州,Binzhou Zhilizhou
12690,400468,青阳郡,Qingyang Jun
12691,400250,静海军节度,Jinghai Junjiedu
12692,400543,平壤,Pingrang
12693,20244,衡永懋桂道,Hengyongmaogui Dao
12694,8985,绥德直隶州,Suide Zhilizhou
12695,8915,云南府,Yunnan Fu
12696,400555,辰朝,Chenchao
12697,8935,永北直隶厅,Yongbei Zhiliting
12698,8707,宁远府,Ningyuan Fu
12699,9019,汉中府,Hanzhong Fu
12700,8975,延安府,Yan'an Fu
12701,7645,金华府,Jinhua Fu
12702,8764,潼川府,Tongchuan Fu
12703,8693,叙州府,Xuzhou Fu
12704,8754,保宁府,Baoning Fu
12705,8937,腾越直隶厅,Tengyue Zhiliting
12706,8665,石砫直隶厅,Shizhu Zhiliting
12707,6869,靖边地方,Jingbian Difang
12708,8666,太平直隶厅,Taiping Zhiliting
12709,8782,重庆府,Chongqing Fu
12710,20253,杭嘉湖道,Hangjiahu Dao
12711,7684,绍兴府,Shaoxing Fu
12712,8834,叙永直隶厅,Xuyong Zhiliting
12713,7176,镇雄直隶州,Zhenxiong Zhilizhou
12714,8739,茂州直隶州,Maozhou Zhilizhou
12715,8828,泸州直隶州,Luzhou Zhilizhou
12716,8964,同州府,Tongzhou Fu
12717,8958,商州直隶州,Shangzhou Zhilizhou
12718,8927,镇沅直隶州,Zhenyuan Zhilizhou
12719,8990,榆林府,Yulin Fu
12720,8996,鄜州直隶州,Fuzhou Zhilizhou
12721,8837,打箭炉直隶厅,Dajianlu Zhiliting
12722,8847,登科府,Dengke Fu
12723,20200,开广道,Kaiguang Dao
12724,8668,成都府,Chengdu Fu
12725,8104,陈州府,Chen Zhou
12726,9033,兴安府,Xing'an Fu
12727,20110,云清道,Yunqing Dao
12728,9006,干州直隶州,Qianzhou Zhilizhou
12729,8939,西安府,Xi'an Fu
12730,20117,迤南道,Yinan Dao
12731,8810,酉阳直隶州,Youyang Zhilizhou
12732,7731,泗州直隶州,Sizhou Zhilizhou
12733,8479,嘉应直隶州,Jiaying Zhilizhou
12734,20474,车臣汗部左翼右旗,Chechenhanbuzuoyiyou Qi
12735,20377,得秦,Deqin
12736,20051,满洲正蓝旗,Manchu Plain Blue Banner
12737,20381,乃东,Naidong
12738,8280,施南府,Shi'nan Fu
12739,20372,洛美,Luomei
12740,20383,琼结宗,Qiongjiezong
12741,8263,荆州府,Jingzhou Fu
12742,20062,蒙古镶黄旗,Mongol Bordered Yellow Banner
12743,8473,连州直隶州,Lianzhou Zhilizhou
12744,8385,广州府,Guangzhou Fu
12745,8415,韶州府,Shaozhou Fu
12746,8440,雷州府,Leizhou Fu
12747,8422,高州府,Gaozhou Fu
12748,8444,潮州府,Chaozhou Fu
12749,20303,台北府,Taibei Fu
12750,20417,甲错,Jiacuo
12751,20109,运河道,Yunhe Dao
12752,20362,沃隆,Wolong
12753,20087,汉军八旗,Han Army bannerman
12754,20421,济咙宗,Jilongzong
12755,20108,彰卫怀道,Zhangweihuai Dao
12756,20427,杂仁宗,Zarenzong
12757,20382,雅尔堆,Yaerdui
12758,20423,堆噶尔,Duigaer
12759,20297,安襄郧京道,Anxiangyunjing Dao
12760,20338,作岗宗,Zuogangzong
12761,20080,正红旗,Plain Red Banner
12762,20347,吉尼,Jini
12763,20385,达尔玛,Daerma
12764,20384,直谷,Zhigu
12765,20060,蒙古正白旗,Mongol Plain White Banner
12766,20142,通永河道,Tongyonghe Dao
12767,8289,干州直隶州,Qianzhou Zhilizhou
12768,20161,施鹤道,Shihe Dao
12769,20135,武汉黄德道,Wuhanhuangde Dao
12770,20111,郧襄道,Yunxiang Dao
12771,8152,南阳府,Nanyang Fu
12772,8234,德安府,De'an Fu
12773,8288,永绥直隶厅,Yongsui Zhiliting
12774,8469,罗定直隶州,Luoding Zhilizhou
12775,8348,南州直隶厅,Nanzhou Zhiliting
12776,8342,岳州府,Yuezhou Fu
12777,20296,安襄郧荆道,Anxiangyunjing Dao
12778,8330,郴州直隶州,Chenzhou Zhilizhou
12779,20104,肇罗道,Zhaoluo Dao
12780,8292,长沙府,Changsha Fu
12781,8337,桂阳直隶州,Guiyang Zhilizhou
12782,20295,巴里坤镇迪道,Balikunzhendi Dao
12783,8291,晃州直隶厅,Huangzhou Zhiliting
12784,8167,汝宁府,Runing Fu
12785,20351,硕卡,Shuoka
12786,8356,澧州直隶州,Lizhou Zhilizhou
12787,8271,宜昌府,Yichang Fu
12788,7454,平阳府,Pingyang Fu
12789,8485,崖州直隶州,Ya Zhilizhou
12790,8490,廉州府,Lianzhou Fu
12791,20238,湖广上荆道,Huguangshangjing Dao
12792,8454,琼州府,Qiongzhou Fu
12793,20239,湖广荆西道,Huguangjingxi Dao
12794,8499,佛冈直隶厅,Fogang Zhiliting
12795,8125,彰德府,Zhangde Fu
12796,8476,南雄直隶州,Nanxiong Zhilizhou
12797,8429,惠州府,Huizhou Fu
12798,20163,韶连道,Shaolian Dao
12799,20182,南诏连道,Nanzhaolian Dao
12800,8496,钦州直隶州,Qinzhou Zhilizhou
12801,8400,赤溪直隶厅,Chiqi Zhiliting
12802,20620,茂明安旗,Maomingan qi
12803,20601,浩齐特左翼旗,Haoqite zuoyi qi
12804,20603,阿巴哈纳尔左翼旗,Abahanaer zuoyi Qi
12805,20600,乌珠穆沁右翼旗,Wuzhumuqin youyi qi
12806,20599,乌珠穆沁左翼旗,Wuzhumuqin zuoyiqi
12807,20604,阿巴噶左翼旗,Abagazuoyi Qi
12808,20605,阿巴噶右翼旗,Abagayouyi Qi
12809,20548,托锦乌梁海旗,Tuojinwulianghai Qi
12810,20501,三音诺颜部中末旗,Sanyinnuoyanbuzhongmo Qi
12811,20483,土谢图汗部中左旗,Tuxietuhanbuzhongzuo Qi
12812,20489,土谢图汗部左翼后旗,Tuxietuhanbuzuoyihou Qi
12813,20550,唐努乌梁海旗,Tangnuwulianghai Qi
12814,20621,喀尔喀右翼旗,Kaerkayouyi qi
12815,20068,汉军正白旗,Han Army Plain White Banner
12816,20547,库苏古尔乌梁海旗,Kusuguerwulianghai Qi
12817,20398,央营,Yangying
12818,20606,苏尼特左翼旗,Sunitezuoyi Qi
12819,20482,土谢图汗部右翼左后旗,Tuxietuhanbuyouyizuohou Qi
12820,7843,永春直隶州,Yongchun Zhilizhou
12821,20508,三音诺颜部中前旗,Sanyinnuoyanbuzhongqian Qi
12822,20553,土谢图汗部中旗,Tuxietuhanbuzhong Qi
12823,20472,车臣汗部右翼左旗,Chechenhanbuyouyizuo Qi
12824,20515,三音诺颜部中右旗,Sanyinnuoyanbuzhongyou Qi
12825,20493,土谢图汗部左翼中左旗,Tuxietuhanbuzuoyizhongzuo Qi
12826,20549,萨拉吉克乌梁海旗,Salajikewulianghai Qi
12827,20500,三音诺颜部右翼后旗,Sanyinnuoyanbuyouyihou Qi
12828,20542,新和硕特旗,Xinheshuote Qi
12829,20505,三音诺颜部中后末旗,Sanyinnuoyanbuzhonghoumo Qi
12830,20480,土谢图汗部右翼左旗,Tuxietuhanbuyouyizuo Qi
12831,7019,乌古镇,Wugu Zhen
12832,20470,车臣汗部右翼前旗,Chechenhanbuyouyi Qianqi
12833,20492,土谢图汗部左翼末旗,Tuxietuhanbuzuoyimo Qi
12834,20488,土谢图汗部右翼后旗,Tuxietuhanbuyouyihou Qi
12835,20622,四子部落旗,Sizibuluo qi
12836,20494,土谢图汗部右翼左末旗,Tuxietuhanbuyouyizuomo Qi
12837,20256,汉黄道,Hanhuang Dao
12838,20061,蒙古正红旗,Mongol Plain Red Banner
12839,20298,安襄郧道,Anxiangyun Dao
12840,20299,安庐和滁道,Anluhechu Dao
12841,20300,安庐滁和道,Anluchuhe Dao
12842,20235,湖西道,Huxi Dao
12843,20254,汉兴道,Hanxing Dao
12844,20619,乌喇特旗,Wulate qi
12845,20237,湖广上荆南道,Huguangshangjingnan Dao
12846,20119,阳和道,Yanghe Dao
12847,20202,荆宜施道,Jingyishi Dao
12848,20203,荆宜道,Jingyi Dao
12849,6958,大赉直隶厅,Dalai Zhiliting
12850,20399,仁侵孜宗,Renqinzizong
12851,20422,聂拉木,Nielamu
12852,8239,安陆府,Anlu Fu
12853,20255,汉黄德道,Hanhuangde Dao
12854,20242,湖广道,Huguang Dao
12855,20602,浩齐特右翼旗,Haoqite youyi qi
12856,20615,鄂尔多斯右翼中旗,Eerduosiyouyizhong Qi
12857,20520,三音诺颜部中后旗,Sanyinnuoyanbuzhonghou Qi
12858,20486,土谢图汗部中右旗,Tuxietuhanbuzhongyou Qi
12859,20511,三音诺颜部中左末旗,Sanyinnuoyanbuzhongzuomo Qi
12860,8199,郑州直隶州,Zhengzhou Zhilizhou
12861,20151,太通道,Taitong Dao
12862,20425,扎什鲁木布则,Zhashenlumubuze
12863,20236,湖广下荆南道,Huguangxiajingnan Dao
12864,20015,乌里雅苏台,Wuliyasutai
12865,20424,补人宗,Burenzong
12866,20368,羊八井,Yangbajing
12867,20143,通永道,Tongyong Dao
12868,20367,聂母,Niemu
12869,20358,古浪宗,Gulangzong
12870,20088,内务府三旗,Bondservant (booi) bannerman
12871,20426,茹拖,Rutuo
12872,20206,江镇道,Jiangzhen Dao
12873,20058,蒙古正黄旗,Mongol Plain Yellow Banner
12874,20354,拉岁,Lasui
12875,20429,毕底,Bidi
12876,20352,桑里,Sangli
12877,20266,管河道,Guanhe Dao
12878,20084,镶红旗,Bordered Red Banner
12879,20086,蒙古八旗,Mongol bannerman
12880,20400,胁营,Xieying
12881,7868,南康府,Nankang Fu
12882,20366,卡尔孜,Kaerzi
12883,20257,海南道,Hainan Dao
12884,20072,汉军镶白旗,Han Army Bordered White Banner
12885,20365,达木牛厂,Damuniuchang
12886,20267,关西道,Guanxi Dao
12887,20403,擦耳,Caer
12888,20359,朗营,Langying
12889,20428,达巴喀尔,Dabakaer
12890,8206,汉阳府,Hanyang Fu
12891,20404,巴浪宗,Balangzong
12892,20074,内务府镶黄旗包衣,Bondservant (booi) Bordered Yellow Banner
12893,20079,正白旗,Plain White Banner
12894,20073,汉军镶红旗,Han Army Bordered Red Banner
12895,20406,汪垫,Wangdian
12896,20416,拉孜,Lazi
12897,20378,墨竹宫卡,Mozhugongka
12898,20083,镶白旗,Bordered White Banner
12899,20085,满洲八旗,Manchu bannerman
12900,20408,堆冲,Duichong
12901,20348,纳城,Nacheng
12902,20081,镶黄旗,Bordered Yellow Banner
12903,20409,定结宗,Dingjiezong
12904,20364,那曲,Naqu
12905,20258,海北道,Haibei Dao
12906,20419,撒噶,Saga
12907,10752,哈巴河,Habahe
12908,10485,雷波,Leibo
12909,7927,宁都直隶州,Ningdu Zhilizhou
12910,10627,绥化,Suihua
12911,10739,昌吉,Changji
12912,10327,集宁,Jining
12913,20407,江孜宗,Jiangzizong
12914,9303,成都市,Chengdu shi
12915,10535,库车,Kuche
12916,10740,伊宁,Yining
12917,20363,东顺,Dongshun
12918,20418,金龙,Jinlong
12919,20212,江南道,Jiangnan Dao
12920,20349,锁庄子,Suozhuangzi
12921,20350,拉里,Lali
12922,20190,岭北道,Lingbei Dao
12923,20370,策堆得,Ceduide
12924,9056,平凉府,Pingliang Fu
12925,20082,镶蓝旗,Bordered Blue Banner
12926,9315,夹江,Jiajiang
12927,10981,孟连土司,Menglian tusi
12928,10361,和林格尔,Helin'geer
12929,10484,马边,Mabian
12930,9328,南部,Nanbu
12931,20402,冻噶尔,Donggaer
12932,20078,正蓝旗,Plain Blue Banner
12933,20009,伊犁府,Yili Fu
12934,20116,永宁道,Yongning Dao
12935,6939,榆树直隶厅,Yushu Zhiliting
12936,7013,兴京府,Xingjing Fu
12937,6941,双城府,Shuangcheng Fu
12938,6942,磐石,Panshi
12939,7088,宁安府,Ning'an Fu
12940,20278,奉锦山海关道,Fengjinshanhaiguan Dao
12941,6946,额穆,Emu
12942,6986,密山府,Mishan Fu
12943,6938,吉林府,Jilin
12944,20193,两淮道,Lianghuai Dao
12945,20264,归绥道,Guisui Dao
12946,20411,帕克哩宗,Pakelizong
12947,20412,亚东,Yadong
12948,20410,干坝,Ganba
12949,6944,五常府,Wuchang Fu
12950,20415,协噶尔宗,Xiegaerzong
12951,20496,土谢图汗部中左翼末旗,Tuxietuhanbuzhongzuoyimo Qi
12952,8205,鹤峰直隶厅,Hefeng Zhiliting
12953,8244,襄阳府,Xiangyang Fu
12954,8225,黄州府,Huangzhou Fu
12955,8259,荆门直隶州,Jingmen Zhilizhou
12956,20077,正黄旗,Plain Yellow Banner
12957,6945,宾州府,Binzhou Fu
12958,6943,桦甸,Huadian
12959,7091,农安,Nong'an
12960,7093,法库直隶厅,Faku Zhiliting
12961,6940,伊通直隶州,Yitong Zhilizhou
12962,6989,饶河,Raohe
12963,6988,虎林直隶厅,Hulin Zhiliting
12964,6984,桦川,Huachuan
12965,6985,依兰府,Yilan Fu
12966,6981,西布特哈地方,Xibuteha Difang
12967,8290,凤凰直隶厅,Fenghuang Zhiliting
12968,20361,金东,Jindong
12969,6992,穆棱,Muleng
12970,7010,长白府,Changbai Fu
12971,7012,蒙江直隶州,Mengjiang Zhilizhou
12972,7080,营口直隶厅,Yingkou Zhiliting
12973,6905,庄河直隶厅,Zhuanghe Zhiliting
12974,20252,河北道,Hebei Dao
12975,20166,山海关道,Shanhaiguan Dao
12976,20405,仁本宗,Renbenzong
12977,7098,奉天府,Fengtian Fu
12978,7045,科麦,Kemai
12979,20075,内务府正黄旗包衣,Bondservant (booi) Plain Yellow Banner
12980,20371,蓬多,Pengduo
12981,20401,仁孜,Renzi
12982,20369,麻尔江,Maerjiang
12983,20076,内务府正白旗包衣,Bondservant (booi) Plain White Banner
12984,6804,洮南府,Taonan Fu
12985,7030,呼伦直隶厅,Hulun Zhiliting
12986,7018,安古镇,Angu Zhen
12987,7209,龙江府,Longjiang Fu
12988,6990,绥远直隶州,Suiyuan Zhilizhou
12989,7021,漠河直隶厅,Mohe Zhiliting
12990,6960,肇州直隶厅,Zhaozhou Zhiliting
12991,7022,呼玛直隶厅,Huma Zhiliting
12992,7108,锦州府,Jinzhou Fu
12993,7032,吉拉林设治局,Jilalin Shezhiju
12994,7094,昌图府,Changtu Fu
12995,6972,讷河直隶厅,Nehe Zhiliting
12996,6953,辉南直隶厅,Hui'nan Zhiliting
12997,20011,新民府,Xinmin Fu
12998,7104,凤凰直隶厅,Fenghuang Zhiliting
12999,20192,辽沈道,Liaoshen Dao
13000,6951,海龙府,Hailong Fu
13001,20136,武德道,Wude Dao
13002,7033,胪滨府,Lubin Fu
13003,8916,楚雄府,Chuxiong Fu
13004,20514,三音诺颜部中右翼末旗,Sanyinnuoyanbuzhongyouyimo Qi
13005,7736,滁州直隶州,Chuzhou Zhilizhou
13006,8911,大定府,Dading Fu
13007,7751,广德直隶州,Guangde Zhilizhou
13008,7911,袁州府,Yuanzhou Fu
13009,7744,宁国府,Ningguo Fu
13010,8913,兴义府,Xingyi Fu
13011,7197,元江直隶州,Yuanjiang Zhilizhou
13012,7714,颍州府,Yingzhou Fu
13013,7889,建昌府,Jianchang Fu
13014,7166,景东直隶厅,Jingdong Zhiliting
13015,7931,赣州府,Ganzhou Fu
13016,7895,抚州府,Fuzhou Fu
13017,7881,饶州府,Raozhou Fu
13018,7943,南安府,Nan'an Fu
13019,7203,蒙化直隶厅,Menghua Zhiliting
13020,20165,商雒道,Shangluo Dao
13021,6915,龙朋县佐,Longpeng Xianzuo
13022,7769,福州府,Fuzhou Fu
13023,7788,建宁府,Jianning Fu
13024,7817,龙岩直隶州,Longyan Zhilizhou
13025,7801,延平府,Yanping Fu
13026,7782,福宁府,Funing Fu
13027,8912,安顺府,Anshun Fu
13028,8664,松潘直隶厅,Songpan Zhiliting
13029,8662,杂谷直隶厅,Zagu Zhiliting
13030,7808,汀州府,Tingzhou Fu
13031,6852,平越直隶州,Pingyue Zhilizhou
13032,8903,石阡府,Shiqian Fu
13033,7707,六安直隶州,Lu'an Zhilizhou
13034,8889,都匀府,Duyun Fu
13035,7847,兴化府,Xinghua Fu
13036,6961,绥化府,Suihua Fu
13037,7059,塔尔巴哈台直隶厅,Ta'erbahatai Zhiliting
13038,7069,疏勒府,Shule Fu
13039,20414,彭错岭,Pengcuoling
13040,20562,乍丫,Zhaya
13041,20561,官觉,Guanjiao
13042,20380,桑叶,Sangye
13043,7168,武定直隶州,Wuding Zhilizhou
13044,20356,野而古,Yeergu
13045,20357,仑孜宗,Lunzizong
13046,7055,精河直隶厅,Jinghe Zhiliting
13047,20012,昭乌达盟,Zhaowuda Meng
13048,20504,三音诺颜部左翼左末旗,Sanyinnuoyanbuzuoyizuomo Qi
13049,20490,土谢图汗部中次旗,Tuxietuhanbuzhongci Qi
13050,20507,额鲁特旗,Elute Qi
13051,20502,三音诺颜部左翼中旗,Sanyinnuoyanbuzuoyizhong Qi
13052,20379,夺营,Duoying
13053,20657,库尔喀喇乌苏直隶厅,Ku'ekalawusu Zhiliting
13054,20185,南赣道,Nangan Dao
13055,6921,合江州,Hejiang Zhou
13056,6899,库车直隶州,Kuche Zhilizhou
13057,20014,阿尔泰办事大臣,A'ertai Banshi Dachen
13058,20667,阿克苏办事大臣,Akesu Banshudachen
13059,20671,镇西府,Zhenxi Fu
13060,7148,迪化府,Dihua Fu
13061,20659,迪化直隶州,Dihua Zhilizhou
13062,6901,乌什直隶厅,Wushi Zhiliting
13063,20201,喀什噶尔道,Kashigaer Dao
13064,6906,莎车府,Shache Fu
13065,6896,焉耆府,Yanqi Fu
13066,20375,曲水宗,Qushuizong
13067,20341,边坝,Bianba
13068,7149,镇西直隶厅,Zhenxi Zhiliting
13069,8815,夔州府,Kuizhou Fu
13070,20666,叶儿羌办事大臣,Yerqiang Banshudachen
13071,20121,兖沂曹济道,Yanyicaoji Dao
13072,20277,凤邠道,Fengbin Dao
13073,7700,安庆府,Anqing Fu
13074,20226,徽宁池太广道,Huiningchitaiguang Dao
13075,20140,皖南道,Wannan Dao
13076,20179,宁冀道,Ningji Dao
13077,20263,贵东道,Guidong Dao
13078,8900,思州府,Sizhou Fu
13079,20107,漳南道,Zhangnan Dao
13080,20210,江南卢凤道,Jiangnanlufeng Dao
13081,20146,通登莱青道,Tongdenglaiqing Dao
13082,20122,兖沂曹道,Yanyicao Dao
13083,20123,兖宁济道,Yanningyanji Dao
13084,20171,青东道,Qingdong Dao
13085,20261,衮沂曹道,Gunyicao Dao
13086,8930,顺宁府,Shunning Fu
13087,20181,宁池太道,Ningchitai Dao
13088,6916,临江行政局,Linjiang Xingzhengju
13089,8878,贵阳府,Guiyang Fu
13090,7796,邵武府,Shaowu Fu
13091,8934,丽江府,Lijiang Fu
13092,8933,大理府,Dali Fu
13093,8919,昭通府,Zhaotong Fu
13094,8924,临安府,Lin'an Fu
13095,20227,徽宁道,Huining Dao
13096,7194,广西直隶州,Guangxi Zhilizhou
13097,7694,庐州府,Luzhou Fu
13098,7711,和州直隶州,Hezhou Zhilizhou
13099,7821,漳州府,Zhangzhou Fu
13100,20276,凤颍六泗道,Fengyingliusi Dao
13101,20149,汀南道,Tingnan Dao
13102,20187,庐凤颖道,Lufengying Dao
13103,20188,庐凤道,Lufeng Dao
13104,20189,陇右道,Longyou Dao
13105,8925,澂江府,Chengjiang Fu
13106,8928,镇沅直隶厅,Zhenyuan Zhiliting
13107,20180,宁池太广道,Ningchitaiguang Dao
13108,8921,广南府,Guangnan Fu
13109,8661,懋功直隶厅,Maogong Zhiliting
13110,8863,康定府,Kangding Fu
13111,8822,资州直隶州,Zizhou Zhilizhou
13112,8859,永宁直隶州,Yongning Zhilizhou
13113,20284,川北道,Chuanbei Dao
13114,20114,榆葭道,Yujia Dao
13115,8898,黎平府,Liping Fu
13116,20124,延榆绥道,Yanyusui Dao
13117,20125,延绥道,Yansui Dao
13118,8663,理番直隶厅,Lifan Zhiliting
13119,20126,延邵道,Yanshao Dao
13120,7902,临江府,Linjiang Fu
13121,20498,三音诺颜部右末旗,Sanyinnuoyanbuyoumo Qi
13122,20127,延建邵道,Yanjianshao Dao
13123,7723,凤阳府,Fengyang Fu
13124,20262,贵西道,Guixi Dao
13125,20134,西贵西道,Xiguixi Dao
13126,20131,兴汉道,Xinghan Dao
13127,20130,兴南道,Xingnan Dao
13128,8902,思南府,Sinan Fu
13129,20016,台湾府,Taiwan Fu
13130,6835,镇边直隶厅,Zhenbian Zhiliting
13131,7761,池州府,Chizhou Fu
13132,20160,思顺道,Sishun Dao
13133,20106,漳泉道,Zhangquan Dao
13134,7740,太平府,Taiping Fu
13135,20148,汀漳道,Tingzhang Dao
13136,7754,徽州府,Huizhou Fu
13137,8904,遵义府,Zunyi Fu
13138,8901,铜仁府,Tongren Fu
13139,20141,潼商道,Tongshang Dao
13140,20147,汀漳龙道,Tingzhanglong Dao
13141,20512,三音诺颜部右翼中右旗,Sanyinnuoyanbuyouyizhongyou Qi
13142,20544,明阿特旗,Mingate Qi
13143,20518,三音诺颜部右翼右后旗,Sanyinnuoyanbuyouyiyouhou Qi
13144,20519,三音诺颜部左翼左旗,Sanyinnuoyanbuzuoyizuo Qi
13145,20543,札哈沁旗,Zhahaqin Qi
13146,20435,木垒,Mor?
13147,20509,三音诺颜部右翼中左旗,Sanyinnuoyanbuyouyizhongzuo Qi
13148,20478,车臣汗部中前旗,Chechenhanbuzhong Qianqi
13149,20546,杜尔伯特右翼,Duerbote youyi Qi
13150,20517,三音诺颜部右翼末旗,Sanyinnuoyanbuyouyimo Qi
13151,20513,三音诺颜部右翼左末旗,Sanyinnuoyanbuyouyizuomo Qi
13152,20506,额鲁特前旗,Elute qian qi
13153,20070,汉军镶黄旗,Han Army Bordered Yellow Banner
13154,6828,普思沿边第三区,Pusi Yanbian disan Qu
13155,20471,车臣汗部车臣汗旗,Chechenhanbuchechenhan Qi
13156,20071,汉军镶蓝旗,Han Army Bordered Blue Banner
13157,20551,克穆齐克乌梁海旗,Kemu Qikewulianghaiqi
13158,20467,车臣汗部右翼中左旗,Chechenhanbuyouyizhongzuo Qi
13159,20484,土谢图汗部中右末旗,Tuxietuhanbuzhongyoumo Qi
13160,20487,土谢图汗部左翼左中末旗,Tuxietuhanbuzuoyizuozhongmo Qi
13161,20353,琼科尔结,Qiongkeerjie
13162,20545,杜尔伯特左翼,Duerbote zuoyi Qi
13163,20057,满洲镶红旗,Manchu Bordered Red Banner
13164,20465,车臣汗部右翼中旗,Chechenhanbuyouyizhong Qi
13165,20510,三音诺颜旗,Sanyinnuoyan Qi
13166,20067,汉军正蓝旗,Han Army Plain Blue Banner
13167,20462,车臣汗部中末右旗,Chechenhanbuzhongmoyou Qi
13168,20464,车臣汗部右翼中右旗,Chechenhanbuyouyizhongyou Qi
13169,20469,车臣汗部右翼中前旗,Chechenhanbuyouyizhongqian Qi
13170,20052,满洲正白旗,Manchu Plain White Banner
13171,20055,满洲镶蓝旗,Manchu Bordered Blue Banner
13172,20541,新土尔扈特二旗,Xin tuerhute er Qi
13173,20485,土谢图汗旗,Tuxietuhan Qi
13174,20066,汉军正黄旗,Han Army Plain Yellow Banner
13175,6937,正百旗,Zhengbai Qi
13176,20503,三音诺颜部右翼前旗,Sanyinnuoyanbu youyiqian Qi
13177,20459,车臣汗部左翼后末旗,Chechenhanbuzuoyihoumo Qi
13178,20499,三音诺颜部中左旗,Sanyinnuoyanbuzhongzuo Qi
13179,20477,车臣汗部中左前旗,Chechenhanbuzhongzuoqian Qi
13180,20473,车臣汗部中左旗,Chechenhanbuzhongzuo Qi
13181,20491,土谢图汗部左翼中旗,Tuxietuhanbuzuoyizhong Qi
13182,20495,土谢图汗部恰克图,Tuxietuhanbu Qiaketu
13183,20069,汉军正红旗,Han Army Plain Red Banner
13184,20497,土谢图汗部右翼右末次旗,Tuxietuhanbuyouyiyoumoci Qi
13185,20053,满洲正红旗,Manchu Plain Red Banner
13186,20614,鄂尔多斯右翼后旗,Eerduosiyouyihou Qi
13187,20556,阿巴哈纳尔右翼旗,Abahanaeryouyi Qi
13188,20616,鄂尔多斯右翼前旗,Eerduosiyouyiqian Qi
13189,20618,鄂尔多斯左翼后旗,Eerduosizuoyihou Qi
13190,20554,鄂尔多斯左翼前旗,Eerduosi zuoyiqian qi
13191,20617,鄂尔多斯左翼中旗,Eerduosizuoyizhong Qi
13192,20516,三音诺颜部右翼中末旗,Sanyinnuoyanbuyouyizhongmo Qi
13193,20050,满洲正黄旗,Manchu Plain Yellow Banner
13194,20479,车臣汗部左翼左旗,Chechenhanbuzuoyizuo Qi
13195,20059,蒙古正蓝旗,Mongol Plain Blue Banner
13196,20476,车臣汗部中末次旗,Chechenhanbuzhongmoci Qi
13197,20457,车臣汗部左翼前旗,Chechenhanbuzuoyiqian Qi
13198,20460,车臣汗部右翼后旗,Chechenhanbuyouyihou Qi
13199,20466,车臣汗部中右后旗,Chechenhanbuzhongyouhou Qi
13200,20468,车臣汗部中后旗,Chechenhanbuzhonghou Qi
13201,20065,蒙古镶红旗,Mongol Bordered Red Banner
13202,20054,满洲镶黄旗,Manchu Bordered Yellow Banner
13203,20063,蒙古镶蓝旗,Mongol Bordered Blue Mongol Banner
13204,20458,车臣汗部中右旗,Chechenhanbuzhongyou Qi
13205,20463,车臣汗部中末旗,Chechenhanbuzhongmo Qi
13206,20475,车臣汗部左翼中旗,Chechenhanbuzuoyizhong Qi
13207,20064,蒙古镶白旗,Mongol Bordered White Banner
13208,20461,车臣汗部左翼后旗,Chechenhanbuzuoyihou Qi
13209,20413,昂仁,Angren
13210,20056,满洲镶白旗,Manchu Bordered White Banner
13211,6993,和龙,Helong
13212,20376,哩乌,Liwu
13213,7145,哈密直隶厅,Hami Zhiliting
13214,6802,东宁直隶厅,Dongning Zhiliting
13215,6997,延吉府,Yanji Fu
13216,6991,富锦,Fujin
13217,6969,社扎二旗屯垦局,Shezha'erqi Tunkenju
13218,20420,宗喀宗,Zongka zong
13219,20259,哈尔滨江关道,Haerbinjiangguan Dao
13220,20390,岭营,Lingying
13221,7005,长岭,Changling
13222,6987,临江府,Linjiang Fu
13223,7017,龙门镇,Longmen Zhen
13224,6998,方正,Fangzheng
13225,20342,硕般多,Shuobanduo
13226,20430,拉达克,Ladake
13227,6962,嫩江府,Nenjiang Fu
13228,20658,卓索图盟,Zhuosuotu Meng
13229,10965,建水,Jianshui
13230,6936,察哈尔左右两翼牧场,Chahar Zuo You Liangyi Muchang
13231,20393,拉康,Lakang
13232,7146,吐鲁番直隶厅,Tulufan Zhiliting
13233,7060,库尔哈喇乌稣直隶厅,Ku'erhaliwusu Zhiliting
13234,6892,和阗直隶州,Hetian Zhilizhou
13235,20392,僧宗,Sengzong
13236,20660,察哈尔部,Chahar
13237,20391,突宗,Tuzong
13238,7071,英吉沙尔直隶厅,Yingjisha'er Zhiliting
13239,20661,札萨克图汗部,Zhasaketu Hanbu
13240,6903,温宿府,Wensu Fu
13241,7031,奇雅河卡伦,Jiyahe Kalun
13242,20346,则冈宗,Zegangzong
13243,20389,拉噶孜宗,Lagazizong
13244,6995,珲春直隶厅,Hunchun Zhiliting
13245,20013,哲里木盟,Zhelimu Meng
13246,20397,朗岭,Langling
13247,20334,察木多,Chamuduo
13248,20333,江卡,Jiangka
13249,20340,桑昂曲宗,Sangangquzong
13250,20396,纳布,Nabu
13251,20394,纳仓,Nacang
13252,20395,晤欲岭喀尔,Wuyulingkaer
13253,7090,新城府,Xincheng Fu
13254,20010,阿克苏城,Akesu Cheng
13255,20337,八宿,Basu
13256,20345,角木宗,Jiaomuzong
13257,20386,错拉,Cuola
13258,20355,辖鲁,Xialu
13259,20373,撒拉,Sala
13260,20336,洛隆宗,Luolongzong
13261,20360,本左,Benzuo
13262,20374,业党,Yedang
13263,6954,安达直隶厅,Anda Zhiliting
13264,6796,长春府,Changchun Fu
13265,6994,汪清,Wangqing
13266,7087,阿城,Acheng
13267,20102,镇迪道,Zhendi Dao
13268,7001,敦化,Dunhua
13269,6948,海伦府,Hailun Fu
13270,20335,类伍齐,Leiwuqi
13271,6976,呼兰府,Hulan Fu
13272,20387,贡噶尔宗,Gonggaerzong
13273,20225,惠潮嘉道,Huichaojia Dao
13274,7016,瑷珲直隶厅,Aihui Zhiliting
13275,20343,结登,Jiedeng
13276,20339,博窝,Bowo
13277,20344,达尔宗,Daerzong
13278,20388,拜的,Baide
13279,20481,土谢图汗部左翼前旗,Tuxietuhanbuzuoyi Qianqi
13280,20019,齐齐哈尔,Qiqihaer
13281,26027,清河郡,Qinghe Jun
13282,25056,谯国,Qiao Guo
13283,25100,蒋国,Jiagn Guo
13284,26160,高密郡,Gaomi Jun
13285,26004,平原郡,Pingyuan Jun
13286,25112,鄂国,E Guo
13287,26161,高平郡,Gaoping Jun
13288,26162,高阳郡,Gaoyang Jun
13289,26149,赠康郡,Zengkang Jun
13290,26125,清江郡,Qingjiang Jun
13291,26150,赠文郡,Zengwen Jun
13292,26049,兴平郡,Xingping Jun
13293,25124,邕国,Yong Guo
13294,26151,通义郡,Tongyi Jun
13295,26146,襄阳郡,Xiangyang Jun
13296,26163,魏郡,Wei Jun
13297,25131,思国,Si Guo
13298,25078,景国,Jing Guo
13299,26148,豫章郡,Yuzhang Jun
13300,25086,泾国,Jing Guo
13301,26073,太宁郡,Taining Jun
13302,25069,密国,Mi Guo
13303,26074,太山郡,Taishan Jun
13304,25068,定国,Ding Guo
13305,25120,涪国,Fu Guo
13306,25067,婺国,Wu Guo
13307,26024,武阳郡,Wuyang Jun
13308,26122,淮阳郡,Huaiyang Jun
13309,25114,雍国,Yong Guo
13310,25117,顺国,Shun Guo
13311,25121,淄国,Zi Guo
13312,25118,安国,An Guo
13313,25060,代国,Dai  Guo
13314,26032,齐安郡,Qi'an Jun
13315,26159,冯翊郡,Fengyi Jun
13316,13788,渝州,Yu Zhou
13317,26081,宣城郡,Xuancheng Jun
13318,26127,清郡,Qing Jun
13319,25104,丰国,Feng Guo
13320,25077,昌国,Chang Guo
13321,13802,梁山军,Liangshan Jun
13322,26166,赵郡,Zhao Jun
13323,13821,田氏,Tianshi
13324,26164,鲁郡,Lu Jun
13325,26121,淮安郡,Huaian Jun
13326,26140,临海郡,Linhai Jun
13327,25102,虢国,Guo Guo
13328,25111,郢国,Ying Guo
13329,26165,鴈门郡,Yanmen Jun
13330,26156,长安郡,Changan Jun
13331,13799,云安军,Yun'an Jun
13332,25064,商国,Shang Guo
13333,101114,果州,Guo Zhou
13334,101115,泸州,Lu Zhou
13335,13588,利州,Li Zhou
13336,13759,施州,Shi Zhou
13337,25113,鄠国,Hu Guo
13338,26123,淳安郡,Chunan Jun
13339,26158,饶阳郡,Raoyang Jun
13340,26152,进封郡,Jinfeng Jun
13341,13804,南平军,Nanping Jun
13342,13502,合州,He Zhou
13343,13774,开州,Kai Zhou
13344,13809,大宁监,Daning Jian
13345,13770,万州,Wan Zhou
13346,13443,遂州,Sui Zhou
13347,13472,普州,Pu Zhou
13348,25049,均国,Jun Guo
13349,25134,杨国,Yang Guo
13350,26157,陇右郡,Longyou Jun
13351,26142,华阴郡,Huayin Jun
13352,26143,蕲春郡,Qichun Jun
13353,26144,虢郡,Guo Jun
13354,30114,河南军节度,Henan junjiedu
13355,25050,庆国,Qing Guo
13356,26021,信安郡,Xin'an Jun
13357,26010,新安郡,Xin'an Jun
13358,26147,谯郡,Qiao Jun
13359,26082,封鲁郡,Fenglu Jun
13360,25048,唐国,Tang Guo
13361,25047,澶国,Chan Guo
13362,26080,宜春郡,Yichun Jun
13363,26048,安康郡,Ankang Jun
13364,26145,蜀郡,Shu Jun
13365,30125,太平军军节度,Taiping junjiedu
13366,26096,昌化郡,Changhua Jun
13367,101182,右德军节度,Youde Jun
13368,25061,仪国,Yi Guo
13369,101144,靖江军节度,Jingjiang Jun
13370,26079,定襄郡,Dingxiang Jun
13371,26065,和政郡,Hezheng Jun
13372,25051,相国,Xiang Guo
13373,25116,韶国,Shao Guo
13374,26056,北海郡,Beihai Jun
13375,25098,茂国,Mao Guo
13376,25097,翼国,Yi Guo
13377,26018,奉化郡,Fenghua Jun
13378,25108,遂国,Sui Guo
13379,25074,循国,Xun Guo
13380,25052,镇国,Zheng Guo
13381,25053,陈国,Chen Guo
13382,25101,萧国,Xiao Guo
13383,26071,天水郡,Tianshui Jun
13384,26108,武陵郡,Wuling Jun
13385,25016,齐国,Qi Guo
13386,25025,秦国,Qin Guo
13387,26112,永郡,Yong Jun
13388,25057,郓国,Yun Guo
13389,26023,寿春郡,Shouchun Jun
13390,25066,夏国,Xia Guo
13391,26102,东平郡,Dongping Jun
13392,25062,光国,Guang Guo
13393,25070,封国,Feng Guo
13394,101190,保定军节度,Baoding Jun
13395,25122,简国,Jian Guo
13396,25103,褒国,Bao Guo
13397,26047,金乡郡,Jinxaing Jun
13398,26058,南海郡,Nanhai Jun
13399,26001,琅琊郡,Langya Jun
13400,26064,吴国郡,Wuguo Jun
13401,26095,新平郡,Xinping Jun
13402,26019,长乐郡,Changle Jun
13403,26076,安化郡,Anhua Jun
13404,26016,大宁郡,Daning Jun
13405,25063,和国,He Guo
13406,25004,英国,Ying Guo
13407,25123,莘国,Shen Guo
13408,26103,东阳郡,Dongyang Jun
13409,25003,莱国,Lai Guo
13410,26075,始平郡,Shiping Jun
13411,25007,冀国,Ji Guo
13412,25065,寿国,Shou Guo
13413,26089,广阳郡,Guangyang Jun
13414,25018,信国,Xin Guo
13415,26025,河南郡,Henan Jun
13416,26077,安唐郡,Antang Jun
13417,25085,洛国,Luo Guo
13418,101039,三泉,Sanquan
13419,13621,巴州,Ba Zhou
13420,101122,达州,Da Zhou
13421,13580,兴元府,Xingyuan Fu
13422,13511,荣州,Rong Zhou
13423,25027,吉国,Ji Guo
13424,25029,祁国,Qi Guo
13425,13546,怀安军,Huai'an Jun
13426,25040,袁国,Yuan Guo
13427,25023,越国,Yue Guo
13428,26013,交趾郡,Jiaozhi Jun
13429,26033,吴兴郡,WuxingJun
13430,25022,温国,Wen Guo
13431,26137,缙云郡,Jinyun Jun
13432,13479,昌州,Chang Zhou
13433,13462,资州,Zi Zhou
13434,26116,河闲郡,Hexian Jun
13435,25087,淑国,Shu Guo
13436,26051,上谷郡,Shanggu Jun
13437,13640,蓬州,Peng Zhou
13438,26138,临川郡,Linchuan Jun
13439,13661,集州,Ji Zhou
13440,13701,夔州,Kui Zhou
13441,101120,兴州,Xing Zhou
13442,101119,剑州,Jian Zhou
13443,100140,富顺监,Fushun Jian
13444,13779,涪州,Fu Zhou
13445,13538,渠州,Qu Zhou
13446,13864,文贵,Wengui
13447,13667,壁州,Bi Zhou
13448,13427,梓州,Zi Zhou
13449,26011,陇西郡,Longxi Jun
13450,26092,彭城郡,Pengcheng Jun
13451,26107,武宁郡,Wuning Jun
13452,26109,永寿郡,Yongshou Jun
13453,26115,河东郡,Hedong Jun
13454,26008,永嘉郡,Yongjia Jun
13455,26044,新兴郡,Xinxing Jun
13456,25096,义国,Yi Guo
13457,26091,延安郡,Yanan Jun
13458,25026,申国,Shen Guo
13459,25006,鲁国,Lu Guo
13460,26068,咸宁郡,Xianning Jun
13461,26070,寿沙郡,Shousha Jun
13462,25017,惠国,Hui Guo
13463,26069,咸义郡,Xianyi Jun
13464,26090,庐陵郡,Luling Jun
13465,26002,太原郡,Taiyuan Jun
13466,25041,宣国,Xuan Guo
13467,25094,祈国,Qi Guo
13468,26057,南康郡,Nankang Jun
13469,26035,昌元郡,Changyuan Jun
13470,25042,蔡国,Cai Guo
13471,26086,平阳郡,Pingyang Jun
13472,26043,恩平郡,Enping Jun
13473,26062,合沙郡,Hesha Jun
13474,25001,晋国,Jin Guo
13475,26034,嘉兴郡,Jiaxing Jun
13476,13596,洋州,Yang Zhou
13477,25095,秀国,Xiu Guo
13478,25000,崇国,Chong Guo
13479,26094,房陵郡,Fangling Jun
13480,25037,许国,Xu Guo
13481,26129,荥阳郡,Yingyang Jun
13482,25021,荆国,Jing Guo
13483,26045,永宁郡,Yongning Jun
13484,26105,乐陵郡,Leling Jun
13485,26118,河阳郡,Heyang Jun
13486,25129,周汉国,Zhou Han Guo
13487,26117,河间郡,Hejian Jun
13488,25106,资国,Zi Guo
13489,25091,济国,Ji Guo
13490,26088,广陵郡,Guangling Jun
13491,26030,怀德郡,Huaide Jun
13492,26029,陈留郡,Chenliu Jun
13493,25088,颍国,Ying Guo
13494,25105,贺国,He Guo
13495,25033,吴国,Wu Guo
13496,26060,博陵郡,Boling Jun
13497,26084,常山郡,Changshan Jun
13498,101162,归义军节度,Guiyi Jun
13499,25110,邢国,Xing Guo
13500,26154,郡郡,Jun Jun
13501,26114,汝南郡,Runan Jun
13502,25090,潭国,Tan Guo
13503,25107,通国,Tong Guo
13504,26119,泰宁郡,Taining Jun
13505,25099,华国,Hua Guo
13506,26153,遂宁郡,Suining Jun
13507,26126,清源郡,Qingyuan Jun
13508,26026,江陵郡,Jiangling Jun
13509,26050,吴郡,Wu Jun
13510,26022,平乐郡,Pingle Jun
13511,26141,华原郡,Huayuan Jun
13512,25109,邠国,Bin Guo
13513,26155,鄱阳郡,Poyang Jun
13514,25115,霍国,Huo Guo
13515,26139,临沂郡,Linyi Jun
13516,26061,原武郡,Yuanwu Jun
13517,26135,犍为郡,Jianwei Jun
13518,26133,濠梁郡,Haoliang Jun
13519,26052,上饶郡,Shangrao Jun
13520,25092,濮国,Pu Guo
13521,25132,恭国,Gong Guo
13522,26124,清原郡,Qingyuan Jun
13523,26136,瑯琊郡,Langya Jun
13524,26128,渤海郡,Bohai Jun
13525,25043,滕国,Teng Guo
13526,25032,楚国,Chu Guo
13527,26111,永昌郡,Yongchang Jun
13528,26083,崇德郡,Chongde Jun
13529,26132,济阴郡,Jiyin Jun
13530,25081,梁国,Liang Guo
13531,26130,颍川郡,Yingchuan Jun
13532,25072,建国,Jian Guo
13533,25080,杞国,Ji Guo
13534,26134,濮阳郡,Puyang Jun
13535,25055,邓国,Deng Guo
13536,26046,安定郡,Anding Jun
13537,25044,忠国,Zhong Guo
13538,26085,平昌郡,Pingchang Jun
13539,25079,曹国,Cao Guo
13540,26087,广平郡,Guangping Jun
13541,25024,荣国,Rong Guo
13542,26104,乐平郡,Leping Jun
13543,25031,益国,Yi Guo
13544,101173,崇宁军节度,Chongning Jun
13545,26066,和义郡,Heyi Jun
13546,26039,济阳郡,Jiyang Jun
13547,25030,广国,Guang Guo
13548,26059,南阳郡,Nanyang Jun
13549,25076,扬国,Yang Guo
13550,25046,康国,Kang Guo
13551,26120,洋川郡,Yangchuan Jun
13552,26036,德阳郡,Deyang Jun
13553,26017,东莱郡,Donglai Jun
13554,9438,安仁,Anren
13555,9449,城步,Chengbu
13556,9587,沅陵,Yuanling
13557,9452,衡山,Hengshan
13558,9445,隆回,Longhui
13559,9447,武冈,Wugang
13560,9471,东安,Dong'an
13561,9802,宿松,Susong
13562,9588,叙浦,Xupu
13563,10893,凤凰,Fenghuang
13564,9451,宁乡,Ningxiang
13565,9448,绥宁,Suining
13566,9470,祁阳,Qiyang
13567,9469,新田,Xintian
13568,9454,攸县,You Xian
13569,9084,岑溪,Cenxi
13570,9601,桂东,Guidong
13571,9598,慈利,Cili
13572,9599,临澧,Linli
13573,9600,彬县,Chen Xian
13574,9590,卢溪,Luxi
13575,9446,新化,Xinhua
13576,9940,洵邑,Xunyi
13577,13633,文州,Wen Zhou
13578,9467,桃源,Taoyuan
13579,9453,醴陵,Liling
13580,302024,郧阳抚治,yunyang fuzhi
13581,9536,宁陕,Ningshan
13582,9461,道县,Dao Xian
13583,9443,蓝山,Lanshan
13584,9442,临武,Linwu
13585,9441,桂阳,Guiyang
13586,9450,长沙市,Changsha Shi
13587,9783,泾县,Jing Xian
13588,9537,南郑,Nanzheng
13589,9799,岳西,Yuexi
13590,9404,凤县,Feng Xian
13591,9466,汉寿,Hanshou
13592,9804,太湖,Taihu
13593,9807,巢县,Chao Xian
13594,9437,酃县,Ling Xian
13595,9444,嘉禾,Jiahe
13596,10584,桑植,Sangzhi
13597,9604,汝城,Rucheng
13598,10775,邵阳,Shaoyang
13599,9805,桐城,Tongcheng
13600,10774,茶陵,Chaling
13601,10585,古丈,Guzhang
13602,9474,南县,Nan Xian
13603,10583,永绥,Yongsui
13604,9609,晃县,Huang Xian
13605,9803,望江,Wangjiang
13606,10582,干城,Qiancheng
13607,9606,怀化,Huaihua
13608,9082,博白,Bobai
13609,9458,安化,Anhua
13610,9597,石门,Shimen
13611,9460,湘阴,Xiangyin
13612,9605,资兴,Zixing
13613,9596,安乡,Anxiang
13614,10493,大庸,Dayong
13615,9595,澧县,Li Xian
13616,9593,会同,Huitong
13617,9081,平南,Pingnan
13618,10389,镇边,Zhenbian
13619,9079,北流,Beiliu
13620,9077,容县,Rongxian
13621,10390,凌云,Lingyun
13622,9087,兴业,Xingye
13623,10392,向都,Xiangdu
13624,9075,永淳,Yongchun
13625,9076,桂平,Guiping
13626,10379,左县,Zuoxian
13627,10388,凭祥,Pingxiang
13628,10381,镇结,Zhenjie
13629,10364,龙山,Longshan
13630,10564,平治,Pingzhi
13631,9463,宁远,Ningyuan
13632,9594,通道,Tongdao
13633,9459,浏阳,Liuyang
13634,9465,常德,Changde
13635,9607,麻阳,Mayang
13636,25075,房国,Fang Guo
13637,26020,汉东郡,Handong jun
13638,101148,雄远军节度,Xiongyuan Jun
13639,101160,江宁军节度,Jiangning Jun
13640,101152,镇武军节度,Zhenwu Jun
13641,25054,郇国,Xun Guo
13642,9464,江华,Jianghua
13643,9148,贺县,Hexian
13644,9462,永明,Yongming
13645,9456,湘潭,Xiangtan
13646,9611,灌阳,Guanyang
13647,9602,永兴,Yongxing
13648,9149,信都,Xindu
13649,101016,宪州,Xian Zhou
13650,9147,富川,Fuchuan
13651,9083,藤县,Tengxian
13652,9141,阳朔,Yangshuo
13653,9086,郁林,Yulin
13654,25034,襄国,Xiang Guo
13655,10384,果德,Guode
13656,10215,阌乡,Wenxiang
13657,9151,来宾,Laibin
13658,10380,龙茗,Longming
13659,10382,同正,Tongzheng
13660,9153,中渡,Zhongdu
13661,9158,迁江,Qianjiang
13662,10393,田西,Tianxi
13663,9074,横县,Hengxian
13664,10391,田阳,Tianyang
13665,10385,绥渌,Suilu
13666,10386,宁明,Ningming
13667,9143,榴江,Liujiang
13668,10378,万承,Wancheng
13669,9146,钟山,Zhongshan
13670,10387,明江,Mingjiang
13671,13281,龙阳军,Longyang Jun
13672,12868,池州,Chi Zhou
13673,101128,德庆府,Deqing Fu
13674,14397,窦州,Dou Zhou
13675,101127,肇庆府,Zhaoqing Fu
13676,14337,贺州,He Zhou
13677,13885,建宁府,Jianning Fu
13678,14326,振州,Zhen Zhou
13679,14347,顺州,Shun Zhou
13680,101105,桂阳军,Guiyang Jun
13681,13091,武冈军,Wugang Jun
13682,13088,茶陵军,Chaling Jun
13683,13052,永州,Yong Zhou
13684,13279,寿军,Shouchang Jun
13685,14357,澄州,Cheng Zhou
13686,13812,珍州,Zhen Zhou
13687,13940,邵武军,Shaowu Jun
13688,13555,富义监,Fuyi Jian
13689,13763,咸淳府,Xianchun Fu
13690,14260,钦州,Qin Zhou
13691,101051,昌化军,Changhua Jun
13692,101037,永安军,Yongkang Jun
13693,30072,山南东道节度,Shan'nandongdao Jiedu
13694,13947,兴化军,Xinghua Jun
13695,101145,云安军节度,Yun'an Jun
13696,14371,蒙州,Meng Zhou
13697,101133,化州,Hua Zhou
13698,13257,信阳军,Xinyang Jun
13699,14459,西夏,XiXia
13700,13180,峡州,Xia Zhou
13701,101044,归州,Gui Zhou
13702,13162,鼎州,Ding Zhou
13703,13237,诚州,Cheng Zhou
13704,13370,雅州,Ya Zhou
13705,13144,安州,An Zhou
13706,14367,富州,Fu Zhou
13707,13161,朗州,Lang Zhou
13708,13268,公安军,Gong'an Jun
13709,13228,沅州,Yuan Zhou
13710,101033,荆门军,Jingmen Jun
13711,13571,滋州,Zi Zhou
13712,13099,江陵府,Jiangling Fu
13713,13383,简州,Jian Zhou
13714,14376,南义州,Nanyi Zhou
13715,13123,鄂州,E Zhou
13716,101109,嘉州,Jia Zhou
13717,101108,蜀州,Shu Zhou
13718,101110,威州,Wei Zhou
13719,13289,益州,Yi Zhou
13720,14245,雷州,Lei Zhou
13721,13406,永康军,Yongkang Jun
13722,14341,溥州,Bu Zhou
13723,101183,南平军节度,Nanping Jun
13724,13236,渠阳军,Quyang Jun
13725,14405,牢州,Lao Zhou
13726,24004,富羁縻州,Fu Zhou
13727,13358,邛州,Qiong Zhou
13728,101084,大通监,Datong Jian
13729,101113,遂宁府,Suining Fu
13730,400288,剑南西川军节度,Jiannan xichuan Jiedu
13731,13862,光荣,Guangrong
13732,12966,抚州,Fu Zhou
13733,101100,虔州,Qian Zhou
13734,101191,江州,Jiang Zhou
13735,13707,绍庆府,Shaoqing Fu
13736,13600,阆州,Lang Zhou
13737,26054,仁寿郡,Renshou Jun
13738,12840,宁国府,Ningguo Fu
13739,12883,信州,Xin Zhou
13740,12899,南康军,Nankang Jun
13741,12895,太平州,Taiping Zhou
13742,13058,郴州,Chen Zhou
13743,13519,戎州,Rong Zhou
13744,101184,南安军节度,Nan'an Jun
13745,13568,纯州,Chun Zhou
13746,13562,长宁军,Changning Jun
13747,101117,广安军,Guangan Jun
13748,101112,潼川府,Tongchuan Fu
13749,13175,澧州,Li Zhou
13750,14427,自杞,Ziqi
13751,13902,泉州,Quan Zhou
13752,13691,凤州,Feng Zhou
13753,13935,漳州,Zhang Zhou
13754,13868,福州,Fu Zhou
13755,13695,阶州,Jie Zhou
13756,13845,溱州,Zhen Zhou
13757,101050,白州,Bai Zhou
13758,14352,禺州,Yu Zhou
13759,10927,呈贡,Chenggong
13760,13923,汀州,Ting Zhou
13761,12997,临江军,Linjiang Jun
13762,10404,六顺,Liushun
13763,12957,袁州,Yuan Zhou
13764,12941,吉州,Ji Zhou
13765,13303,眉州,Mei Zhou
13766,12979,瑞州,Rui Zhou
13767,12992,南安军,Nan'an Jun
13768,13366,黎州,Li Zhou
13769,13001,建武军,Jianwu Jun
13770,101097,宣州,Xuan Zhou
13771,101099,洪州,Hong Zhou
13772,101116,叙州,Xu Zhou
13773,12909,隆兴府,Longxing Fu
13774,12987,永兴军,Yongxing Jun
13775,400346,爱州,Ai zhou
13776,15704,楚州,Chu Zhou
13777,400825,寿州都督府,Shouzhou Dudufu
13778,400880,南海郡都督府,Nanhaijun Dudufu
13779,400836,桂州都督府,Guizhou Dudufu
13780,400883,始安郡都督府,Shianjun Dudufu
13781,400834,容州都督府,Rongzhou Dudufu
13782,15733,舒州,Shu Zhou
13783,400860,邕州都督府,Yongzhou Dudufu
13784,15720,寿州,Shou Zhou
13785,400882,朗宁郡都督府,Langningjun Dudufu
13786,400022,溵州,Yin zhou
13787,400780,前扬州总管府,Qianyangzhou Zongguanfu
13788,15716,和县,He Xian
13789,400833,广州都督府,Guangzhou Dudufu
13790,10763,贡山设治局,Gongshan shezhi ju
13791,14343,绣州,Xiu Zhou
13792,10365,昭通,Zhaotong
13793,9873,泾川,Jingchuan
13794,10497,五峰,Wufeng
13795,10934,牟定,Mouding
13796,14850,豫州,Yu Zhou
13797,9883,景泰,Jingtai
13798,6825,普思沿边第一区,Pusi Yanbian diyi Qu
13799,10764,福贡设治局,Fugong shezhi ju
13800,10762,德钦,Deqin
13801,15845,明州,Ming Zhou
13802,400619,弋阳郡,Yiyang jun
13803,400430,汉阳郡,Hanyang Jun
13804,400423,东平郡,Dongping Jun
13805,400422,淮阳郡,Huaiyang Jun
13806,400414,北海郡,Beihai Jun
13807,400408,洛州,Luozhou
13808,400396,陈留郡,Chenliu Jun
13809,400567,扬楚,Yang Chu
13810,400384,临汝郡,Linru Jun
13811,400782,安州总管府,Anzhou Zongguanfu
13812,14851,蔡州,Cai Zhou
13813,400077,江淮,Jianghuai
13814,15920,吉州,Ji Zhou
13815,16045,黔州,Qian Zhou
13816,16052,涪州,Fu Zhou
13817,15822,处州,Chu Zhou
13818,400385,陕郡,Shan Jun
13819,16436,恩州,En Zhou
13820,15948,宣州,Xuan Zhou
13821,400875,安陆郡都督府,Anlujun Dudufu
13822,400824,扬州都督府,Yangzhou Dudufu
13823,10408,南骄,Nanqiao
13824,400881,普宁郡都督府,Puningjun Dudufu
13825,400531,山东,Shandong
13826,400379,鲁郡,Lu Jun
13827,16388,循州,Xun Zhou
13828,400826,安州都督府,Anzhou Dudufu
13829,16653,宾州,Bin Zhou
13830,16612,融州,Rong Zhou
13831,15691,扬州,Yang Zhou
13832,400618,武宁军节度,Wuning jun jiedu
13833,400823,兖州都督府,Yanzhou Dudufu
13834,16733,宕州,Dang Zhou
13835,10925,嵩明,Songming
13836,9397,成县,Cheng Xian
13837,6831,普思沿边第二区,Pusi Yanbian di'er Qu
13838,10697,漠河,Mohe
13839,400364,彭城郡,Pengcheng Jun
13840,10948,东川,Dongchuan
13841,10778,师宗,Shizong
13842,10694,奇克,Jike
13843,10412,澜沧,Lancang
13844,10405,佛海,Fohai
13845,10645,通北,Tongbei
13846,10931,禄丰,Lufeng
13847,10901,姚安,Yao'an
13848,10409,盈江设治局,Yingjiang shezhiju
13849,12828,建康府,Jiankang Fu
13850,10406,江城,Jiangcheng
13851,10765,碧江设治局,Bijiang shezhi ju
13852,10926,晋宁,Jinning
13853,10699,逊河,Xunhe
13854,10491,会川,Huichuan
13855,10766,泸水设治局,Lushui shezhi ju
13856,10924,宜良,Yiliang
13857,10946,永胜,Yongsheng
13858,10929,昆阳,Kunyang
13859,10410,陇川设治局,Longchuan shezhiju
13860,9492,监利,Jianli
13861,9478,安陆,Anlu
13862,9482,天门,Tianmen
13863,9493,公安,Gong'an
13864,10495,宣恩,Xuan'en
13865,9874,灵台,Lingtai
13866,9511,黄陂,Huangpi
13867,9502,鄂城,Echeng
13868,400781,寿州总管府,Shouzhou Zongguanfu
13869,9870,天水,Tianshui
13870,9877,合水,Heshui
13871,9876,庆阳,Qingyang
13872,10945,丽江,Lijiang
13873,10944,剑川,Jianchuan
13874,9880,康乐,Kangle
13875,10489,利川,Lichuan
13876,10490,咸丰,Xianfeng
13877,9479,孝感,Xiaogan
13878,10923,富民,Fumin
13879,10496,来凤,Laifeng
13880,10494,鹤峰,Hefeng
13881,13250,荆门军,Jingmen Jun
13882,10407,镇越,Zhenyue
13883,101192,南恩州,Nanen Zhou
13884,12826,升州,Sheng Zhou
13885,101126,南剑州,Nanjian Zhou
13886,101129,南雄州,Nanxiong Zhou
13887,13685,西和州,Xihe Zhou
13888,14226,辨州,Bian Zhou
13889,13678,成州,Cheng Zhou
13890,14417,崖州,Ya Zhou
13891,14268,郁林州,Yulin Zhou
13892,14393,潘州,Pan Zhou
13893,13656,大安军,Da'an Jun
13894,13611,隆庆府,Longqing Fu
13895,14319,万安军,Wan'an Jun
13896,14199,庆远府,Qingyuan Fu
13897,14049,恩州,En Zhou
13898,14409,党州,Dang Zhou
13899,14421,观州,Guan Zhou
13900,14218,横州,Heng Zhou
13901,14384,蛮州,Man Zhou
13902,14186,贵州,Gui Zhou
13903,14212,宾州,Bin Zhou
13904,14276,太平军,Taiping Jun
13905,14381,思明州,Siming Zhou
13906,14063,雄州,Xiong Zhou
13907,14029,端州,Duan Zhou
13908,14078,泷州,Long Zhou
13909,14388,罗州,Luo Zhou
13910,13839,承州,Cheng Zhou
13911,101049,高州,Gao Zhou
13912,101136,思唐州,Sitang Zhou
13913,101041,遵义军,Zunyi Jun
13914,101042,思州,Si Zhou
13915,24001,安化羁縻州,Anhua Zhou
13916,101140,南仪州,Nanyi zhou
13917,14034,新州,Xin Zhou
13918,13996,潮州,Chao Zhou
13919,13953,广州,Guang Zhou
13920,14328,朱崖军,Zhuya Jun
13921,14286,琼州,Qiong Zhou
13922,14151,昭州,Zhao Zhou
13923,101167,梁山军节度,Liangshan Jun
13924,14365,平州,Ping Zhou
13925,14180,浔州,Xun Zhou
13926,14133,象州,Xiang Zhou
13927,14139,融州,Rong Zhou
13928,14428,特磨道,Temo Dao
13929,13698,剑门关,Jianmen Guan
13930,101043,播州,Bo Zhou
13931,24000,归顺羁縻州,Guishun Zhou
13932,101135,万安州,Wanan Zhou
13933,14362,严州,Yan Zhou
13934,14165,藤州,Teng Zhou
13935,13574,祥州,Xiang Zhou
13936,101146,云南军节度,Yunnan Jun
13937,25093,瀛国,Ying Guo
13938,25036,嘉国,Jia Guo
13939,25028,莒国,Ju Guo
13940,30119,岭南军节度,Lingnan junjiedu
13941,25002,燕国,Yan Guo
13942,25015,卫国,Wei Guo
13943,26078,安乐郡,Anle Jun
13944,26053,丹阳郡,Danyang Jun
13945,26014,建安郡,Jian'an Jun
13946,26063,同安郡,Tongan Jun
13947,25130,周晋国,Zhou Jin Guo
13948,25073,徐国,Xu Guo
13949,101174,山南军节度,Shannan Jun
13950,14414,常乐州,Changle Zhou
13951,25133,怀国,Huai Guo
13952,25126,郯国,Tan Guo
13953,26006,东海郡,Donghai Jun
13954,25045,成国,Cheng Guo
13955,26015,永安郡,Yong'an Jun
13956,26099,景安郡,Jingan Jun
13957,26131,颍州郡,Yingzhou Jun
13958,26106,武威郡,Wuwei Jun
13959,26037,博平郡,Boping Jun
13960,26007,长沙郡,Changsha Jun
13961,26113,永阳郡,Yongyang Jun
13962,26040,乐安郡,Lean Jun
13963,20524,永国,Yong Guo
13964,26041,江夏郡,Jiangxia Jun
13965,25039,郑国,Zheng Guo
13966,26042,巨鹿郡,Julu Jun
13967,25035,舒国,Shu Guo
13968,101169,广海军节度,Guanghai Jun
13969,26003,长清郡,Changqing Jun
13970,26097,晋康郡,Jinkang Jun
13971,26009,河内郡,Henei Jun
13972,25008,岐国,Qi Guo
13973,25009,汉国,Han Guo
13974,25010,兖国,Yan Guo
13975,26098,普宁郡,Puning Jun
13976,25011,魏国,Wei Guo
13977,25013,沂国,Yi Guo
13978,25005,韩国,Han Guo
13979,26067,咸安郡,Xianan Jun
13980,25012,蜀国,Shu Guo
13981,26110,永康郡,Yongkang Jun
13982,14191,柳州,Liu Zhou
13983,14073,惠州,Hui Zhou
13984,13987,循州,Xun Zhou
13985,26031,普安郡,Puan Jun
13986,25019,潞国,Lu Guo
13987,101150,陜府军节度,Shanfu Jun
13988,26055,信都郡,Xindu Jun
13989,101171,川昌军节度,Changchang Jun
13990,25084,洋国,Yang Guo
13991,101166,武威军节度,Wuwei Jun
13992,25089,润国,Run Guo
13993,26000,文安郡,Wen'an Jun
13994,25083,沛国,Pei Guo
13995,25082,求国,Qiu Guo
13996,101179,威德军节度,Weide Jun
13997,25071,尹国,Yin Guo
13998,25020,福国,Fu Guo
13999,26101,会稽郡,Huiji Jun
14000,25014,周国,Zhou Guo
14001,26005,京兆郡,Jingzhao Jun
14002,14120,邕州,Yong Zhou
14003,26012,南平郡,Nanping Jun
14004,12188,洮州,Tao Zhou
14005,12210,怀德军,Huaide Jun
14006,12512,泗州,Si Zhou
14007,101134,廉州,Lian Zhou
14008,11288,安州,An Zhou
14009,12207,会州,Hui Zhou
14010,11267,单州,Shan Zhou
14011,12186,积石州,Jishi Zhou
14012,12184,西宁州,Xining Zhou
14013,12177,巩州,Gong Zhou
14014,12377,沁州,Qin Zhou
14015,12171,镇戎军,Zhenrong Jun
14016,12197,震武军,Zhenwu Jun
14017,13683,天水军,Tianshui Jun
14018,14069,英德府,Yingde Fu
14019,14056,恭州,Gong Zhou
14020,14302,儋州,Dan Zhou
14021,13636,沔州,Mian Zhou
14022,14083,春州,Chun Zhou
14023,12246,平阳府,Pingyang Fu
14024,13652,政州,Zheng Zhou
14025,12260,府州,Fu Zhou
14026,101046,封州,Feng Zhou
14027,100455,熙州,Xi Zhou
14028,12145,岷州,Min Zhou
14029,11228,袭庆府,Xiqing Fu
14030,101125,建州,Jian Zhou
14031,101107,靖州,Jing Zhou
14032,12754,越州,Yue Zhou
14033,12893,雄远军,Xiongyuan Jun
14034,13341,汉州,Han Zhou
14035,13387,维州,Wei Zhou
14036,13328,绵州,Mian Zhou
14037,13320,彭州,Peng Zhou
14038,12792,台州,Tai Zhou
14039,13078,全州,Quan Zhou
14040,101106,常德府,Changde Fu
14041,12903,广德军,Guangde Jun
14042,13378,茂州,Mao Zhou
14043,12850,歙州,She Zhou
14044,13393,陵州,Ling Zhou
14045,12894,平江军,Pingjiang Jun
14046,101094,绍兴府,Shaoxing Fu
14047,101095,明州,Ming Zhou
14048,101096,温州,Wen Zhou
14049,12810,处州,Chu Zhou
14050,12784,婺州,Wu Zhou
14051,12779,瑞安府,Rui'an Fu
14052,101048,龚州,Gong Zhou
14053,12767,庆元府,Qingyuan Fu
14054,13073,宝庆府,Baoqing Fu
14055,12799,衢州,Qu Zhou
14056,12875,饶州,Rao Zhou
14057,12922,赣州,Gan Zhou
14058,13212,辰州,Chen Zhou
14059,13081,桂阳监,Guiyang Jian
14060,12479,西海州,Xihai Zhou
14061,12585,清河军,Qinghe Jun
14062,12540,崇州,Chong Zhou
14063,12465,楚州,Chu Zhou
14064,12547,承州,Cheng Zhou
14065,12557,安东州,Andong Zhou
14066,11250,兴仁府,Xingren Fu
14067,12583,淮安军,Huai'an Jun
14068,12501,泰州,Tai Zhou
14069,12580,淮安军,Huai'an Jun
14070,12563,宝应州,Baoying Zhou
14071,12375,平晋军,Pingjin Jun
14072,101124,重庆府,Chongqing Fu
14073,101131,静江府,Jingjiang Fu
14074,13976,韶州,Shao Zhou
14075,13679,同庆府,Tongqing Fu
14076,14008,连州,Lian Zhou
14077,14040,康州,Kang Zhou
14078,101052,吉阳军,Jiyang Jun
14079,14112,容州,Rong Zhou
14080,12533,建安军,Jian'an Jun
14081,13671,金州,Jin Zhou
14082,12212,西安州,Xi'an Zhou
14083,12577,招信军,Zhaoxin Jun
14084,14160,梧州,Wu Zhou
14085,11205,东平府,Dongping Fu
14086,12164,河州,He Zhou
14087,12173,德顺军,Deshun Jun
14088,12190,廓州,Kuo Zhou
14089,14088,勤州,Qin Zhou
14090,12168,兰州,Lan Zhou
14091,12105,秦州,Qin Zhou
14092,11177,潍州,Wei Zhou
14093,12572,盱贻军,Xuyi Jun
14094,101007,光化军,Guanghua Jun
14095,12430,妫州,Gui Zhou
14096,12402,武州,Wu Zhou
14097,12394,云中府,Yunzhong Fu
14098,11335,房州,Fang Zhou
14099,11187,淮阳军,Huaiyang Jun
14100,11342,均州,Jun Zhou
14101,12427,儒州,Ru Zhou
14102,101078,乐州,Le Zhou
14103,11366,枣阳军,Zaoyang Jun
14104,11361,通化军,Tonghua Jun
14105,14092,桂州,Gui Zhou
14106,101081,潞州,Lu Zhou
14107,303139,南昌兵备道,Nanchang Bingbeidao
14108,4289,奉圣州,Fengsheng Zhou
14109,4285,天德军,Tiande Jun
14110,4206,析津府,Xijin Fu
14111,303117,安绵兵备道,Anmian Bingbeidao
14112,4280,云内州,Yunnei Zhou
14113,4325,河清军,Heqing Jun
14114,4180,宜州,Yi Zhou
14115,303126,南瑞分守道,Nanrui Fenshoudao
14116,303233,桂林分巡道,Guilin Fenxundao
14117,4094,河州,He Zhou
14118,4095,祥州,Xiang Zhou
14119,303439,顺天府府军卫,Shuntianfu fujunwei
14120,4119,室韦,Shiwei
14121,4193,建州,Jian Zhou
14122,4276,丰州,Feng Zhou
14123,303059,大梁分守道,Daliang Fenshoudao
14124,303232,右江分守道,Youjiang Fenshoudao
14125,303231,左江分守道,Zuojiang Fenshoudao
14126,4260,大同府,Datong Fu
14127,4127,大定府,Dading Fu
14128,4303,蔚州,Yu Zhou
14129,303058,宁武兵备道,Ningwu Bingbeidao
14130,302290,处州守御千户所,Chuzhou shouyu qianhusuo
14131,300391,显陵卫,Xianling wei
14132,302289,仁和卫,Renhe wei
14133,303229,桂平分守道,Guiping Fenshoudao
14134,300390,沔阳卫,Mianyang wei
14135,302173,重庆守御千户所,Chongqing shouyu qianhusuo
14136,303417,延庆州,Yanqing zhou
14137,303239,苍梧兵备道,Changwu Bingbeidao
14138,303000,口北分守道,Koubei Fenshoudao
14139,303242,府江兵备道,Fujiang Bingbeidao
14140,3828,长春州,Changchun Zhou
14141,3814,祖州,Zu Zhou
14142,4099,保州,Bao Zhou
14143,4313,朔州,Shuo Zhou
14144,3803,临潢府,Linhuang Fu
14145,3825,泰州,Tai Zhou
14146,303129,湖西分守道,Huxi Fenshoudao
14147,303130,饶南九江分守道,Raonanjiujiang Fenshoudao
14148,303144,九江兵备道,Jiujiang Bingbeidao
14149,303128,湖东分守道,Hudong Fenshoudao
14150,4328,倒塌岭节度使司,Daotaling Jiedushisi
14151,4183,锦州,Jin Zhou
14152,303223,惠潮兵巡兵备道,Huichaobingxun Bingbeidao
14153,303493,会州卫,Huizhou Wei
14154,300425,蓟州卫,Jizhou wei
14155,303145,赣州兵备道,Ganzhou Bingbeidao
14156,303134,南昌分巡道,Nanchang Fenxundao
14157,303136,湖西分巡道,Huxi Fenxundao
14158,303141,抚建广兵备道,Fujianguang Bingbeidao
14159,303062,河北分守道,Hebei Fenshoudao
14160,303138,岭北分巡道,Lingbei Fenxundao
14161,303063,大梁分巡道,Daliang Fenxundao
14162,4323,金肃州,Jinsu Zhou
14163,3830,乌州,Wu Zhou
14164,303236,左江兵巡分巡道,Zuojiangbingxun Fenxundao
14165,303235,苍梧兵巡分巡道,Changwubingxun Fenxundao
14166,303306,登莱兵备道,Denglai Bingbeidao
14167,303230,苍梧分守道,Changwu Fenshoudao
14168,303064,河南分巡道,Henan Fenxundao
14169,303300,睢陈兵备道,Suichen Bingbeidao
14170,303132,赣南分守道,Gannan Fenshoudao
14171,303310,河南监察道,Henan Jianchadao
14172,3940,卢州,Lu Zhou
14173,303216,岭西分巡道,Lingxi Fenxundao
14174,303111,川西分巡道,Chuanxi Fenxundao
14175,4073,顺化城,Shunhua Cheng
14176,4082,苏州,Su Zhou
14177,3908,突吕不室韦部,Tulubu Shiwei Bu
14178,4085,复州,Fu Zhou
14179,3957,渌州,Lu Zhou
14180,4014,遂州,Sui Zhou
14181,4080,归州,Gui Zhou
14182,302074,关山等处军民千户所,Guanshan dengchu junmin Qianhusuo
14183,302283,杭州卫,Hangzhou wei
14184,4988,自在州,Zizai Zhou
14185,3818,怀州,Huai Zhou
14186,302264,广东卫,Guangdong wei
14187,4004,集州,Ji Zhou
14188,4064,尚州,Shang Zhou
14189,303208,岭东分守道,Lingdong Fenshoudao
14190,4068,懿州,Yi Zhou
14191,303039,宁前兵备道,Ningqian Bingbeidao
14192,3971,显州,Xian Zhou
14193,4075,新安,Xin'an
14194,303217,岭南分巡道,Lingnan Fenxundao
14195,4078,连州,Lian Zhou
14196,303105,川北分守道,Chuanbei Fenshoudao
14197,303211,岭北分守道,Lingbei Fenshoudao
14198,3918,辽阳府,Liaoyang Fu
14199,3856,原州,Yuan Zhou
14200,303215,岭东分巡道,Lingdong Fenxundao
14201,3906,完颜部,Wanyan Bu
14202,303227,琼州兵备道,Qiongzhou Bingbeidao
14203,303228,南雄兵备道,Nanxiong Bingbeidao
14204,3995,贵德州,Guide Zhou
14205,4103,铁骊部,Tieli Bu
14206,3948,崇州,Chong Zhou
14207,303226,雷廉兵备道,Leilian Bingbeidao
14208,3870,闾州,Lu Zhou
14209,4059,铜州,Tong Zhou
14210,303224,高肇兵备道,Gaozhao Bingbeidao
14211,303106,上下川东分守道,Shangxiachuandong Fenshoudao
14212,4066,麓州,Lu Zhou
14213,4088,肃州,Su Zhou
14214,300389,承天卫,Chengtian wei
14215,303056,潞安兵备道,Lu'an Bingbeidao
14216,303055,阳和兵备道,Yanghe Bingbeidao
14217,303669,燕山护卫,Yanshan Huwei
14218,303375,大宁中卫,Daningzhong Wei
14219,303068,大梁兵巡兵备道,Daliangbingxun Bingbeidao
14220,303060,河南分守道,Henan Fenshoudao
14221,303137,饶南九江分巡道,Raonanjiujiang Fenxundao
14222,303313,江西监察道,Jiangxi Jianchadao
14223,4309,应州,Ying Zhou
14224,303120,夔州兵备道,Kuizhou Bingbeidao
14225,302191,广西卫,Guangxi wei
14226,300334,建阳卫,Jianyang wei
14227,300496,贵州都指挥使司,Guizhou Duzhihuishisi
14228,303478,武德卫,Wude Wei
14229,303470,留守左卫,Liushouzuo Wei
14230,303473,龙虎卫,Longhu Wei
14231,303442,骁骑右卫,Xiaojiyou Wei
14232,300133,宣州卫,Xuanzhou wei
14233,303476,留守右卫,Liushouyou Wei
14234,302036,延绥巡抚,Yansui xunfu
14235,302070,宁武守御千户所,Ningwu shouyu Qianhusuo
14236,4753,偏头守御千户所,Piantouguan shouyu Qianhusuo
14237,300443,神武右卫,Shenwu you wei
14238,15821,括州,Gua Zhou
14239,300456,通州左卫,Tongzhou zuo wei
14240,300444,神武中卫,Shenwu zhong wei
14241,300442,涿鹿卫,Zhoulu wei
14242,300448,抚宁卫,Funing wei
14243,300459,涿鹿中卫,Zhuolu zhong wei
14244,300503,山西都指挥使司,Shanxi Duzhihuishisi
14245,300491,大宁都指挥使司,Daning Duzhihuishisi
14246,300445,忠义中卫,Zhongyi zhong wei
14247,300446,卢龙卫,Lulong wei
14248,300438,延庆卫,Yanqing wei
14249,303501,义勇前卫,Yiyongqian Wei
14250,303424,兴武卫,Xingwu Wei
14251,303496,神武左卫,Shenwuzuo Wei
14252,303498,忠义前卫,Zhongyiqian Wei
14253,303500,义勇右卫,Yiyongyou Wei
14254,300447,武清卫,Wuqing wei
14255,303494,富峪卫,Fuyu Wei
14256,303495,宽河卫,Kuanhe Wei
14257,303499,忠义后卫,Zhongyihou Wei
14258,300318,金山卫,Jinshan wei
14259,300495,广西都指挥使司,Guangxi Duzhihuishisi
14260,300313,镇海卫,Zhenhai wei
14261,300332,六安卫,Liu'an wei
14262,303489,鹰扬卫,Yingyang Wei
14263,303488,留守后卫,Liushouhou Wei
14264,303492,大宁前卫,Daningqian Wei
14265,303387,广武卫,Guangwu Wei
14266,303477,虎贲右卫,Hubenyou Wei
14267,300323,大河卫,Dahe wei
14268,300325,安庆卫,Anqing wei
14269,300319,新安卫,Xin'an wei
14270,302105,大兴左卫,Daxing zuo Wei
14271,303430,镇南卫,Zhennan Wei
14272,303361,江阴卫,Jiangyin Wei
14273,302092,神武前卫,Shenwu qian wei
14274,303497,忠义右卫,Zhongyiyou Wei
14275,302091,北平都指挥使司,Beiping Duzhihuishisi
14276,303474,沈阳左卫,Shenyangzuo Wei
14277,303502,义勇后卫,Yiyonghou Wei
14278,302135,渤海守御千户所,Bohai shouyu Qianhusuo
14279,300310,高邮卫,Gaoyou wei
14280,300502,陕西都指挥使司,Shaanxi Duzhihuishisi
14281,302134,常峪城守御千户所,Changyucheng shouyu Qianhusuo
14282,303504,蔚州左卫,Weizhouzuo Wei
14283,303475,沈阳右卫,Shenyangyou Wei
14284,300507,云南都指挥使司,Yunnan Duzhihuishisi
14285,300505,四川行都指挥使司,Sichuan Xingduzhihuishisi
14286,300330,镇江卫,Zhenjiang wei
14287,300504,四川都指挥使司,Sichuan Duzhihuishisi
14288,302251,安徽卫,Anhui wei
14289,300331,庐州卫,Luzhou wei
14290,300508,浙江都指挥使司,Zhejiang Duzhihuishisi
14291,303252,安普分巡道,Anpu Fenxundao
14292,303487,豹韬卫,Baotao Wei
14293,300311,仪真卫,Yizhen wei
14294,303366,龙江左卫,Longjiangzuo Wei
14295,300500,江西都指挥使司,Jiangxi Duzhihuishisi
14296,300314,滁州卫,Chuzhou wei
14297,300316,苏州卫,Suzhou wei
14298,300492,福建都指挥使司,Fujian Duzhihuishisi
14299,300494,广东都指挥使司,Guangdong Duzhihuishisi
14300,300355,九江卫,Jiujiang wei
14301,302149,山东都指挥使司,Shandong duzhihuishisi
14302,302106,大兴右卫,Daxing you Wei
14303,12357,岢岚军,Kelan Jun
14304,12304,泽州,Ze Zhou
14305,12382,交城监,Jiaocheng Jian
14306,12405,应州,Ying Zhou
14307,12409,朔州,Shuo Zhou
14308,101005,广济军,Guangji Jun
14309,18928,陕西鹿延,Shaanxi Fuyan
14310,101000,拱州,Gong Zhou
14311,12318,岚州,Lan Zhou
14312,12263,麟州,Lin Zhou
14313,11027,开封府,Kaifeng Fu
14314,12365,定羌军,Dingqiang Jun
14315,101003,开德府,Kaide Fu
14316,11123,澶州,Shan Zhou
14317,12390,晋宁军,Jinning Jun
14318,101009,郑州,Zheng Zhou
14319,12413,蔚州,Yu Zhou
14320,12386,庆祚军,Qingzuo Jun
14321,101017,辽州,Liao Zhou
14322,101018,慈州,Ci Zhou
14323,11892,蓟州,Ji Zhou
14324,12635,濠州,Hao Zhou
14325,11646,雄州,Xiong Zhou
14326,12642,蒋州,Jiang Zhou
14327,11858,燕山府,Yanshan Fu
14328,12660,镇巢军,Zhenchao Jun
14329,12267,绛州,Jiang Zhou
14330,12055,保安军,Bao'an Jun
14331,11499,淮宁府,Huaining Fu
14332,12623,和州,He Zhou
14333,101020,高邮军,Gaoyou Jun
14334,12629,安庆府,Anqing Fu
14335,11513,顺昌府,Shunchang Fu
14336,12296,汾州,Fen Zhou
14337,12283,隰州,Xi Zhou
14338,12215,并州,Bing Zhou
14339,101083,保德军,Baode Jun
14340,101168,广济军节度,Guangji Jun
14341,12588,庐州,Lu Zhou
14342,12061,醴州,Li Zhou
14343,12654,无为军,Wuwei Jun
14344,11485,蔡州,Cai Zhou
14345,101021,涟水军,Lianshui Jun
14346,12351,平定军,Pingding Jun
14347,12028,商州,Shang Zhou
14348,101008,颍昌府,Yingchang Fu
14349,12732,建德府,Jiande Fu
14350,12291,忻州,Xin Zhou
14351,12730,睦州,Mu Zhou
14352,11896,景州,Jing Zhou
14353,12419,奉圣州,Fengsheng Zhou
14354,101024,安丰军,Anfeng Jun
14355,12742,顺化军,Shunhua Jun
14356,101023,寿春府,Shouchun Fu
14357,303218,海北分巡道,Haibei Fenxundao
14358,12697,润州,Run Zhou
14359,11890,顺州,Shun Zhou
14360,18930,陕西泾原,Shaanxi Jingyuan
14361,12345,威胜军,Weisheng Jun
14362,11662,滨州,Bin Zhou
14363,11655,德州,De Zhou
14364,11623,河间府,Hejian Fu
14365,101027,六安军,Luan Jun
14366,12721,常州,Chang Zhou
14367,12741,衣锦军,Yijin Jun
14368,12708,嘉兴府,Jiaxing Fu
14369,18934,陕西永兴,Shaanxi Yongxing
14370,12008,庆阳府,Qingyang Fu
14371,18931,陕西秦风,Shaanxi Qinfeng
14372,12666,怀远军,Huaiyuan Jun
14373,12343,丰州,Feng Zhou
14374,12231,隆德府,Longde Fu
14375,12326,石州,Shi Zhou
14376,12388,静乐军,Jingle Jun
14377,12277,代州,Dai Zhou
14378,12363,火山军,Huoshan Jun
14379,12650,黄州,Huang Zhou
14380,11879,平州,Ping Zhou
14381,18926,陕西河南,Shaanxi He'nan
14382,11609,冀州,Ji Zhou
14383,11884,易州,Yi Zhou
14384,11888,营州,Ying Zhou
14385,11876,檀州,Tan Zhou
14386,11871,涿州,Zhuo Zhou
14387,11191,济南府,Ji'nan Fu
14388,12361,宁化军,Ninghua Jun
14389,9405,留坝,Liuba
14390,9540,商县,Shang Xian
14391,9787,休宁,Xiuning
14392,10876,榆林,Yulin
14393,9538,褒城,Baocheng
14394,10565,雷平,Leiping
14395,9800,怀宁,Huaining
14396,10383,龙津,Longjin
14397,9541,商南,Shangnan
14398,9545,洛南,Luonan
14399,10820,张北,Zhangbei
14400,9154,柳城,Liucheng
14401,10371,南丹,Nandan
14402,10373,东兰,Donglan
14403,9078,陆川,Luchuan
14404,9080,贵县,Guixian
14405,9085,梧州市,Wuzhou shi
14406,10377,养利,Yangli
14407,10372,荔波,Libo
14408,10374,那地土州,Nadi tuzhou
14409,10375,雷平,Leiping
14410,12424,归化州,Guihua Zhou
14411,11745,信德府,Xinde Fu
14412,101028,江阴军,Jiangyin Jun
14413,12671,临安府,Lin'an Fu
14414,11827,保军,Bao Jun
14415,11813,庆源府,Qingyuan Fu
14416,101087,淮安州,Huaian Zhou
14417,18932,陕西陕西,Shaanxi Shaanxi
14418,18929,陕西环庆,Shaanxi Huanqing
14419,12714,安吉州,Anji Zhou
14420,11769,卫州,Wei Zhou
14421,101143,静安军节度,Jing'an Jun
14422,11733,中山州,Zhongshan Zhou
14423,11805,祁州,Qi Zhou
14424,9542,山阳,Shanyang
14425,9529,洵阳,Xunyang
14426,9539,城固,Chenggu
14427,12016,虢州,Guo Zhou
14428,101092,湖州,Hu Zhou
14429,11850,濬州,Jun Zhou
14430,12085,银川城,Yinchuan Cheng
14431,12628,舒州,Shu Zhou
14432,11946,延安府,Yan'an Fu
14433,12688,苏州,Su Zhou
14434,12598,安丰军,Anfeng Jun
14435,18925,陕西河北,Shaanxi Hebei
14436,11704,真定府,Zhending Fu
14437,11724,相州,Xiang Zhou
14438,101066,保定军,Baoding Jun
14439,12595,寿州,Shou Zhou
14440,4024,双州,Shuang Zhou
14441,3840,降圣州,Jiangsheng Zhou
14442,303143,袁州兵备道,Yuanzhou Bingbeidao
14443,303240,宾州兵备道,Binzhou Bingbeidao
14444,4026,银州,Yin Zhou
14445,3938,辰州,Chen Zhou
14446,4008,辽州,Liao Zhou
14447,4035,信州,Xin Zhou
14448,3930,开州,Kai Zhou
14449,3881,镇州,Zhen Zhou
14450,3854,壕州,Hao Zhou
14451,4006,广州,Guang Zhou
14452,303317,广东监察道,Guangdong Jianchadao
14453,4057,郢州,Ying Zhou
14454,303238,府江兵巡分巡道,Fujiangbingxun Fenxundao
14455,4016,通州,Tong Zhou
14456,3850,懿州,Yi Zhou
14457,4033,咸州,Xian Zhou
14458,303241,左江兵备道,Zuojiang Bingbeidao
14459,303125,松潘兵备道,Songpan Bingbeidao
14460,303071,磁州兵备道,Cizhou Bingbeidao
14461,303219,海南分巡道,Hainan Fenxundao
14462,303122,叙马兵备道,Xuma Bingbeidao
14463,4189,川州,Chuan Zhou
14464,4195,来州,Lai Zhou
14465,4320,东胜州,Dongsheng Zhou
14466,303124,建昌兵备道,Jianchang Bingbeidao
14467,4169,兴中府,Xingzhong Fu
14468,303318,广西监察道,Guangxi Jianchadao
14469,4097,定州,Ding Zhou
14470,303225,罗定兵备道,Luoding Bingbeidao
14471,303116,下川南分巡道,Xiachuannan Fenxundao
14472,3998,沈州,Shen Zhou
14473,3914,来远城,Laiyuan Cheng
14474,3903,镇海府,Zhenhai Fu
14475,4063,东州,Dong Zhou
14476,3912,湟剌,Huangla Mugu Bu
14477,3910,乌畏于厥部,Wuweiyujue Bu
14478,303118,威茂兵备道,Weimao Bingbeidao
14479,4055,渤州,Bo Zhou
14480,303119,重庆兵备道,Chongqing Bingbeidao
14481,4030,尚州,Shang Zhou
14482,4067,荆州,Jing Zhou
14483,303220,广州海道兵备道,Guangzhouhaifang Bingbeidao
14484,303209,岭西分守道,Lingxi Fenshoudao
14485,4124,濊貊,Yemaek
14486,4076,衍州,Yan Zhou
14487,303135,湖东分巡道,Hudong Fenxundao
14488,3916,室韦,Shiwei
14489,303108,上川南分守道,Shangchuannan Fenshoudao
14490,303221,韶南兵备道,Shaonan Bingbeidao
14491,303210,罗定分守道,Luoding Fenshoudao
14492,3852,渭州,Wei Zhou
14493,300449,德州卫,Dezhou wei
14494,3942,铁州,Tie Zhou
14495,3893,塔懒主城,Talaizhu Cheng
14496,3889,皮被河城,Pipihe Cheng
14497,303070,睢东兵备道,Suidong Bingbeidao
14498,303109,下川南分守道,Xiachuannan Fenshoudao
14499,3895,西北路,Xibei Lu
14500,3858,福州,Fu Zhou
14501,3860,横州,Heng Zhou
14502,4092,宁江州,Ningjiang Zhou
14503,303315,四川监察道,Sichuan Jianchadao
14504,3866,丰州,Feng Zhou
14505,303237,右江兵巡分巡道,Youjiangbingxun Fenxundao
14506,4090,安州,An Zhou
14507,3868,顺州,Shun Zhou
14508,303104,川西分守道,Chuanxi Fenshoudao
14509,3878,静州,Jing Zhou
14510,4105,五国,Wuguo
14511,303212,岭南分守道,Lingnan Fenshoudao
14512,3885,河董城,Hedong Cheng
14513,303038,辽东兵备道,Liaodong Bingbeidao
14514,4065,吉州,Ji Zhou
14515,303041,金复海盖兵备道,Jinfuhaigai Bingbeidao
14516,3902,长岭府,Changling Fu
14517,303213,海北分守道,Haibei Fenshoudao
14518,4071,宁州,Ning Zhou
14519,303040,开原兵备道,Kaiyuan Bingbeidao
14520,3832,永州,Yong Zhou
14521,303214,海南分守道,Hainan Fenshoudao
14522,303035,辽海东宁分守道,Liaohaidongning Fenshoudao
14523,4022,韩州,Han Zhou
14524,3838,龙化州,Longhua Zhou
14525,3864,遂州,Sui Zhou
14526,3987,干州,Qian Zhou
14527,3842,饶州,Rao Zhou
14528,4038,宾州,Bin Zhou
14529,3846,徽州,Hui Zhou
14530,3862,凤州,Feng Zhou
14531,3821,庆州,Qing Zhou
14532,303037,辽海兵备道,Liaohai Bingbeidao
14533,3985,宗州,Zong Zhou
14534,303065,汝南分巡道,Runan Fenxundao
14535,4053,湖州,Hu Zhou
14536,3944,兴州,Xing Zhou
14537,3946,汤州,Tang Zhou
14538,303067,开封兵备道,Kaifeng Bingbeidao
14539,3876,宁州,Ning Zhou
14540,303066,河北分巡道,Hebei Fenxundao
14541,4062,冀州,Ji Zhou
14542,3887,静边城,Jingbian Cheng
14543,3872,松山州,Songshan Zhou
14544,303303,昌州兵备道,Changzhou Bingbeidao
14545,3874,豫州,Yu Zhou
14546,3848,成州,Cheng Zhou
14547,3891,招州,Zhao Zhou
14548,3836,仪坤州,Yikun Zhou
14549,4243,平州,Ping Zhou
14550,303061,汝南分守道,Runan Fenshoudao
14551,303114,下东分巡道,Xiadong Fenxundao
14552,3950,海州,Hai Zhou
14553,9161,儋县,Dan Xian
14554,9171,文昌,Wenchang
14555,9170,琼东,Qiongdong
14556,9169,乐会,Lehui
14557,9177,万宁,Wanning
14558,9172,崖县,Yaxian
14559,9176,陵水,Lingshui
14560,11684,清州,Qing Zhou
14561,11902,京兆府,Jingzhao Fu
14562,11997,鄜州,Fu Zhou
14563,11934,陕州,Shan Zhou
14564,11980,耀州,Yao Zhou
14565,11921,河中府,Hezhong Fu
14566,12088,定边军,Dingbian Jun
14567,11632,博州,Bo Zhou
14568,11641,莫州,Mo Zhou
14569,11637,棣州,Di Zhou
14570,11596,沧州,Cang Zhou
14571,18917,哈密力,Hamili
14572,13757,通明,Tongming Yuan
14573,13024,醴陵,Liling
14574,13025,攸县,You Xian
14575,13703,巫山,Wushan
14576,14789,管城,Guancheng
14577,10024,临颖,Linying
14578,13067,宜章,Yizhang
14579,17989,云南行中书省,Yunnan Xingzhongshusheng
14580,17299,岭北行中书省,Lingbei Xingzhongshusheng
14581,17309,辽阳行中书省,Liaoyang Xingzhongshusheng
14582,17362,河南行中书省,He'nan Xingzhongshusheng
14583,18923,察合台汗国,Chahetai Hanguo
14584,18607,湖广行中书省,Huguang Xingzhongshusheng
14585,13702,奉节,Fengjie
14586,10217,荣阳,Rongyang
14587,13750,新宁,Xinning
14588,13751,石鼓,Shigu
14589,100618,零陵,Lingling
14590,14793,阳武,Yangwu
14591,13748,巴渠,Baju
14592,100617,云安,Yunan
14593,100100,大昌,Dachang
14594,13756,阆英,Langying
14595,13749,永睦,Yongmu
14596,13063,郴义,Chenyi
14597,13060,彬县,Chen Xian
14598,13066,义章,Yizhang
14599,9208,汕头市,Shantou shi
14600,13752,三冈,San'gang
14601,9931,府谷,Fugu
14602,9930,盩厔,Zhouzhi
14603,14790,荣阳,Rongyang
14604,13083,桂阳监,Guiyang Jian
14605,13079,清湘,Qingxiang
14606,13080,灌阳,Guanyang
14607,100579,郴县,Chen Xian
14608,100351,桂阳,Guiyang
14609,9929,麟游,Linyou
14610,101141,零陵郡,Lingling jun
14611,9923,冯翔,Fengxiang
14612,9627,南城,Nancheng
14613,9631,临川,Linchuan
14614,10056,商邱,Shangqiu
14615,9628,黎川,Lichuan
14616,9629,南丰,Nanfeng
14617,9619,泰和,Taihe
14618,9625,德安,De'an
14619,9623,湖口,Hukou
14620,9632,崇仁,Chongren
14621,9669,上犹,Shangyou
14622,9642,贵溪,Guixi
14623,9624,瑞昌,Ruichang
14624,10047,封邱,Fengqiu
14625,9509,黄冈,Huanggang
14626,9622,九江,Jiujiang
14627,9506,嘉鱼,Jiayu
14628,9508,汉川,Hanchuan
14629,9504,通城,Tongcheng
14630,9490,江陵,Jiangling
14631,9499,当阳,Dangyang
14632,10037,兰封,Lanfeng
14633,10442,睛隆,Qinglong
14634,9507,汉口市,Hankou Shi
14635,9500,武昌市,Wuchang Shi
14636,100456,营道,Yingdao
14637,13057,东安,Dong'an
14638,9113,开平,Kaiping
14639,14698,密县,Mi Xian
14640,100118,安夷,Anyi
14641,13863,光荣,Guangrong
14642,400336,南巴,Nanba
14643,14718,汜水,Sishui
14644,14703,阳翟,Yangdi
14645,14695,缑氏,Goushi
14646,14701,伊阳,Yiyang
14647,14699,王屋,Wangwu
14648,13048,江华,Jianghua
14649,13880,永贞,Yongzhen
14650,100051,务川,Wuchuan
14651,14697,伊阙,Yique
14652,100575,邛水,Qiongshui
14653,14708,福昌,Fuchang
14654,13038,耒阳,Leiyang
14655,13056,祁阳,Qiyang
14656,14705,告成,Gaocheng
14657,9112,赤溪,Chiqi
14658,9103,从化,Conghua
14659,9110,中山,Zhongshan
14660,9109,东莞,Dongguan
14661,9164,灵山,Lingshan
14662,9200,佛冈,Fogang
14663,9106,龙门,Longmen
14664,9092,罗定,Luoding
14665,9111,新会,Xinhui
14666,9094,郁南,Yu'nan
14667,13039,常宁,Changning
14668,9206,饶平,Raoping
14669,9207,南澳,Nan'ao
14670,9210,惠来,Huilai
14671,9105,宝安,Bao'an
14672,9107,清远,Qingyuan
14673,9093,德庆,Deqing
14674,400609,杜陵,Duling
14675,13877,永泰,Yongtai
14676,14704,颖阳,Yingyang
14677,17955,甘肃行中书省,Gansu Xingzhongshusheng
14678,13830,邛水,Qiongshui
14679,13906,南安,Nan'an
14680,14696,巩州,Gong Zhou
14681,14693,洛阳,Luoyang
14682,400322,山南东道,Shannan dongdao
14683,14694,偃师,Yanshi
14684,400361,黔中道,Qianzhong Dao
14685,400362,黔南道,Qiannan Dao
14686,100353,梁山,Liangshan
14687,14706,阳城,Yangcheng
14688,13920,尤溪,Youxi
14689,13872,怀安,Huai'an
14690,400304,都畿道,Duji Dao
14691,9101,花县,Huaxian
14692,14692,河南,He'nan
14693,400000,唐代节度(地区未详),Tang Military Governors(unlocated)
14694,9209,普宁,Puning
14695,100549,衡阳,Hengyang
14696,9816,醴泉,Liquan
14697,400568,唐代道行军(地区未详),Dao xingjun (location undetermined)
14698,100596,长汀,Changting
14699,13803,梁山,Liangshan
14700,13870,侯官,Houguan
14701,100548,衡山,Hengshan
14702,13871,福清,Fuqing
14703,13051,大历,Dali
14704,100529,茶陵,Chaling
14705,13026,湘乡,Xiangxiang
14706,13068,高亭,Gaoting
14707,13043,弘道,Hongdao
14708,13049,延唐,Yantang
14709,14700,长水,Changshui
14710,30074,武安军节度,Wu'an junjiedu
14711,100597,长沙,Changsha
14712,100436,湘阴,Xiangyin
14713,13019,湘潭,Xiangtan
14714,13032,宁乡,Ningxiang
14715,13030,浏阳,Liuyang
14716,13040,安仁,Anren
14717,100531,莆田,Putian
14718,13876,长乐,Changle
14719,100598,长泰,Changtai
14720,13931,上杭场,Shanghang Chang
14721,13922,顺昌,Shunchang
14722,13907,同安,Tong'an
14723,13921,沙县,Sha Xian
14724,13936,龙溪,Longxi
14725,13050,宁远,Ningyuan
14726,13938,龙岩,Longyan
14727,13869,闽县,Min Xian
14728,100228,晋江,Jinjiang
14729,100141,宁化,Ninghua
14730,100022,仙游,Xianyou
14731,13865,文贵,Wengui
14732,13918,剑浦,Jianpu
14733,100469,益阳,Yiyang
14734,30080,平海军节度,Pinghai junjiedu
14735,10340,贵阳市,Guiyang shi
14736,9578,泌阳,Biyang
14737,10554,水城,Shuicheng
14738,9626,彭泽,Pengze
14739,10551,长顺,Changshun
14740,10482,鳛水,Xishui
14741,10240,郏县,Jia Xian
14742,10655,经棚,Jingpeng
14743,10451,兴义,Xingyi
14744,10549,黔西,Qianxi
14745,10885,务川,Wuchuan
14746,10550,普安,Pu'an
14747,10886,镇远,Zhenyuan
14748,10424,江口,Jiangkou
14749,9477,平江,Pingjiang
14750,10218,广武,Guangwu
14751,10480,道真,Daozhen
14752,10430,望谟,Wangmo
14753,10439,??山,Lushan
14754,9193,始兴,Shixing
14755,10581,金阳设治局,Jinyang shezhi ju
14756,10435,都匀,Duyun
14757,9589,怀化,Huaihua
14758,9436,衡阳市,Hengyang Shi
14759,9592,靖县,Jing Xian
14760,10884,石阡,Shiqian
14761,10518,绥东,Suidong
14762,10513,隆化,Longhua
14763,10656,鲁北,Lubei
14764,10434,平越,Pingyue
14765,10437,毕节,Bijie
14766,10506,清水河,Qingshuihe
14767,10553,兴仁,Xingren
14768,10438,清镇,Qingzhen
14769,10432,普定,Puding
14770,10433,贵定,Guiding
14771,10887,德江,Dejiang
14772,10883,绥阳,Suiyang
14773,10466,田西,Tianxi
14774,10481,仁怀,Renhuai
14775,10441,平坝,Pingba
14776,10428,龙里,Longli
14777,10429,盘县,Panxian
14778,10414,修文,Xiuwen
14779,10431,镇宁,Zhenning
14780,10436,独山,Dushan
14781,10415,黎平,Liping
14782,10587,玉屏,Yuping
14783,10440,麻江,Majiang
14784,10427,锦屏,Jinping
14785,10810,滦平,Luanping
14786,10419,印江,Yinjiang
14787,10418,岑巩,Cengong
14788,10416,开阳,Kaiyang
14789,10425,松桃,Songtao
14790,9498,荆门,Jingmen
14791,9553,保康,Baokang
14792,9512,麻城,Macheng
14793,9560,襄阳,Xiangyang
14794,9503,崇阳,Chongyang
14795,9558,长阳,Changyang
14796,9563,南漳,Nanzhang
14797,9556,宜昌,Yichang
14798,9554,竹山,Zhushan
14799,9497,松滋,Songzi
14800,9552,房县,Fang Xian
14801,9175,徐闻,Xuwen
14802,9561,谷城,Gucheng
14803,9189,连县,Lianxian
14804,9557,宜都,Yidu
14805,9179,开建,Kaijian
14806,9184,陆丰,Lufeng
14807,9186,和平,Heping
14808,9564,光化,Guanghua
14809,9095,云浮,Yunfu
14810,9191,阳山,Yangshan
14811,9505,蒲圻,Puqi
14812,9180,惠阳,Huiyang
14813,10426,榕江,Rongjiang
14814,9205,丰顺,Fengshun
14815,9187,新丰,Xinfeng
14816,9559,远安,Yuan'an
14817,9510,黄安,Huang'an
14818,9501,咸宁,Xianning
14819,9483,应山,Yingshan
14820,10567,从江,Congjiang
14821,9491,沔阳,Mianyang
14822,9183,海丰,Haifeng
14823,9566,大冶,Daye
14824,9182,博罗,Boluo
14825,9485,蕲春,Qichun
14826,9486,黄梅,Huangmei
14827,9487,浠水,Xishui
14828,9488,罗田,Luotian
14829,9489,广济,Guangji
14830,9496,枝江,Zhijiang
14831,9481,云梦,Yunmeng
14832,10347,赤峰,Chifeng
14833,10562,平塘,Pingtang
14834,10545,贞丰,Zhenfeng
14835,10573,台江,Taijiang
14836,10572,雷山,Leishan
14837,9115,鹤山,Heshan
14838,10569,三都,Sandu
14839,9480,应城,Yingcheng
14840,9484,英山,Yingshan
14841,10358,丰宁,Fengning
14842,9181,紫金,Zijin
14843,10359,建平,Jianping
14844,10344,林东,Lindong
14845,10561,平塘,Pingtang
14846,9551,郧西,Yunxi
14847,10341,湄潭,Meitan
14848,9097,梅茂,Meimao
14849,10566,宜北,Yibei
14850,10892,保靖,Baojing
14851,9188,连平,Lianping
14852,9473,沅江,Yuanjiang
14853,9439,耒阳,Leiyang
14854,9430,新宁,Xinning
14855,10894,永顺,Yongshun
14856,9468,零陵,Lingling
14857,9185,河源,Heyuan
14858,9494,潜江,Qianjiang
14859,9495,石首,Shishou
14860,9555,竹谿,Zhuxi
14861,9457,益阳,Yiyang
14862,9440,常宁,Changning
14863,9475,华容,Huarong
14864,9476,临湘,Linxiang
14865,9455,湘乡,Xiangxiang
14866,9472,岳阳,Yueyang
14867,9192,南雄,Nanxiong
14868,9332,眉山,Meishan
14869,9333,彭山,Pengshan
14870,9372,梁山,Liangshan
14871,10633,喜扎嘎尔旗,Xizhagaer qi
14872,9331,井研,Jingyan
14873,10874,盐池,Yanchi
14874,9421,通江,Tongjiang
14875,9344,仪陇,Yilong
14876,9343,蓬安,Peng'an
14877,9342,营山,Yingshan
14878,9350,渠县,Qu Xian
14879,9335,青神,Qingshen
14880,9428,彭水,Pengshui
14881,9341,灌县,Guan Xian
14882,9338,彰明,Zhangming
14883,10716,登柯,Dengke
14884,9339,彭县,Peng Xian
14885,9435,巫溪,Wuxi
14886,9345,大足,Dazu
14887,9431,宣汉,Xuanhan
14888,9334,丹棱,Danleng
14889,9432,开江,Kaijiang
14890,9347,荣昌,Rongchang
14891,9574,枣阳,Zaoyang
14892,10423,铜仁,Tongren
14893,10808,林西,Linxi
14894,10547,大定,Dading
14895,9571,恩始,Enshi
14896,10597,围场,Weichang
14897,9572,建始,Jianshi
14898,9569,巴东,Badong
14899,9567,通山,Tongshan
14900,9565,阳新,Yangxin
14901,9576,京山,Jingshan
14902,10888,思南,Sinan
14903,9568,秭归,Zigui
14904,10348,阜新,Fuxin
14905,10586,剑河,Jianhe
14906,10417,息烽,Xifeng
14907,10420,沿河,Yanhe
14908,10421,施秉,Shibing
14909,10422,三穗,Sansui
14910,10465,凤冈,Fenggang
14911,10546,郎岱,Langdai
14912,10548,织金,Zhijin
14913,10368,瓮安,Wen'gan
14914,10366,威宁,Weining
14915,10809,承德,Chengde
14916,10798,平泉,Pingquan
14917,10799,天山,Tianshan
14918,10452,安龙,Anlong
14919,10367,余庆,Yuqing
14920,16621,富县,Fu Xian
14921,9096,信宜,Xinyi
14922,10889,桐梓,Tongzi
14923,10891,遵义,Zunyi
14924,10806,朝阳,Chaoyang
14925,9427,黔江,Qianjiang
14926,9570,兴山,Xingshan
14927,9549,均县,Junxian
14928,9550,郧县,Yun Xian
14929,9562,自忠,Zizhong
14930,10342,黄平,Huangping
14931,9575,钟祥,Zhongxiang
14932,10890,正安,Zheng'an
14933,9573,随县,Sui Xian
14934,9118,阳春,Yangchun
14935,9197,乳源,Ruyuan
14936,9173,海康,Haikang
14937,9194,曲江,Qujiang
14938,10310,赤水,Chishui
14939,9196,仁化,Renhua
14940,9429,达县,Da Xian
14941,9119,恩平,Enping
14942,9089,化县,Huaxian
14943,9261,兴宁,Xingning
14944,9116,合浦,Hepu
14945,9262,五华,Wuhua
14946,9190,连山,Lianshan
14947,9104,增城,Zengcheng
14948,9155,洛容,Luorong
14949,9136,平乐,Pingle
14950,9098,电白,Dianbai
14951,10315,上思,Shangsi
14952,9174,遂溪,Suixi
14953,9199,英德,Yingde
14954,9090,廉江,Lianjiang
14955,9201,潮安,Chao'an
14956,10316,扶南,Funan
14957,9198,翁源,Wengyuan
14958,9204,汕头市,Shantou shi
14959,9121,高要,Gaoyao
14960,9195,乐昌,Lechang
14961,9114,台山,Taishan
14962,10309,英德,Yingde
14963,9088,新兴,Xinxing
14964,9139,桂林市,Guilin shi
14965,9203,大埔,Dapu
14966,9135,恭城,Gongcheng
14967,9137,桂林市,Guilin shi
14968,9362,南溪,Nanxi
14969,9363,威远,Weiyuan
14970,9364,宜宾,Yibin
14971,9365,庆符,Qingfu
14972,9108,怀集,Huaiji
14973,9358,垫江,Dianjiang
14974,9133,武鸣,Wuming
14975,10571,丹寨,Danzhai
14976,9152,武宣,Wuxuan
14977,9127,天河,Tianhe
14978,9144,修仁,Xiuren
14979,9129,融县,Rongxian
14980,9130,罗城,Luocheng
14981,9131,三江,Sanjiang
14982,10477,龙胜,Longsheng
14983,10822,涿鹿,Zhuolu
14984,9150,象县,Xiangxian
14985,9202,揭阳,Jieyang
14986,9140,义宁,Yining
14987,9142,永福,Yongfu
14988,10824,延庆,Yanqing
14989,9124,河池,Hechi
14990,10476,敬德,Jingde
14991,9126,思恩,Si'en
14992,9420,南江,Nanjiang
14993,9157,上林,Shanglin
14994,9138,兴安,Xing'an
14995,10471,都安,Du'an
14996,10472,隆山,Longshan
14997,10473,那马,Nama
14998,9125,宜山,Yishan
14999,9371,西充,Xichong
15000,9132,南宁市,Nanning shi
15001,9360,铜梁,Tongliang
15002,9145,荔浦,Lipu
15003,9162,钦县,Qinxian
15004,9178,封川,Fengchuan
15005,9260,龙川,Longchuan
15006,9603,宜章,Yizhang
15007,9100,顺德,Shunde
15008,9263,梅县,Meixian
15009,9265,平远,Pingyuan
15010,9264,蕉岭,Jiaoling
15011,9120,高明,Gaoming
15012,9117,阳江,Yangjiang
15013,10818,阳原,Yangyuan
15014,10563,广宁,Guangning
15015,9123,四会,Sihui
15016,9091,吴川,Wuchuan
15017,9122,三水,Sanshui
15018,9163,防城,Fangcheng
15019,10826,龙关,Longguan
15020,9379,安岳,Anyue
15021,9374,纳溪,Naxi
15022,9368,广安,Guang'an
15023,9369,岳池,Yuechi
15024,9370,南充,Nanchong
15025,9388,资中,Zizhong
15026,10835,蔚县,Yu Xian
15027,9382,遂宁,Suining
15028,10827,宣化,Xuanhua
15029,9383,潼南,Tongnan
15030,9384,三台,Santai
15031,9395,江津,Jiangjin
15032,9391,万县,Wanxian
15033,9380,乐至,Lezhi
15034,10825,赤城,Chicheng
15035,9373,泸县,Lu Xian
15036,9353,涪陵,Fuling
15037,10511,沽源,Guyuan
15038,9348,忠县,Zhong Xian
15039,9381,蓬溪,Pengxi
15040,9393,重庆市,Chongqing shi
15041,9387,盐亭,Yanting
15042,9356,隆昌,Longchang
15043,9355,自贡市,Zigong shi
15044,9366,荣县,Rong Xian
15045,9346,永川,Yongchuan
15046,9336,绵阳,Mianyang
15047,9378,南川,Nanchuan
15048,9415,茂县,Mao Xian
15049,9389,资阳,Ziyang
15050,9340,崇宁,Chongning
15051,9349,酆都,Fengdu
15052,10714,白玉,Baiyu
15053,9422,理县,Li Xian
15054,9424,名山,Mingshan
15055,9426,荣经,Yingjing
15056,9418,安县,An Xian
15057,9313,峨眉,Emei
15058,9417,平武,Pingwu
15059,9357,合川,Hechuan
15060,9376,合江,Hejiang
15061,9377,綦江,Qijiang
15062,10769,靖化,Jinghua
15063,9434,城口,Chengkou
15064,9390,内江,Neijiang
15065,10596,康保,Kangbao
15066,10478,百寿,Baishou
15067,10479,靖西,Jingxi
15068,9156,宾阳,Binyang
15069,9128,忻城,Xincheng
15070,9102,广州市,Guangzhou Shi
15071,10589,金积,Jinji
15072,10700,索伦旗,Suolun qi
15073,10595,宝昌,Baochang
15074,10703,陈巴尔旗,Chenbaer qi
15075,9134,昭平,Zhaoping
15076,10474,隆安,Long'an
15077,10443,张垣市,Zhangyuan shi
15078,10819,多伦,Duolun
15079,10813,怀安,Huai'an
15080,10871,宁朔,Ningshuo
15081,10503,惠农,Huinong
15082,10605,磴口,Dengkou
15083,10872,中卫,Zhongwei
15084,9869,同心,Tongxin
15085,10869,灵武,Lingwu
15086,10654,绥宾,Suibin
15087,10475,天峨,Tian'e
15088,9375,江安,Jiang'an
15089,9385,中江,Zhongjiang
15090,9526,巫山,Wushan
15091,10823,怀来,Huailai
15092,9525,奉节,Fengjie
15093,9396,璧山,Bishan
15094,9359,北碚管理局,Beipei guanli ju
15095,7029,布里雅特旗,Buliyate Qi
15096,9410,江油,Jiangyou
15097,9352,大竹,Dazhu
15098,9419,巴中,Bazhong
15099,9386,射洪,Shehong
15100,9394,江北,Jiangbei
15101,9392,云阳,Yunyang
15102,9416,北川,Beichuan
15103,10870,永宁,Yongning
15104,10812,集宁,Jining
15105,9351,邻水,Linshui
15106,9411,剑阁,Jiange
15107,9412,广元,Guangyuan
15108,9413,昭化,Zhaohua
15109,9354,长寿,Changshou
15110,14807,陈州,Chen Zhou
15111,16125,应羁縻州,Ying Jimizhou
15112,16007,道州,Dao Zhou
15113,400418,长沙郡,Changsha Jun
15114,16013,邵州,Shao Zhou
15115,14960,莱州,Lai Zhou
15116,14780,滑州,Hua Zhou
15117,16363,麻羁縻州,Ma Jimizhou
15118,14826,宿州,Su Zhou
15119,16127,黔州,Qianzhou
15120,14982,溵州,Yin
15121,15775,湖州,Hu Zhou
15122,16032,泉州,Quan Zhou
15123,16108,奖州,Jiang Zhou
15124,15883,岳州,Yue Zhou
15125,15851,鄂州,E Zhou
15126,14827,宿州,Su Zhou
15127,16082,播州,Bo Zhou
15128,16164,简州,Jian Zhou
15129,400813,夏州都督府,Xiazhou Dudufu
15130,16371,驯羁縻州,Xun Jimizhou
15131,400814,胜州都督府,Shengzhou Dudufu
15132,16293,遂州,Sui Zhou
15133,400768,泾州总管府,Jingzhou Zongguanfu
15134,16332,泸州,Lu Zhou
15135,16041,汀州,Ting Zhou
15136,16168,资州,Zi Zhou
15137,15872,黄州,Huang Zhou
15138,14765,亳州,Bo Zhou
15139,16016,福州,Fu Zhou
15140,15901,饶州,Rao Zhou
15141,15982,衡州,Heng Zhou
15142,16121,牂州,Zang Zhou
15143,15751,常州,Chang Zhou
15144,400417,巴陵郡,Baling Jun
15145,15528,唐州,Tang Zhou
15146,400059,升州,Sheng Zhou
15147,16102,溪州,Xi Zhou
15148,400382,江华郡,Jianghua Jun
15149,15169,怀州,Huai Zhou
15150,400079,湘南;南湘,Xiangnan; Nanxiang
15151,14815,徐州,Xu Zhou
15152,400078,湖南,Hunan
15153,400405,吴郡,Wu Jun
15154,400395,缙云郡,Jinyun Jun
15155,400368,余姚郡,Yuyao Jun
15156,14948,海州,Hai Zhou
15157,400383,邵阳郡,Shaoyang Jun
15158,400429,豫章郡,Yuzhang Jun
15159,400349,江南西道,Jiangnan dongdao
15160,400071,江东,Jiangdong; Jiangzuo
15161,400393,信安郡,Xinan Jun
15162,400516,鲁国,Lu guo
15163,400294,淮西军节度,Huaixi Jiedu
15164,400357,福建军节度,Fujian junjiedu
15165,15802,婺州,Wu Zhou
15166,16207,茂州,Mao Zhou
15167,400541,楚国,Chuguo
15168,400386,临汀郡,Linting Jun
15169,15858,沔州,Mian Zhou
15170,400411,卢溪郡,Luxi Jun
15171,14719,陕州,Shan Zhou
15172,15782,睦州,Mu Zhou
15173,400425,建安郡,Jianan Jun
15174,15975,潭州,Tan Zhou
15175,16112,升州,Sheng Zhou
15176,15989,彬州,Chen Zhou
15177,16037,漳州,Zhang Zhou
15178,15998,永州,Yong Zhou
15179,15812,衢州,Qu Zhou
15180,16003,连州,Lian Zhou
15181,400350,江南东道,Jiangnan xidao
15182,400431,南康郡,Nankang Jun
15183,15970,池州,Chi Zhou
15184,400376,扶风郡,Fufeng Jun
15185,16150,汉州,Han Zhou
15186,400845,巂州都督府,Xizhou Dudufu
15187,400888,泸川郡都督府,Luchuanjun Dudufu
15188,400891,汉源郡都督府,Hanyuanjun Dudufu
15189,400421,普安郡,Puan Jun
15190,400849,松州都督府,Songzhou Dudufu
15191,400757,剑南军节度,Jiannan jiedu
15192,16345,龙州,Long Zhou
15193,400809,延州都督府,Yanzhou Dudufu
15194,16755,瓜州,Gua Zhou
15195,400470,耀州,Yao Zhou
15196,16129,成都府,Chengdu
15197,400803,庆州总管府,Qingzhou Zongguanfu
15198,400748,巩羁縻州,Gong jimizhou
15199,400369,冯翊郡,Fengyi Jun
15200,16225,悉州,Xi Zhou
15201,16360,盘羁縻州,Pan Jimizhou
15202,400811,原州总督府,Yuanzhou zongdufu
15203,16440,潘州,Pan Zhou
15204,16365,禄羁縻州,Lu Jimizhou
15205,16177,嘉州,Jia Zhou
15206,16369,骋羁縻州,Cheng Jimizhou
15207,400769,灵州总管府,Lingzhou Zongguanfu
15208,16367,汤望羁縻州,Tangwang Jimizhou
15209,16156,邛州,Qiong Zhou
15210,400889,南溪郡都督府,Nanxijun Dudufu
15211,400856,宁州都督府,Ningzhou Dudufu
15212,400410,蜀郡,Shu Jun
15213,16540,党州,Dang Zhou
15214,16545,窦州,Dou Zhou
15215,16444,辨州,Bian Zhou
15216,16509,容州,Rong Zhou
15217,16571,桂州,Gui Zhou
15218,16550,禺州,Yu Zhou
15219,16305,合州,He Zhou
15220,16530,绣州,Xiu Zhou
15221,16233,柘州,Zhe Zhou
15222,400341,太州,Tai zhou
15223,15520,复州,Fu Zhou
15224,15552,兴元府,Xingyuan
15225,15500,襄州,Xiang Zhou
15226,15590,扶州,Fu Zhou
15227,15114,云州,Yun Zhou
15228,16348,昌州,Chang Zhou
15229,15623,蓬州,Peng Zhou
15230,16198,眉州,Mei Zhou
15231,15611,巴州,Ba Zhou
15232,16352,南宁羁縻州,Nanning Jimizhou
15233,16312,普州,Pu Zhou
15234,16319,荣州,Rong Zhou
15235,16326,陵州,Ling Zhou
15236,16284,绵州,Mian Zhou
15237,15537,随州,Sui Zhou
15238,14936,濮州,Pu Zhou
15239,16140,彭州,Peng Zhou
15240,15575,凤州,Feng Zhou
15241,16500,环州,Huan Zhou
15242,16212,翼州,Yi Zhou
15243,16299,渝州,Yu Zhou
15244,15667,果州,Guo Zhou
15245,16275,剑州,Jian Zhou
15246,15524,郢州,Ying Zhou
15247,15551,梁州,Liang Zhou
15248,15637,通州,Tong Zhou
15249,15603,壁州,Bi Zhou
15250,15414,蓟州,Ji Zhou
15251,15579,兴州,Xing Zhou
15252,15583,成州,Cheng Zhou
15253,15542,均州,Jun Zhou
15254,15511,邓州,Deng Zhou
15255,15546,房州,Fang Zhou
15256,15596,集州,Ji Zhou
15257,15566,利州,Li Zhou
15258,15649,开州,Kai Zhou
15259,400083,慎州羁縻州,Shen zhou
15260,400388,楼烦郡,Loufan Jun
15261,400871,范阳郡都督府,Fanyangjun Dudufu
15262,400611,上谷郡,Shanggu
15263,400402,魏郡,Wei Jun
15264,400406,凤翔郡,Fengxiang Jun
15265,400074,关东,Guandong
15266,400401,北平郡,Beiping Jun
15267,400427,河东郡,Hedong Jun
15268,400818,幽州都督府,Youzhou Dudufu
15269,400377,信都郡,Xindu Jun
15270,400375,平原郡,Pingyuan Jun
15271,400409,河闲郡,Hexian Jun
15272,400566,燕蓟,Yan Ji
15273,400387,邺郡,Ye Jun
15274,400432,清河郡,Qinghe Jun
15275,15890,洪州,Hong Zhou
15276,400391,寿春郡,Shouchun Jun
15277,400359,荆州,Jing zhou
15278,15766,杭州,Hang Zhou
15279,15741,润州,Run Zhou
15280,16113,升州,Sheng Zhou
15281,16092,锦州,Jin Zhou
15282,16768,庭州,Ting Zhou
15283,15013,绛州,Jiang Zhou
15284,15472,峡州,Xia Zhou
15285,16098,叙州,Xu Zhou
15286,400820,前营州都督府,Qianyingzhou Dudufu
15287,400036,景州,Jing Zhou
15288,400400,平阳郡,Pingyang Jun
15289,400344,并州,Bing zhou
15290,400424,高平郡,Gaoping Jun
15291,400522,韩州,Han Zhou
15292,16086,辰州,Chen Zhou
15293,400365,河内郡,Henei Jun
15294,15235,贝州,Bei Zhou
15295,400869,上党郡都督府,Shangdangjun Dudufu
15296,400420,宣城郡,Xuancheng Jun
15297,14942,密州,Mi Zhou
15298,400870,雁门郡都督府,Yanmenjun Dudufu
15299,400403,马邑郡,Mayi Jun
15300,15151,洺州,Ming Zhou
15301,15348,沧州,Cang Zhou
15302,400072,江西,Jiangxi; Jiangyou
15303,15420,归顺,Guishun
15304,15861,安州,An Zhou
15305,400399,文城郡,Wencheng Jun
15306,15403,平州,Ping Zhou
15307,15288,赵州,Zhao Zhou
15308,400896,天水郡都督府,Tianshuijun Dudufu
15309,15252,恒州,Heng Zhou
15310,400027,磁州,Ci zhou
15311,16105,施州,Shi Zhou
15312,15360,景州,Jing Zhou
15313,400558,南楚,Nanchu
15314,400894,交川郡都督府,Jiaochuanjun Dudufu
15315,14976,孟州,Meng Zhou
15316,14971,登州,Deng Zhou
15317,400413,宜春郡,Yichun Jun
15318,14965,淄州,Zi Zhou
15319,14775,颖州,Ying Zhou
15320,14845,豪州,Hao Zhou
15321,400419,吴兴郡,Wuxing Jun
15322,14747,汴州,Bian Zhou
15323,400817,代州都督府,Daizhou Dudufu
15324,14754,宋州,Song Zhou
15325,15963,歙州,She Zhou
15326,14928,曹州,Cao Zhou
15327,14892,兖州,Yan Zhou
15328,14914,齐州,Qi Zhou
15329,14866,申州,Shen Zhou
15330,400392,丹阳郡,Danyang Jun
15331,14870,光州,Guang Zhou
15332,15876,蕲州,Qi Zhou
15333,400562,介州,Jie Zhou
15334,15247,澶州,Shan Zhou
15335,15220,博州,Bo Zhou
15336,15229,卫州,Wei Zhou
15337,15362,景州,Jing Zhou
15338,15271,冀州,Ji Zhou
15339,15207,相州,Xiang Zhou
15340,15441,渤海都护府,Bohai Duhufu
15341,400085,应州,Ying zhou
15342,400857,后冀州都督府,Houjizhou Dudufu
15343,400872,柳城郡都督府,Liuchengjun Dudufu
15344,400533,魏贝州,Weibei zhou
15345,15253,镇州,Zhen Zhou
15346,15038,慈州,Ci Zhou
15347,400816,潞州都督府,Luzhou Dudufu
15348,400353,泰州,Tai zhou
15349,400858,营州都督府,Yingzhou Dudufu
15350,400426,广平郡,Guangping Jun
15351,16123,充羁縻州,Chong Jimizhou
15352,400398,汲郡,Ji Jun
15353,15439,松漠都护府,Songmo Duhufu
15354,15336,易州,Yi Zhou
15355,15408,妫州,Gui Zhou
15356,400356,猷州,You zhou
15357,15433,祁州,Qi Zhou
15358,15281,深州,Shen Zhou
15359,15443,黑水都督府,Heishui Dudufu
15360,15298,德州,De Zhou
15361,15438,霫县,Xi
15362,15390,瀛州,Ying Zhou
15363,15440,安东都护府,Andong Duhufu
15364,15411,檀州,Tan Zhou
15365,400378,九原郡,Jiuyuan Jun
15366,400352,陕虢军节度,Shaan Guo  junjiedu
15367,14981,溵州,Yin
15368,14906,青州,Qing Zhou
15369,15943,抚州,Fu Zhou
15370,16079,溱州,Zhen Zhou
15371,15930,袁州,Yuan Zhou
15372,15790,越州,Yue Zhou
15373,16067,费州,Fei Zhou
15374,16026,建州,Jian Zhou
15375,16072,南州,Nan Zhou
15376,15837,台州,Tai Zhou
15377,16057,夷州,Yi Zhou
15378,400366,荥阳郡,Yingyang Jun
15379,400339,单州,Shan zhou
15380,16075,珍州,Zhen Zhou
15381,400367,瑯琊郡,Langya Jun
15382,15908,虔州,Qian Zhou
15383,400380,睢阳郡,Suiyang Jun
15384,14987,济州,Ji Zhou
15385,14730,虢州,Guo Zhou
15386,14877,郓州,Yun Zhou
15387,302209,濯灵守御千户所,Zhuoling shouyu qianhusuo
15388,302210,修文守御千户所,Xiuwen shouyu qianhusuo
15389,400873,鲁郡都督府,Lujun Dudufu
15390,14836,泗州,Si Zhou
15391,15926,江州,Jiang Zhou
15392,400428,永阳郡,Yongyang Jun
15393,400012,宿州,Su Zhou
15394,400561,海隅,Haiyu
15395,15934,信州,Xin Zhou
15396,15118,潞州,Lu Zhou
15397,15177,魏州,Wei Zhou
15398,15656,阆州,Lang Zhou
15399,15089,石州,Shi Zhou
15400,15000,蒲州,Pu Zhou
15401,15111,朔州,Shuo Zhou
15402,15001,河中府,Hezhong Fu
15403,15052,太原,Taiyuan
15404,16752,沙州,Sha Zhou
15405,15683,商州,Shang Zhou
15406,15074,沁州,Qin Zhou
15407,15384,涿州,Zhuo Zhou
15408,16705,兰州,Lan Zhou
15409,400412,陇西郡,Longxi Jun
15410,400279,陇右军节度,Longyou Jiedu
15411,15478,归州,Gui Zhou
15412,400621,淮安郡,Huaian
15413,16712,鄯州,Shan Zhou
15414,15104,蔚州,Yu Zhou
15415,15166,楼烦,Loufan
15416,16727,叠州,Die Zhou
15417,16701,武州,Wu Zhou
15418,16736,临州,Lin Zhou
15419,16739,凉州,Liang Zhou
15420,15084,岚州,Lan Zhou
15421,16716,廓州,Kuo Zhou
15422,15068,汾州,Fen Zhou
15423,15437,室韦都督府,Shiwei Dudufu
15424,15095,忻州,Xin Zhou
15425,15098,代州,Dai Zhou
15426,15131,泽州,Ze Zhou
15427,15078,仪州,Yi Zhou
15428,15045,隰州,Xi Zhou
15429,15165,磁州,Ci Zhou
15430,15079,辽州,Liao Zhou
15431,15489,金州,Jin Zhou
15432,400851,秦州都督府,Qinzhou Dudufu
15433,15429,洹州,Yuan Zhou
15434,15559,洋州,Yang Zhou
15435,15485,万州,Wan Zhou
15436,400471,永和府,Yonghe Fu
15437,15587,文州,Wen Zhou
15438,14954,沂州,Yi Zhou
15439,15028,晋州,Jin Zhou
15440,400394,安康郡,Ankang Jun
15441,400435,荆州郡,Jingzhou Jun
15442,400039,江陵郡,Jiangling jun
15443,400862,鄯州都督府,Shanzhou Dudufu
15444,400397,南阳郡,Nanyang Jun
15445,400415,汉东郡,Handong Jun
15446,15465,忠州,Zhong Zhou
15447,16534,郁林州,Yulin Zhou
15448,400381,竟陵郡,Jingling Jun
15449,15422,崇州,Chong Zhou
15450,400416,河池郡,Hechi Jun
15451,15315,定州,Ding Zhou
15452,400404,襄阳郡,Xiangyang Jun
15453,15418,营州,Ying Zhou
15454,15436,饶乐都督府,Raole Dudufu
15455,15396,莫州,Mo Zhou
15456,15308,棣州,Di Zhou
15457,15460,澧州,Li Zhou
15458,15424,磁州,Ci Zhou
15459,15482,朗州,Lang Zhou
15460,15370,幽州,You Zhou
15461,400347,朱鸢,Zhuyuan
15462,15140,邢州,Xing Zhou
15463,15455,夔州,Kui Zhou
15464,16708,河州,He Zhou
15465,16748,肃州,Su Zhou
15466,16729,芳州,Fang Zhou
15467,15361,景州,Jing Zhou
15468,400863,洮州都督府,Taozhou Dudufu
15469,400612,天水郡,Tianshui
15470,16758,伊州,Yi Zhou
15471,16720,岷州,Min Zhou
15472,16724,洮州,Tao Zhou
15473,400895,西平郡都督府,Xipingjun Dudufu
15474,16762,西州,Xi Zhou
15475,16690,秦州,Qin Zhou
15476,16696,渭州,Wei Zhou
15477,15445,江陵府,Jiangling
15478,16745,甘州,Gan Zhou
15479,15675,渠州,Qu Zhou
15480,16772,安西都护府,Anxi Duhufu
15481,400897,临洮郡都督府,Lintaojun Dudufu
15482,400874,广陵郡都督府,Guanglingjun Dudufu
15483,18943,海口镇,Haikou Zhen
15484,101177,安庆军节度,Anqing Jun
15485,5695,东流蛮夷长官司,Dongliu Manyichangguansi
15486,5696,腊壁峒蛮夷长官司,Labi Manyichangguansi
15487,101153,镇宁军节度,Zhenning Jun
15488,101147,集庆军节度,Jiqing Jun
15489,303585,大鹏守御千户所,Dapeng Shouyuqianhusuo
15490,101175,宁江军节度,Ningjiang Jun
15491,101181,向德军节度,Xiangde Jun
15492,303625,高州守御千户所,Gaozhou Shouyuqianhusuo
15493,303617,平海守御千户所,Pinghai Shouyuqianhusuo
15494,101187,保义军节度,Baoyi Jun
15495,211001,宣政院辖地,Xuanzhengyuan Xiadi
15496,101156,临海军节度,Linhai Jun
15497,101155,兴国军节度,Xingguo Jun
15498,101154,兴宁军节度,Xingning Jun
15499,100449,济阴,Jiyin
15500,13766,桂溪,Guixi
15501,11305,宜城,Yicheng
15502,101158,瀛海军节度,Yinghai Jun
15503,101180,天德军节度,Tiande Jun
15504,5697,忠建宣抚司,Zhongjian xuanfusi
15505,101149,陆海军节度,Luhai Jun
15506,101151,镇洮军节度,Zhentao Jun
15507,101142,顺昌军节度,Shunchang Jun
15508,101189,保庆军节度,Baoqing Jun
15509,101186,保靖军节度,Baojing Jun
15510,101188,保成军节度,Baocheng Jun
15511,11389,渑池,Mianchi
15512,11399,伊阙,Yique
15513,100445,颍阳,Yingyang
15514,11565,夏津,Xiajin
15515,11522,襄城,Xiangcheng
15516,100502,罗山,Luoshan
15517,100034,信阳,Xinyang
15518,100063,南乐,Nanle
15519,12532,全椒,Quanjiao
15520,100227,昭义,Zhaoyi
15521,100640,盐城,Yancheng
15522,12520,宿迁,Suqian
15523,100010,下邳,Xiapei
15524,100444,涟水,Lianshui
15525,100522,兴化,Xinghua
15526,11537,钟山,Zhongshan
15527,100137,密县,Mi Xian
15528,11496,西平,Xiping
15529,11494,确山,Queshan
15530,11493,郎山,Langshan
15531,11523,叶县,Ye Xian
15532,11486,汝阳,Ruyang
15533,11665,蒲台,Putai
15534,100461,王屋,Wangwu
15535,11488,新蔡,Xincai
15536,11401,缑氏,Goushi
15537,100483,福昌,Fuchang
15538,11382,登封,Dengfeng
15539,100409,洛阳,Luoyang
15540,30091,淮康军节度,Huaikang junjiedu
15541,100025,伊阳,Yiyang
15542,100094,寿安,Shouan
15543,12511,泰州海岸海水,Taizhou Coastal Waters
15544,11400,河清,Heqing
15545,100416,海陵,Hailing
15546,12515,临淮,Linhuai
15547,12636,钟离,Zhongli
15548,12523,徐城,Xucheng
15549,12045,升平,Shengping
15550,12633,望江,Wangjiang
15551,12631,桐城,Tongcheng
15552,12047,义川,Yichuan
15553,12048,宜川,Yichuan
15554,100407,泰兴,Taixing
15555,301094,蔚州定安等处,Weizhoudingan dengchu
15556,12043,中部,Zhongbu
15557,301103,伯木古鲁万户,Bomugulu Wanhu
15558,301092,河间临邑等处,Hejianlinyi dengchu
15559,100109,夷陵,Yiling
15560,13213,沅陵,Yuanling
15561,12051,云岩,Yunyan
15562,12099,虢县,Guo Xian
15563,100335,朝城,Chaocheng
15564,30069,保信军节度,Baoxin junjiedu
15565,100026,来安,Laian
15566,12589,合肥,Hefei
15567,12592,舒城,Shucheng
15568,100427,清流,Qingliu
15569,12590,慎县,Shen Xian
15570,12050,汾川,Fenchuan
15571,13214,叙浦,Xupu
15572,100472,盱眙,Xuyi
15573,12044,宜君,Yijun
15574,100188,彭阳,Pengyang
15575,12653,麻城,Macheng
15576,12651,黄冈,Huanggang
15577,100674,定安,Dingan
15578,12652,黄陂,Huangpi
15579,13222,富羁縻州,Fu Jimizhou
15580,11388,新安,Xin'an
15581,11483,河阴,Heyin
15582,100072,南阳,Nanyang
15583,100600,长葛,Changge
15584,11354,比阳,Piyang
15585,11381,巩县,Gong Xian
15586,11391,长水,Changshui
15587,11377,永安,Yong'an
15588,11673,历亭,Liting
15589,100599,长社,Changshe
15590,11299,襄阳,Xiangyang
15591,11489,褒信,Baoxin
15592,11390,永宁,Yongning
15593,100526,舞阳,Wuyang
15594,30031,河阳三城节度,Heyangsancheng Jiedu
15595,100392,汜水,Sishui
15596,11495,真阳,Zhenyang
15597,100610,阳翟,Yangdi
15598,100066,南漳,Nanzhang
15599,11315,淅川,Xichuan
15600,11316,顺阳,Shunyang
15601,100493,竹山,Zhushan
15602,30054,保康军节度,Baokang junjiedu
15603,100204,房陵,Fangling
15604,11341,上庸,Shangyong
15605,11521,梁县,Liang Xian
15606,100583,郧乡,Yunxiang
15607,100581,郾城,Yancheng
15608,11346,丰利,Fengli
15609,100040,光化,Guanghua
15610,11349,京山,Jingshan
15611,11350,富水,Fushui
15612,11348,长寿,Changshou
15613,100221,方城,Fangcheng
15614,11340,永清,Yongqing
15615,11273,鄄城,Juancheng
15616,11569,经城,Jingcheng
15617,11478,河阳,Heyang
15618,23003,兴安南省,Xing'an Nan Sheng
15619,23002,兴安东省,Xing'an Dong Sheng
15620,100402,河南,Henan
15621,11355,桐柏,Tongbai
15622,11352,泌阳,Biyang
15623,11564,宗城,Zongcheng
15624,23004,兴安西省,Xing'an Xi Sheng
15625,11566,清平,Qingping
15626,11562,临清,Linqing
15627,11561,馆陶,Guantao
15628,11560,魏县,Wei Xian
15629,11480,济源,Jiyuan
15630,11487,上蔡,Shangcai
15631,301089,江淮等处,Jianghuai dengchu
15632,100639,鲁山,Lushan
15633,100037,偃师,Yanshi
15634,11171,文登,Wendeng
15635,100556,许田,Xutian
15636,23006,滨江省,Binjiang Sheng
15637,13874,连江,Lianjiang
15638,12824,江南东路,Jiangnandong Lu
15639,23001,龙江省,Longjiang Sheng
15640,23005,兴安北省,Xing'an Bei Sheng
15641,11491,遂平,Suiping
15642,100520,临颍,Linying
15643,12432,淮南路,Huainan Lu
15644,13425,梓州路,Zizhou Lu
15645,11169,黄县,Huang Xian
15646,100112,好畤,Haozhi
15647,100009,下蔡,Xiacai
15648,12110,陇城,Longcheng
15649,12040,丰义,Fengyi
15650,12450,酂县,Zan Xian
15651,12637,定远,Dingyuan
15652,30036,凤翔军节度,Fengxiang junjiedu
15653,12625,含山,Hanshan
15654,100595,长武,Changwu
15655,12509,如皋,Rugao
15656,12123,灵台,Lingtai
15657,12160,平高,Pinggao
15658,30075,雄武军节度,Xiongwu junjiedu
15659,12452,真源,Zhenyuan
15660,12435,江都,Jiangdu
15661,12049,咸宁,Xianning
15662,301043,庆阳宁环等处,Qingyangninghuan dengchu
15663,30082,彰化军节度,Zhanghua junjiedu
15664,12630,怀宁,Huaining
15665,100453,乌江,Wujiang
15666,100111,奉天,Fengtian
15667,12634,太湖,Taihu
15668,18937,两浙东北路,Liangzhe Dongbei Lu
15669,12632,宿松,Susong
15670,12093,天兴,Tianxing
15671,100047,六安,Liuan
15672,12100,麟游,Linyou
15673,12606,盛唐,Shengtang
15674,12604,霍丘,Huoqiu
15675,12605,寿春,Shouchun
15676,12603,安丰,Anfeng
15677,100160,巢县,Chao Xian
15678,100378,永寿,Yongshou
15679,100203,成纪,Chengji
15680,101170,平庐军节度,Pinglu Jun
15681,12112,伏羌城,Fuqiang Cheng
15682,12624,历阳,Liyang
15683,100178,庐江,Lujiang
15684,12113,甘谷城,Gangu Cheng
15685,12111,清水,Qingshui
15686,101172,崇庆军节度,Chongqing Jun
15687,101176,安武军节度,Anwu Jun
15688,301086,灰亦儿等处,Huiyier dengchu
15689,12454,鹿邑,Luyi
15690,301097,檀景等处,Tanjing dengchu
15691,13223,永顺羁縻州,Yongshun Jimizhou
15692,301099,灰亦儿千户所,Huiyier Qianhusuo
15693,301085,朵因温都儿兀良哈,Duoyinwendouerwuliangha qianhusuo
15694,301101,龙州万户府,Longzhou Wanhufu
15695,13185,远安,Yuan'an
15696,301096,常湖等处,Changhu dengchu
15697,13219,高江羁縻州,Gaojiang Jimizhou
15698,13227,溶羁縻州,Rong Jimizhou
15699,13183,宜都,Yidu
15700,301083,哈思罕等处,Hasihan dengchu
15701,13184,长阳,Changyang
15702,12038,真宁,Zhenning
15703,13224,渭羁縻州,Wei Jimizhou
15704,12608,霍山,Huoshan
15705,301082,海西辽东哈思罕等处,Haixiliaodonghasihan dengchu Wanhufu
15706,13631,其章,Qizhang
15707,11321,唐城,Tangcheng
15708,13221,保顺羁縻州,Baoshun Jimizhou
15709,301093,上都大都等处,Shangdoudadou dengchu
15710,13220,顺羁縻州,Shun Jimizhou
15711,301084,肇州等处,Zhaozhou dengchu
15712,13186,巴山,Bashan
15713,13624,恩阳,Enyang
15714,301091,河间沧州等处,Hejiancangzhou dengchu
15715,13632,七盘,Qipan
15716,12451,永城,Yongcheng
15717,13630,始宁,Shining
15718,13629,归仁,Guiren
15719,13628,盘道,Pandao
15720,301098,河东陕西等处,Hedongshanxi dengchu
15721,13226,下溪羁縻州,Xiaxi Jimizhou
15722,13216,卢溪,Luxi
15723,301095,安丰怀远等处,Anfenghuaiyuan dengchu
15724,13622,化城,Huacheng
15725,12457,符离,Fuli
15726,12158,临泾,Linjing
15727,12097,郿县,Mei Xian
15728,100637,高邮,Gaoyou
15729,12096,盩厔,Zhouzhi
15730,30113,淮南军节度,Huangnan junjiedu
15731,12095,扶风,Fufeng
15732,12098,宝鸡,Baoji
15733,100519,临涣,Linhuan
15734,100145,宝应,Baoying
15735,12466,山阳,Shanyang
15736,12474,楚州海岸海水,Chuzhou Coastal Waters
15737,12472,淮阴,Huaiyin
15738,30062,彰义军节度,Zhangyi junjiedu
15739,30032,保静军节度,Baojing junjiedu
15740,12441,广陵,Guangling
15741,12458,蕲县,Qi Xian
15742,100170,平凉,Pingliang
15743,12101,普润,Purun
15744,100543,虹县,Hong Xian
15745,12153,潘原,Panyuan
15746,12449,蒙城,Mengcheng
15747,13217,麻阳,Mayang
15748,12124,良原,Liangyuan
15749,100396,汧阳,Qianyang
15750,12135,陇安,Long'an
15751,12131,汧源,Qianyuan
15752,12134,吴山,Wushan
15753,100028,保定,Baoding
15754,12200,崇信军,Chongxin Jun
15755,303604,连州守御千户所,Lianzhou Shouyuqianhusuo
15756,3793,蒙古,Menggu
15757,4366,大宁卫,Daning Wei
15758,30049,天平军节度,Tianping junjiedu
15759,30056,宁海军节度,Ninghai junjiedu
15760,303605,龙川守御千户所,Longchuan Shouyuqianhusuo
15761,8,吉林省,Jilin Sheng
15762,303628,永安守御千户所,Yongan  Shouyuqianhusuo
15763,303615,海郎守御千户所,Hailang Shouyuqianhusuo
15764,303606,河源守御千户所,Heyuan Shouyuqianhusuo
15765,1,中华人民共和国,People's Republic of China
15766,3797,辽朝,Liao Dynasty
15767,2814,金朝,Jin Dynasty
15768,4329,明朝,Ming Dynasty
15769,100136,宿迁,Suqian
15770,0,[未详],[Unknown]
15771,5318,甘州卫,Ganzhou wei
15772,-1,[信息缺乏],[Missing Data]
15773,30079,振武军节度,Zhenwu junjiedu
15774,11428,临颖,Linying
15775,30116,建州节度,Jianzhou Jiedu
15776,6756,清朝,Qing Dynasty
15777,8506,阳江直隶州直辖地方,Yangjiang Zhilizhou Zhixiadifang
15778,6982,经棚设治局,Jingpeng Shezhiju
15779,303614,香山守御千户所,Xiangshan Shouyuqianhusuo
15780,30105,大同军节度,Datong junjiedu
15781,100153,岑溪,Cenxi
15782,30118,黔州节度,Qinzhou Jiedu
15783,100107,太康,Taikang
15784,30088,静海军节度,Jinghai junjiedu
15785,30087,彰武军节度,Zhangwu junjiedu
15786,10,上海省市,Shanghai Shengshi
15787,11,江苏省,Jiangsu Sheng
15788,21,广西壮自治区,Guangxi Zhuang Zizhiqu
15789,12,浙江省,Zhejiang Sheng
15790,13,安徽省,Anhui Sheng
15791,14,福建省,Fujian Sheng
15792,2,北京省市,Beijing Shengshi
15793,30066,武泰军节度,Wutai junjiedu
15794,100666,扶沟,Fugou
15795,303627,灵山守御千户所,Lingshan Shouyuqianhusuo
15796,100346,柏乡,Baixiang
15797,100438,溱羁縻州,Zhen Jimizhou
15798,303622,双鱼守御千户所,Shuangyu Shouyuqianhusuo
15799,303608,广宁守御千户所,Guangning Shouyuqianhusuo
15800,303609,泷水守御千户所,Longshui Shouyuqianhusuo
15801,303610,封门守御千户所,Fengmen Shouyuqianhusuo
15802,303612,富霖守御千户所,Fulin Shouyuqianhusuo
15803,303616,新宁守御千户所,Xinning Shouyuqianhusuo
15804,303621,宁川守御千户所,Ningchuan Shouyuqianhusuo
15805,303584,东莞守御千户所,Dongguan Shouyuqianhusuo
15806,303624,信宜守御千户所,Xinyi Shouyuqianhusuo
15807,303611,函口守御千户所,Hankou Shouyuqianhusuo
15808,303623,阳春守御千户所,Yangchun Shouyuqianhusuo
15809,303607,长乐守御千户所,Changle Shouyuqianhusuo
15810,303626,钦州守御千户所,Qinzhou Shouyuqianhusuo
15811,302216,把平寨长官司,Bapingzhai zhangguansi
15812,303613,南乡守御千户所,Nanxiang Shouyuqianhusuo
15813,11531,义阳军,Yiyang Jun
15814,11694,平戎军,Pingrong Jun
15815,11680,将陵,Jiangling
15816,11699,德清军,Deqing Jun
15817,11701,保顺军,Baoshun Jun
15818,8869,巴塘土司,Batang Tusi
15819,11669,贝州,Bei Zhou
15820,11308,南漳,Nanzhang
15821,11530,申州,Shen Zhou
15822,11690,Polu Jun,Polu Jun
15823,16128,剑南道,Jiannan Dao
15824,10989,宋朝,Song Dynasty
15825,11403,许州,Xu Zhou
15826,11676,定远军,Dingyuan Jun
15827,11819,隆平,Longping
15828,11698,保定,Baoding
15829,11543,满城,Mancheng
15830,11547,魏州,Wei Zhou
15831,11593,朝城,Chaocheng
15832,13557,富义监,Fuyi Jian
15833,10993,浚仪,Junyi
15834,100175,广济,Guangji
15835,13194,王朝,Wangchao
15836,12645,固始,Gushi
15837,12649,仙居,Xianju
15838,100105,天长,Tianchang
15839,100341,东海,Donghai
15840,100334,朐山,Qushan
15841,100014,干宁镇,Qianning Zhen
15842,13765,垫江,Dianjiang
15843,100541,蕲春,Qichun
15844,100401,沭阳,Shuyang
15845,12644,定城,Dingcheng
15846,13767,酆都,Fengdu
15847,100039,充羁縻州,Chong Jimizhou
15848,100068,南羁縻州,Nan Jimizhou
15849,100604,阜城,Fucheng
15850,100012,乘氏,Chengshi
15851,13893,崇安场,Chong'an Chang
15852,100108,夷羁縻州,Yi Jimizhou
15853,100343,东乡,Dongxiang
15854,100356,枣阳,Zaoyang
15855,100576,邦羁縻州,Bang Jimizhou
15856,13768,南宾,Nanbin
15857,100041,光山,Guangshan
15858,100577,邵武,Shaowu
15859,30093,崇信军节度,Chongxin junjiedu
15860,100486,秬羁縻州,Ju Jimizhou
15861,100565,通明,Tongming
15862,100376,归化,Guihua
15863,302226,陕州守御千户所,Shanzhou shouyu qianhusuo
15864,13890,建阳,Jianyang
15865,13764,临江,Linjiang
15866,13729,邦羁縻州,Bang Jimizhou
15867,100542,蕲水,Qishui
15868,13769,龙渠,Longqu
15869,100059,南平羁縻州,Nanping Jimizhou
15870,13712,信宁,Xinning
15871,100149,将乐,Jiangle
15872,13743,南州羁縻州,Nan Jimizhou
15873,100058,南川,Nanchuan
15874,13892,浦城,Pucheng
15875,13897,松溪,Songxi
15876,13708,彭水,Pengshui
15877,13711,洋水,Yangshui
15878,23007,热河省,Rehe Sheng
15879,100612,随县,Sui Xian
15880,100048,冤句,Yuangou
15881,13709,黔江,Qianjiang
15882,100181,建安,Jianan
15883,11748,沙河,Shahe
15884,11747,邢台,Xingtai
15885,100558,赞皇,Zanhuang
15886,100042,内丘,Neiqiu
15887,14210,归恩羁縻州,Gui'en Jimizhou
15888,14206,思恩,Si'en
15889,14205,环羁縻州,Huan Jimizhou
15890,100171,平乡,Pingxiang
15891,14201,宜山,Yishan
15892,14203,忻城,Xincheng
15893,14211,纡羁縻州,Yu Jimizhou
15894,100070,南华,Nanhua
15895,11746,龙冈,Longgang
15896,100511,临城,Lincheng
15897,11754,内邱,Neiqiu
15898,302246,仪真守御千户所,Yizhen shouyu qianhusuo
15899,14209,芝忻羁縻州,Zhixin Jimizhou
15900,100408,洛漕,Luocao
15901,12078,暖泉寨,Nuanquan Zhai
15902,12073,浮图寨,Futu Zhai
15903,100104,天河,Tianhe
15904,12076,顺安寨,Shun'an Zhai
15905,14207,智羁縻州,Zhi Jimizhou
15906,14072,含光,Hanguang
15907,303619,甲子门守御千户所,Jiazimen Shouyuqianhusuo
15908,14208,河池,Hechi
15909,12077,绥平寨,Suiping Zhai
15910,100213,新宁,Xinning
15911,12075,怀宁寨,Huaining Zhai
15912,14070,滇阳,Zhenyang
15913,12074,克戎寨,Kerong Zhai
15914,100496,米脂寨,Mizhi Zhai
15915,12072,义合寨,Yihe Zhai
15916,12079,开光堡,Kaiguang Bao
15917,100035,修仁,Xiuren
15918,12080,临夏寨,Linxia Zhai
15919,300306,平夷守御千户所,Pingyi shouyu qianhusuo
15920,12081,永宁关,Yongning Guan
15921,12082,白草寨,Baicao Zhai
15922,14071,滇阳,Zhenyang
15923,14200,龙水,Longshui
15924,100381,永宁,Yongning
15925,100507,义宁,Yining
15926,100514,临桂,Lingui
15927,30122,桂州节度,Guizhou Jiedu
15928,100530,荔浦,Lipu
15929,13284,益州路,Yizhou Lu
15930,100433,渭南,Weinan
15931,11559,洹水,Yuanshui
15932,100586,醴泉,Liquan
15933,100403,河东,Hedong
15934,100405,河西,Hexi
15935,11937,平陆,Pinglu
15936,11938,夏县,Xia Xian
15937,13700,夔州路,Kuizhou Lu
15938,12823,江南路,Jiangnan Lu
15939,12433,淮南东路,Huainandong Lu
15940,13866,两浙西南路,Liangzhexi'nan Lu
15941,12907,江南西路,Jiangnanxi Lu
15942,13951,广南路,Guangnan Lu
15943,11143,益都,Yidu
15944,12668,两浙路,Liangzhe Lu
15945,11928,万泉,Wanquan
15946,11939,灵宝,Lingbao
15947,18949,庆成军,Qingcheng Jun
15948,20656,盛京,shengjing
15949,20002,奉天省,Fengtian Sheng
15950,30039,护国军节度,Huguo junjiedu
15951,11930,宝鼎,Baoding
15952,11907,蓝田,Lantian
15953,11927,虞乡,Yuxiang
15954,11926,猗氏,Yishi
15955,11917,干祐,Qianyou
15956,100008,下博,Xiabo
15957,13285,成都府路,Chengdufu Lu
15958,11914,昭应,Zhaoying
15959,99910,华北平原/中原,North China plain
15960,11931,荣河,Ronghe
15961,11911,栎阳,Liyang
15962,14091,广南西路,Guangnanxi Lu
15963,11913,兴平,Xingping
15964,11924,永乐,Yongle
15965,11903,长安,Chang'an
15966,11912,高陵,Gaoling
15967,11906,鄠县,Hu Xian
15968,11929,龙门,Longmen
15969,11940,芮城,Ruicheng
15970,100018,京兆郡,Jingzhao Jun
15971,11925,临晋,Linjin
15972,20675,古城领队大臣,Gucheng Lingduidachen
15973,7599,浙江省,Zhejiang Sheng
15974,20623,阿拉善厄鲁特旗,Alashanelute qi
15975,20673,锡林郭勒盟,sili-yin ghoul ayimagh
15976,11908,咸阳,Xianyang
15977,11140,京东路,Jingdong Lu
15978,11635,堂邑,Tangyi
15979,7850,江西省,Jiangxi Sheng
15980,11675,清阳,Qingyang
15981,100093,寿光,Shouguang
15982,11296,京西南路,Jingxi'nan Lu
15983,11146,临朐,Linqu
15984,8938,陕西省,Shaanxi Sheng
15985,11147,博兴,Boxing
15986,100023,任丘,Renqiu
15987,11026,京畿路,Jingji Lu
15988,11538,河北道,Hebei Dao
15989,100052,北海,Beihai
15990,11295,襄阳府路,Xiangyangfu Lu
15991,11287,京西路,Jingxi Lu
15992,12091,秦凤路,Qinfeng Lu
15993,11371,京西北路,Jingxibei Lu
15994,100388,永清,Yongqing
15995,11648,归信,Guixin
15996,11659,平原,Pingyuan
15997,11661,安陵,Anling
15998,11660,将陵,Jiangling
15999,100206,招安,Zhaoan
16000,11634,高唐,Gaotang
16001,11668,滨州海岸海水,Binzhou Coastal Waters
16002,12393,云中路,Yunzhong Lu
16003,11674,漳南,Zhangnan
16004,11638,厌次,Yanci
16005,11671,清河,Qinghe
16006,11633,聊城,Liaocheng
16007,11692,Polu Jun,Polu Jun
16008,100432,渤海,Bohai
16009,11620,堂阳,Tangyang
16010,11703,河北西路,Hebeixi Lu
16011,11154,安邱,Anqiu
16012,11141,京东东路,Jingdongdong Lu
16013,18945,高阳关路,Gaoyangguan Lu
16014,11857,燕山府路,Yanshanfu Lu
16015,11166,新泰,Xintai
16016,11162,临沂,Linyi
16017,11163,承县,Cheng Xian
16018,13867,福建路,Fujian Lu
16019,12753,两浙东路,Liangzhedong Lu
16020,18936,湖广,Huguang
16021,13952,广南东路,Guangnandong Lu
16022,100634,高密,Gaomi
16023,8660,四川省,Sichuan Sheng
16024,11164,沂水,Yishui
16025,11149,临淄,Linzi
16026,11552,莘县,Shen Xian
16027,11155,莒县,Ju Xian
16028,99901,淮北,Huaibei
16029,11153,胶西,Jiaoxi
16030,11148,千乘,Qiancheng
16031,11203,京东西路,Jingdongxi Lu
16032,11165,费县,Fei Xian
16033,30073,安化军节度,Anhua junjiedu
16034,303323,四川诸道,Sichuan Zhudao
16035,303352,南京京卫,Nanjing Jing Wei
16036,7768,福建省,Fujian Sheng
16037,302007,四川巡抚,Sichuan xunfu
16038,302013,贵州巡抚,Guizhou xunfu
16039,302012,云南巡抚,Yunnan xunfu
16040,303660,霍山,Huoshan
16041,302010,浙江巡抚,Zhejiang xunfu
16042,302009,湖广巡抚,Huguang xunfu
16043,303664,武当山,Wudang Shan
16044,303673,焦山,Jiao Shan
16045,302011,福建巡抚,Fujian xunfu
16046,11898,陕西路,Shaanxi Lu
16047,302035,三边总督,san bian zongdu
16048,303336,山西诸道,Shanxi Zhudao
16049,302003,山西巡抚,Shanxi xunfu
16050,303322,中都诸道,Zhongdu Zhudao
16051,4330,哈密卫,Hami Wei
16052,303327,河南诸道,Henan Zhudao
16053,300506,兴都留守司,Xingdu Liushousi
16054,302038,甘肃巡抚,Gan su xunfu
16055,303321,山东诸道,Shandong Zhudao
16056,302028,松潘巡抚,song pan xunfu
16057,302027,偏沅巡抚,pianyuan xunfu
16058,300501,南直隶,Nan zhili
16059,11343,武当,Wudang
16060,302029,蓟辽总督,jiliao zongdu
16061,5699,忠峒安抚司,Zhongdong Anfusi
16062,303672,淮西,Huaixi
16063,302039,南赣巡抚,Nangan xunfu
16064,302060,广东巡抚,Guangdong xunfu
16065,303668,江南,Jiangnan
16066,303330,浙江诸道,Zhejiang Zhudao
16067,40001,迭剌部,Diela Bu
16068,303334,云南诸道,Yunnan Zhudao
16069,303466,江西都卫,Jiangxi Duwei
16070,302052,河南山东总督,Henan shan dong zongdu
16071,303329,京师诸道,Jingshi Zhudao
16072,303328,广西诸道,GuangxiZhudao
16073,303332,湖广诸道,Huguang Zhudao
16074,303326,江西诸道,Jiangxi Zhudao
16075,303331,陕西诸道,Shanxi Zhudao
16076,302022,昌平都御史,changping duyushi
16077,5700,高罗安抚司,Gaoluo Anfusi
16078,25999,宋代封国封郡,Song Enfoeffment Placenames
16079,13098,荆湖北路,Jinghu bei Lu
16080,100364,武功,Wugong
16081,11900,回乐,Huile
16082,11910,泾阳,Jingyang
16083,99908,山东,Shandong
16084,18946,真定府路,Zhendingfu Lu
16085,99907,广南,Guangnan region
16086,101161,永兴军节度,Yongxing Jun
16087,11915,临潼,Lintong
16088,11152,诸城,Zhucheng
16089,30126,宋代节度(地区未详),Song Military Governors(unlocated)
16090,14458,西夏,XiXia
16091,99909,燕,Yan
16092,14480,Aboriginal Tribal Lands,Aboriginal Tribal Lands
16093,101193,北海军,Beihai jun
16094,99903,梓夔路,Zi-Kui Lu
16095,12669,两浙西路,Liangzhexi Lu
16096,13426,潼川府路,Tongchuanfu Lu
16097,30103,镇潼军节度,Zhentong junjiedu
16098,14431,大理,Dali
16099,18947,定州路,Dingzhou Lu
16100,12214,河东路,Hedong Lu
16101,99906,江南,Jiangnan
16102,99905,两淮路,Lianghuai Lu
16103,100110,奉先,Fengxian
16104,11901,永兴路,Yongxing Lu
16105,303335,福建诸道,Fujian Zhudao
16106,13015,荆湖南路,Jinghu nan Lu
16107,18933,峡路,Xia Lu
16108,13014,荆湖路,Jinghu Lu
16109,13576,利州路,Lizhou Lu
16110,100643,鼓城,Gucheng
16111,13283,西川路,Xichuan Lu
16112,18935,四川,Sichuan
16113,11546,河北东路,Hebeidong Lu
16114,99904,灵环路,Linghuan Lu
16115,302064,河南湖广总督,henan huguang zongdu
16116,302058,九江总督,Jiujiang zongdu
16117,302050,荆襄总督,Jingxiang zongdu
16118,302115,亲军指挥使司,Qinjun zhihuishisi
16119,303671,密县,Mi Xian
16120,302056,浙直总督,Zhezhi zongdu
16121,303644,鄱阳湖,Poyang Hu
16122,302057,河南山陕川湖总督,Henan shan shan chuan hu zongdu
16123,303636,南赣汀漳巡抚,Nangantingzhang Xunfu
16124,302005,河南巡抚,Henan xunfu
16125,300490,北直隶,Bei zhili
16126,302016,辽东巡抚,liaodong xunfu
16127,303333,贵州诸道,Guizhou Zhudao
16128,302004,山东巡抚,Shandong xunfu
16129,11170,牟平,Mouping
16130,303657,胶山,Jiao Shan
16131,40095,乌古迪烈部,Wugudilie Bu
16132,302008,江西巡抚,Jiangxi xunfu
16133,100585,郑县,Zheng Xian
16134,13937,漳浦,Zhangpu
16135,11578,观城,Guancheng
16136,100425,清池,Qingchi
16137,11563,永济,Yongji
16138,11551,元城,Yuancheng
16139,11568,冠氏,Guanshi
16140,100555,观城,Guancheng
16141,100546,卫南,Weinan
16142,100119,安德,Ande
16143,11574,濮阳,Puyang
16144,11615,新河,Xinhe
16145,100074,博平,Boping
16146,11584,清丰,Qingfeng
16147,13135,永安,Yong'an
16148,30094,横海军节度,Henghai junjiedu
16149,100067,南皮,Nanpi
16150,100516,临河,Linhe
16151,11935,陜县,Shan Xian
16152,100631,顿丘,Dunqiu
16153,6556,瓦甸安抚司,Wadian Anfusi
16154,30023,静难军节度,Jingnan junjiedu
16155,100124,定平,Dingping
16156,11998,洛交,Luojiao
16157,12001,直罗,Zhiluo
16158,12000,鄜城,Fucheng
16159,11600,盐山,Yanshan
16160,30053,保大军节度,Baoda junjiedu
16161,12004,解县,Jie Xian
16162,6555,杨塘安抚司,Yangtang Anfusi
16163,12005,闻喜,Wenxi
16164,11989,新平,Xinping
16165,11977,华阴,Huayin
16166,6553,施甸长官司,Shidian Zhangguansi
16167,20001,吉林省,Jilin Sheng
16168,11672,武城,Wucheng
16169,11618,武邑,Wuyi
16170,100150,将陵,Jiangling
16171,11640,阳信,Yangxin
16172,11654,大城,Dacheng
16173,11645,长丰,Changfeng
16174,11644,莫县,Mo Xian
16175,11658,德平,Deping
16176,11647,雄州,Xiong Zhou
16177,11612,蓨县,Xiu Xian
16178,100209,文安,Wenan
16179,11636,博平,Boping
16180,11639,商河,Shanghe
16181,11986,美原,Meiyuan
16182,100479,硖石,Xiashi
16183,30096,镇国军节度,Zhenguo junjiedu
16184,30071,镇国军节度,Zhenguo junjiedu
16185,100135,容城,Rongcheng
16186,11604,饶安,Rao'an
16187,11783,平恩,Ping'en
16188,11786,曲周,Quzhou
16189,8914,云南省,Yunnan Sheng
16190,100355,枣强,Zaoqiang
16191,11702,保顺军,Baoshun Jun
16192,11599,无棣,Wudi
16193,11605,长芦,Changlu
16194,11601,乐陵,Leling
16195,12002,三川,Sanchuan
16196,11619,衡水,Hengshui
16197,100033,信都,Xindu
16198,101185,保顺军节度,Baoshun Jun
16199,100057,南宫,Nangong
16200,11606,临津,Linjin
16201,6550,潞江安抚司,Lujiang Anfusi
16202,11984,云阳,Yunyang
16203,6552,凤溪长官司,Fengxi Zhangguansi
16204,11967,夏阳,Xiayang
16205,100435,湖城,Hucheng
16206,100195,感义军节度,Ganyi junjiedu
16207,100336,朱阳,Zhuyang
16208,12006,安邑,Anyi
16209,12027,玉城,Yucheng
16210,12031,洛南,Luonan
16211,12018,虢略,Guolue
16212,11982,富平,Fuping
16213,13873,长溪,Changxi
16214,11985,同官,Tongguan
16215,11983,三原,Sanyuan
16216,11991,三水,Sanshui
16217,12030,商洛,Shangluo
16218,23050,交趾布政司,Jiaozhi buzhengsi
16219,12032,丰阳,Fengyang
16220,100193,感德军节度,Gande junjiedu
16221,100471,卢氏,Lushi
16222,11966,郃阳,Heyang
16223,30034,定国军节度,Dingguo junjiedu
16224,100536,蒲城,Pucheng
16225,11968,白水,Baishui
16226,6551,永平,Yongping
16227,20003,新疆省,Xinjiang Sheng
16228,11981,华原,Huayuan
16229,21009,清朝诸道(地区未详),Qing dynasty circuits(location undertain)
16230,20678,车臣汗部,Chechen Hanbu
16231,12029,上洛,Shangluo
16232,20049,八旗,Eight Banners
16233,11999,洛川,Luochuan
16234,20006,西藏地方,Xizang Difang
16235,20668,科布多,Kebuduo
16236,20004,内蒙古地方,Neimenggu Difang
16237,20665,土谢图汗部,Tuxietu Hanbu
16238,20677,伊克昭盟,Yeke-juu Ayimagh
16239,100419,深泽,Shenze
16240,11800,釜阳,Fuyang
16241,11803,昭义,Zhaoyi
16242,20674,乌兰察布盟,Ulaghanchab ayimagh
16243,12017,常农,Changnong
16244,100603,阌乡,Wenxiang
16245,20005,青海地方,Qinghai Difang
16246,11975,下邽,Xiagui
16247,11963,冯翊,Fengyi
16248,8509,广西省,Guangxi Sheng
16249,11965,朝邑,Chaoyi
16250,30120,陕州节度,Shanzhou Jiedu
16251,20676,三音诺颜部,Sayin-noyan
16252,30037,保平军节度,Baoping junjiedu
16253,11964,澄城,Chengcheng
16254,11990,宜禄,Yilu
16255,6554,镇道安抚司,Zhendao Anfusi
16256,11969,韩城,Hancheng
16257,20000,黑龙江省,Helongjiang Sheng
16258,20309,淮南,Huainan
16259,20672,唐努乌梁海,Tagna Urianhai
16260,100605,陕县,Shan Xian
16261,13778,新浦,Xinpu
16262,16373,岭南道,Lingnan Dao
16263,13775,开江,Kaijiang
16264,220005,湖南行中书省,Hunan xingzhongshusheng
16265,400560,北方,Beifang
16266,16774,剑南诸部,Jiannan Tribes
16267,15168,河北道,Hebei Dao
16268,14792,原武,Yuanwu
16269,13787,温山,Wenshan
16270,100375,武龙,Wulong
16271,14999,河东道,Hedong Dao
16272,15740,江南道,Jiangnan Dao
16273,13761,建始,Jianshi
16274,400538,北芒山,Beimangshan
16275,18919,北庭,Beiting
16276,13780,涪陵,Fuling
16277,13792,江津,Jiangjin
16278,400523,淮海,Huaihai
16279,13793,壁山,Bishan
16280,13794,万寿,Wanshou
16281,13795,南平,Nanping
16282,16775,吐蕃诸部,Tufan Tribes
16283,14742,鲁山,Lushan
16284,400473,唐代郡,Tang Commanderies
16285,16689,陇右道,Longyou Dao
16286,400316,岭南西道,Lingnan xidao
16287,13781,乐温,Lewen
16288,14489,关内道,Guannei Dao
16289,13785,宾化,Binhua
16290,13772,武宁,Wuning
16291,14690,河南道,He'nan Dao
16292,14717,河清,Heqing
16293,13771,南浦,Nanpu
16294,30047,威武军节度,Weiwu junjiedu
16295,13908,惠安,Hui'an
16296,13883,宁德,Ningde
16297,18233,江浙行中书省,Jiangzhe Xingzhongshusheng
16298,14794,新郑,Xinzheng
16299,13910,清溪,Qingxi
16300,14746,龙兴,Longxing
16301,14741,临汝,Linru
16302,14716,济源,Jiyuan
16303,14743,叶县,Ye Xian
16304,14744,襄城,Xiangcheng
16305,14745,郏城,Jiacheng
16306,14707,登封,Dengfeng
16307,14795,中牟,Zhongmou
16308,400535,伊川,Yichuan
16309,14712,新安,Xin'an
16310,220043,云南诸路行御史台,Yunnan zhudao xing yushitai
16311,101139,清江郡,Qingjiang jun
16312,13791,巴县,Ba Xian
16313,400548,嵩山,Songshan
16314,13776,万岁,Wansui
16315,13879,闽清,Minqing
16316,400318,岭南东道,Lingnan dongdao
16317,13912,德化,Dehua
16318,14711,永宁,Yongning
16319,15690,淮南道,Huainan Dao
16320,14713,陆浑,Luhun
16321,14714,河阳,Heyang
16322,14715,温县,Wen Xian
16323,400554,巩洛,Gong Luo
16324,13875,古田,Gutian
16325,13747,通川,Tongchuan
16326,13909,永春,Yongchun
16327,14710,渑池,Mianchi
16328,301105,雅州,Ya zhou
16329,13134,蒲圻,Puqi
16330,17788,四川行中书省,Sichuan Xingzhongshusheng
16331,30029,安德军节度,Ande junjiedu
16332,100207,招谕,Zhaoyu
16333,301087,干盘等处,Ganpan dengchu
16334,301100,哈剌火州总管府,Qara Qojo Zongguanfu
16335,301035,荆襄等处,Jingxiang dengchu
16336,13625,曾口,Zengkou
16337,220044,陕西诸道行御史台,Shanxi zhudao xing yushitai
16338,301104,布让,Burang
16339,13140,永兴,Yongxing
16340,13666,通平,Tongping
16341,301071,兴中州等处,Xingzhongzhou dengchu
16342,220047,福信,Fuxin
16343,13663,大牟,Damou
16344,220049,山南,Shannan
16345,13141,大冶,Daye
16346,100470,监利,Jianli
16347,220042,江南诸道行御史台,Jiangnan zhudao xing yushitai
16348,100344,松滋,Songzi
16349,13225,保静羁縻州,Baojing Jimizhou
16350,12587,淮南西路,Huainanxi Lu
16351,301076,凡山宛平等处,Fanshanwanping dengchu
16352,18921,哈剌火州,Halahuozhou
16353,220010,燕京行中书省,Yanjing xingzhongshusheng
16354,220011,两浙行中书省,Liangzhe xingzhongshusheng
16355,13139,嘉鱼,Jiayu
16356,13177,安乡,Anxiang
16357,220045,御史台,Yushitai
16358,13105,潜江,Qianjiang
16359,17615,陕西行中书省,Shaanxi Xingzhongshusheng
16360,220048,天水,Tianshui
16361,100045,公安,Gongan
16362,13173,桥江,Qiaojiang
16363,220012,江西行中书省,Jiangxi xingzhongshusheng
16364,211035,贵赤,Guichi
16365,13119,长林,Changlin
16366,14709,寿安,Shouan
16367,16777,中书省,Zhongshu Sheng
16368,211018,别失八里宣慰司,Bieshibali xuanweisi
16369,301072,怀孟河南等路,Huaimenghenan denglu
16370,211055,江南,Jiangnan
16371,220007,江淮行中书省,Jianghuai xingzhongshusheng
16372,301090,黄池,Huangchi
16373,301070,宣德隆兴等处,Xuandelongxing dengchu
16374,301081,大都河间等路,Dadouhejian denglu
16375,220028,河西田地,Tangghut-un ghajar
16376,100374,武陵,Wuling
16377,301073,辽河等处,Liaohe dengchu
16378,301078,六盘山等处,Liupanshan dengchu
16379,13179,慈利,Cili
16380,301079,归德亳州等处,Guidebozhou dengchu
16381,13166,桃源,Taoyuan
16382,100635,高苑,Gaoyuan
16383,11490,平舆,Pingyu
16384,11173,掖县,Ye Xian
16385,11174,莱阳,Laiyang
16386,11175,胶水,Jiaoshui
16387,11183,长山,Changshan
16388,11270,成武,Chengwu
16389,11184,邹平,Zouping
16390,11275,临濮,Linpu
16391,11246,滕县,Teng Xian
16392,12447,谯县,Qiao Xian
16393,11176,即墨,Jimo
16394,11182,淄川,Zichuan
16395,14702,河阴,Heyin
16396,13594,裔山,Yishan
16397,11168,蓬莱,Penglai
16398,13592,益昌,Yichang
16399,30040,山南西道节度,Shannanxidao Jiedu
16400,11214,宋城,Songcheng
16401,11268,单父,Shanfu
16402,11276,范县,Fan Xian
16403,11247,丰县,Feng Xian
16404,11309,乐乡,Lexiang
16405,11314,内乡,Neixiang
16406,11301,邓城,Dengcheng
16407,11311,穰县,Rang Xian
16408,100490,谷城,Gucheng
16409,30012,武宁军节度,Wuning junjiedu
16410,11274,雷泽,Leize
16411,12037,襄乐,Xiangle
16412,12448,城父,Chengfu
16413,11223,虞城,Yucheng
16414,11245,萧县,Xiao Xian
16415,100652,龙兴,Longxing
16416,11479,温县,Wen Xian
16417,11492,新息,Xinxi
16418,11263,巨野,Juye
16419,11353,湖阳,Huyang
16420,11271,鱼台,Yutai
16421,11269,砀山,Dangshan
16422,13601,阆中,Langzhong
16423,11243,彭城,Pengcheng
16424,11221,谷熟,Gushu
16425,11266,郓城,Yuncheng
16426,11222,下邑,Xiayi
16427,11265,金乡,Jinxiang
16428,11264,任城,Rencheng
16429,30106,武当军节度,Wudang junjiedu
16430,11244,沛县,Pei Xian
16431,13468,银山,Yinshan
16432,13607,西水,Xishui
16433,13322,唐昌,Tangchang
16434,13605,奉国,Fengguo
16435,13528,开边,Kaibian
16436,13477,崇龛,Chongkan
16437,13603,南部,Nanbu
16438,13760,清江,Qingjiang
16439,15444,山南道,Shannan Dao
16440,13755,宣汉,Xuanhan
16441,220027,蛮子田地,Manzi-yin ghajar
16442,13606,新政,Xinzheng
16443,14791,荣泽,Rongze
16444,301102,积石州,Jishi Zhou
16445,400342,始州,Shi zhou
16446,13602,苍溪,Cangxi
16447,30078,武康军节度,Wukang junjiedu
16448,13604,新井,Xinjing
16449,101165,武定军节度,Wuding Jun
16450,14740,梁县,Liang Xian
16451,13609,晋安,Jin'an
16452,13403,始建,Shijian
16453,9072,台湾省,Taiwan Sheng
16454,11804,昭德,Zhaode
16455,11556,内黄,Neihuang
16456,11794,安平,Anping
16457,7385,山西省,Shanxi Sheng
16458,100545,行唐,Xingtang
16459,100219,新乡,Xinxiang
16460,13176,澧阳,Liyang
16461,11775,共城,Gongcheng
16462,11792,静安,Jing'an
16463,100613,鸡泽,Jize
16464,9043,甘肃省,Gansu Sheng
16465,100331,曲周,Quzhou
16466,11781,永年,Yongnian
16467,18944,大名府路,Damingfu Lu
16468,7512,江苏省,Jiangsu Sheng
16469,11725,安阳,Anyang
16470,4327,倒塌岭节度使司,Daotaling Jiedushisi
16471,11726,荡阴,Tangyin
16472,11802,武安,Wu'an
16473,7237,直隶省,Zhili Sheng
16474,100036,修武,Xiuwu
16475,30002,成德军节度,Chengde junjiedu
16476,8876,贵州省,Guizhou Sheng
16477,100620,灵寿,Lingshou
16478,11796,武强,Wuqiang
16479,302265,广东都卫,Guangdong duwei
16480,303651,少华山,Shaohua Shan
16481,302054,保定总督,Baoding zongdu
16482,302061,湖广总制,Huguang zongzhi
16483,303652,广洋湖,Guangyang Hu
16484,11707,栾城,Luancheng
16485,302063,两畿山东河南提督,Liangji shandong henan tidu
16486,302087,右军都督府,Youjun Dudufu
16487,302033,宣大总督,xuan da zongdu
16488,302088,中军都督府,Zhongjun Dudufu
16489,11788,临洺,Linming
16490,8384,广东省,Guangdong Sheng
16491,11721,石邑,Shiyi
16492,11708,元氏,Yuanshi
16493,11705,真定,Zhending
16494,11706,槁城,Gaocheng
16495,11722,九门,Jiumen
16496,100337,束鹿,Shulu
16497,11728,林虑,Linlu
16498,11798,陆泽,Luze
16499,8204,湖北省,Hubei Sheng
16500,11795,饶阳,Raoyang
16501,7948,山东省,Shandong Sheng
16502,8287,湖南省,Hu'nan Sheng
16503,8072,河南省,He'nan Sheng
16504,302131,大同都卫,Datong duwei
16505,40007,六院部,Liuyuan Bu
16506,302059,凤阳总督,Fengyang zongdu
16507,302190,广西都卫,Guangxi duwei
16508,303543,诸南京留守军卫、所、监、院,Zhunanjing Liushoujunwei、Suo、Jian、Yuan
16509,40083,敌烈部,Dilie Bu
16510,5972,朵甘都司,Duogan Dusi
16511,40000,遥辇,Yao Nian
16512,40002,五院部,Wuyuan Bu
16513,303445,诸北京留守军卫、千户所、院,Zhubeijingliushoujunwei、Qianhusuo、Yuan
16514,40093,奚六部,Xiliu Bu
16515,302018,山永巡抚,shanyong xunfu
16516,40012,乙室部,Yishi Bu
16517,303658,舟山群岛,Zhoushan Qundao
16518,302006,陕西巡抚,Shanxi xunfu
16519,302001,四川总督,Sichuan zongdu
16520,302019,密云巡抚,Miyun xunfu
16521,302219,河南都卫,Henan duwei
16522,5974,乌思藏都司,Wusizang Dusi
16523,302002,贵州总督,Guizhou zongdu
16524,303324,辽东诸道,Liaodong Zhudao
16525,100459,获鹿,Huolu
16526,100168,平山,Pingshan
16527,100458,获嘉,Huojia
16528,11700,德清军,Deqing Jun
16529,100397,汲县,Ji Xian
16530,100373,武陟,Wuzhi
16531,30000,彰德军节度,Zhangde junjiedu
16532,11801,邯郸,Handan
16533,100016,井陉,Jingxing
16534,11763,武德,Wude
16535,40082,乌古部,Wugu Bu
16536,302014,北直隶巡抚,bei zhili xunfu
16537,302021,通州都御史,tongzhou duyushi
16538,302023,易州都御史,yizhou duyushi
16539,11762,河内,Henei
16540,302015,顺天巡抚,shuntian xunfu
16541,7693,安徽省,Anhui Sheng
16542,11731,邺县,Ye Xian
16543,11730,永和,Yonghe
16544,11727,临漳,Linzhang
16545,11729,永定,Yongding
16546,220030,畏兀儿天地,Uighur-un ghajar
16547,220026,汉儿田地,Jaqut-un ghajar
16548,220002,福建行中书省,Fujian Xingzhongshusheng
16549,220001,东京行中书省,Dongjing xingzhongshusheng
16550,211134,山北,Shanbei
16551,100088,咸宁,Xianning
16552,100151,导江,Daojiang
16553,13545,渠江,Qujiang
16554,13529,归顺,Guishun
16555,220006,淮南行中书省,Huainan xingzhongshusheng
16556,302043,山西河南巡抚,shanxi henan xunfu
16557,220029,哈剌章田地,Qarajang-un ghajar
16558,13125,临江,Linjiang
16559,13124,江夏,Jiangxia
16560,220009,缅中行中书省,Mianzhong xingzhongshusheng
16561,30104,武昌军节度,Wuchang Jun
16562,220008,辽东行中书省,Liaodong xingzhongshusheng
16563,100157,崇阳,Chongyang
16564,13524,义宾,Yibin
16565,13518,和义,Heyi
16566,400848,南会州都督府,Nanhuizhou Dudufu
16567,13178,石门,Shimen
16568,211050,江北,Jiangbei
16569,13649,宕渠,Dangqu
16570,13304,通义,Tongyi
16571,13469,月山,Yueshan
16572,211049,江东,Jiangdong
16573,13503,石镜,Shijing
16574,13933,武平场,Wuping Chang
16575,13422,春祺,Chunqi
16576,13424,嘉会,Jiahui
16577,13471,清溪,Qingxi
16578,302090,左军都督府,Zuojun Dudufu
16579,302062,江西总制,Jiangxi zongzhi
16580,302048,四川贵州总督,sichuan gui zhou zongdu
16581,302047,云南总督,yunnan zongdu
16582,302044,承天巡抚,cheng tian xunfu
16583,302053,辽东宁远总督,Liaodong ningyuan zongdu
16584,302046,南畿浙西巡抚,Nanji zhexi xunfu
16585,302051,云贵川巡抚,Yungui chuan xunfu
16586,302103,燕山都卫,Yanshan Duwei
16587,302040,两广巡抚,liangguang xunfu
16588,302042,广西巡抚,guang xi xunfu
16589,3897,东京道,Dongjing Dao
16590,40092,奚迭剌部,Xidiela Bu
16591,302280,杭州都卫,Hangzhou Duwei
16592,302086,后军都督府,Houjun Dudufu
16593,302085,太原都卫,Taiyuan duwei
16594,302065,宣大巡抚,Xuanda xunfu
16595,302055,宣大山西总督,Xuanda shanxi zongdu
16596,4259,西京道,Xijing Dao
16597,302049,湖广贵州四川总督,Huguang guizhou sichuan zongdu
16598,4551,中都留守司,Zhongdu Liushousi
16599,302095,西安都卫,Xi'an duwei
16600,13470,丹山,Danshan
16601,13445,方义,Fangyi
16602,11782,肥乡,Feixiang
16603,302045,山东淮扬巡抚,shan dong huai yang xunfu
16604,4126,中京道,Zhongjing Dao
16605,302041,两广总督,liangguang zongdu
16606,4205,南京道,Nanjing Dao
16607,302172,成都都卫,Chengdu duwei
16608,302089,前军都督府,Qianjun Dudufu
16609,12198,震武军,Zhenwu Jun
16610,12208,会州,Hui Zhou
16611,100081,吉乡,Jixiang
16612,100159,岚谷,Langu
16613,12209,敷川,Fuchuan
16614,12404,神武,Shenwu
16615,12213,西安州,Xi'an Zhou
16616,12114,堡川城,Baochuan Cheng
16617,100627,静乐,Jingle
16618,12211,怀德军,Huaide Jun
16619,12373,乡宁,Xiangning
16620,12243,铜鞮,Tongdi
16621,12233,屯留,Tunliu
16622,100087,和顺,Heshun
16623,12316,天池,Tianchi
16624,100398,沁源,Qinyuan
16625,12317,元池,Yuanchi
16626,12406,金城,Jincheng
16627,12237,黎城,Licheng
16628,12408,河阴,Heyin
16629,12407,浑源,Hunyuan
16630,100574,辽山,Liaoshan
16631,12240,长子,Zhangzi
16632,100500,绵上,Mianshang
16633,100167,平城,Pingcheng
16634,12374,文城,Wencheng
16635,100358,榆社,Yushe
16636,12232,上党,Shangdang
16637,12239,壶关,Huguan
16638,100372,武乡,Wuxiang
16639,12359,岢岚军,Kelan Jun
16640,30068,昭德军节度,Zhaode junjiedu
16641,12322,楼烦,Loufan
16642,12325,宁化,Ninghua
16643,12421,矾山,Fanshan
16644,12309,陵川,Lingchuan
16645,30022,向德军节度,Xiangde junjiedu
16646,12146,岷州,Min Zhou
16647,12299,介休,Jiexiu
16648,12166,河州,He Zhou
16649,100621,灵石,Lingshi
16650,100457,狄道,Didao
16651,30111,平凉军节度,Pingliang junjiedu
16652,12189,洮州,Tao Zhou
16653,12225,文水,Wenshui
16654,12307,阳城,Yangcheng
16655,100485,秀容,Xiurong
16656,100115,孝义,Xiaoyi
16657,12306,高平,Gaoping
16658,12310,沁水,Qinshui
16659,12305,晋城,Jincheng
16660,12319,宜芳,Yifang
16661,11936,陜县,Shan Xian
16662,12412,马邑,Mayi
16663,12367,定羌军,Dingqiang Jun
16664,12298,平遥,Pingyao
16665,12226,祁县,Qi Xian
16666,12425,归化州,Guihua Zhou
16667,12403,武州,Wu Zhou
16668,12284,隰川,Xichuan
16669,12287,大宁,Daning
16670,100127,定襄,Dingxiang
16671,30092,永安军节度,Yong'an junjiedu
16672,12344,丰州,Feng Zhou
16673,12222,寿阳,Shouyang
16674,12264,新秦,Xinqin
16675,100517,临泉,Linquan
16676,100126,定胡,Dinghu
16677,12389,静乐军,Jingle Jun
16678,12376,平晋军,Pingjin Jun
16679,12353,平定,Pingding
16680,12289,永和,Yonghe
16681,12400,怀仁,Huairen
16682,12399,奉义,Fengyi
16683,12411,宁远,Ningyuan
16684,12397,天成,Tiancheng
16685,12396,云中,Yunzhong
16686,12395,大同,Datong
16687,12272,翼城,Yicheng
16688,12410,鄯阳,Shanyang
16689,12285,温泉,Wenquan
16690,100173,府谷,Fugu
16691,12278,鴈门,Yanmen
16692,12282,唐林,Tanglin
16693,12280,五台,Wutai
16694,12401,怀安,Huai'an
16695,12428,儒州,Ru Zhou
16696,12398,长青,Changqing
16697,12422,龙门,Longmen
16698,12431,怀来,Huailai
16699,12429,缙山,Jinshan
16700,100446,潞城,Lucheng
16701,100418,涉县,She Xian
16702,12234,襄垣,Xiangyuan
16703,100489,稷山,Jishan
16704,12426,文德,Wende
16705,12362,宁化军,Ninghua Jun
16706,12297,西河,Xihe
16707,12227,清源,Qingyuan
16708,12288,石楼,Shilou
16709,12265,银城,Yincheng
16710,12364,火山军,Huoshan Jun
16711,30004,建宁军节度,Jianning junjiedu
16712,12217,阳曲,Yangqu
16713,12387,庆祚军,Qingzuo Jun
16714,12223,盂县,Yu Xian
16715,12352,平定军,Pingding Jun
16716,12328,平夷,Pingyi
16717,12174,德顺军,Deshun Jun
16718,100106,太平,Taiping
16719,12268,正平,Zhengping
16720,12266,连谷,Liangu
16721,12286,蒲县,Pu Xian
16722,12308,端氏,Duanshi
16723,12269,曲沃,Quwo
16724,12327,离石,Lishi
16725,12279,崞县,Guo Xian
16726,12221,榆次,Yuci
16727,12333,方山,Fangshan
16728,12276,垣曲,Yuanqu
16729,12275,绛县,Jiang Xian
16730,12281,繁畤,Fanshi
16731,30005,镇西军节度,Zhenxi junjiedu
16732,100078,合河,Hehe
16733,12416,飞狐,Feihu
16734,12417,灵丘,Lingqiu
16735,12508,泰兴,Taixing
16736,100205,招信,Zhaoxin
16737,12414,灵仙,Lingxian
16738,12584,五河,Wuhe
16739,12516,淮平,Huaiping
16740,12418,广陵,Guangling
16741,12586,清河,Qinghe
16742,12582,淮安,Huai'an
16743,12423,望云,Wangyun
16744,12771,慈溪,Cixi
16745,12762,上虞,Shangyu
16746,12818,松阳,Songyang
16747,12756,山阴,Shanyin
16748,12802,礼贤,Lixian
16749,12801,江山,Jiangshan
16750,12443,泰兴,Taixing
16751,12535,建安军,Jian'an Jun
16752,12463,零壁,Lingbi
16753,12464,灵璧,Lingbi
16754,16099,龙标,Longbiao
16755,12655,无为,Wuwei
16756,12667,荆山,Jingshan
16757,12661,镇巢军,Zhenchao Jun
16758,12591,粱县,Liang Xian
16759,30107,德庆军节度,Deqing junjiedu
16760,12715,乌程,Wucheng
16761,30033,昭庆军节度,Zhaoqing junjiedu
16762,12813,剑川,Jianchuan
16763,12733,建德,Jiande
16764,12743,安国,Anguo
16765,12726,宜兴,Yixing
16766,12717,安吉,Anji
16767,12690,吴县,Wu Xian
16768,100504,罗田,Luotian
16769,12622,黄梅,Huangmei
16770,12704,丹阳,Danyang
16771,12719,德清,Deqing
16772,12706,金坛,Jintan
16773,12716,归安,Gui'an
16774,100678,常熟,Changshu
16775,100677,长洲,Changzhou
16776,30112,镇江军节度,Zhenjiang junjiedu
16777,12185,西宁州,Xining Zhou
16778,12175,陇干,Longgan
16779,12167,河县,He Xian
16780,12220,太谷,Taigu
16781,100394,江阴,Jiangyin
16782,12725,义兴,Yixing
16783,12718,长兴,Changxing
16784,12165,抱罕,Baohan
16785,12191,廓州,Kuo Zhou
16786,12172,镇戎军,Zhenrong Jun
16787,12169,兰州,Lan Zhou
16788,12170,兰泉,Lanquan
16789,30013,武信军节度,Wuxin junjiedu
16790,100584,鄞县,Yin Xian
16791,12817,白龙,Bailong
16792,12803,龙游,Longyou
16793,100163,常山,Changshan
16794,12782,瑞安,Rui'an
16795,12763,萧山,Xiaoshan
16796,12820,缙云,Jinyun
16797,12789,永康,Yongkang
16798,12821,青田,Qingtian
16799,12795,宁海,Ninghai
16800,12785,金华,Jinhua
16801,30115,越州军节度,Yuezhou junjiedu
16802,12786,东阳,Dongyang
16803,12780,永嘉,Yongjia
16804,12783,乐清,Leqing
16805,12420,永兴,Yongxing
16806,12788,兰溪,Lanxi
16807,12759,嵊县,Sheng Xian
16808,12764,新昌,Xinchang
16809,12819,遂昌,Suichang
16810,12812,龙泉,Longquan
16811,12808,信安,Xin'an
16812,12809,开化,Kaihua
16813,12796,天台,Tiantai
16814,100468,盈川,Yingchuan
16815,12760,诸暨,Zhuji
16816,12822,庆元,Qingyuan
16817,12811,丽水,Lishui
16818,30043,镇东军节度,Zhendong junjiedu
16819,12734,清溪,Qingxi
16820,12696,常熟,Changshu
16821,100679,吴江,Wujiang
16822,100676,吴县,Wuxian
16823,12724,无锡,Wuxi
16824,12800,西安,Xi'an
16825,30076,静江军节度,Jingjiang junjiedu
16826,30007,保宁军节度,Baoning junjiedu
16827,12722,晋陵,Jinling
16828,12740,寿昌,Shouchang
16829,12739,遂安,Sui'an
16830,12738,分水,Fenshui
16831,12770,奉化,Fenghua
16832,12705,延陵,Yanling
16833,12787,义乌,Yiwu
16834,12781,平阳,Pingyang
16835,12793,临海,Linhai
16836,12758,剡县,Yan Xian
16837,12757,会稽,Kuaiji
16838,12761,余姚,Yuyao
16839,12723,武进,Wujin
16840,12797,永安,Yong'an
16841,12647,其思,Qisi
16842,12776,象山,Xiangshan
16843,12791,浦江,Pujiang
16844,12794,黄岩,Huangyan
16845,12798,仙居,Xianju
16846,30020,武胜军节度,Wusheng junjiedu
16847,12790,武义,Wuyi
16848,12777,昌国,Changguo
16849,15774,唐山,Tangshan
16850,15843,宁海,Ninghai
16851,15761,嘉兴,Jiaxing
16852,15914,雩都,Yudu
16853,15770,富阳,Fuyang
16854,15764,昆山,Kunshan
16855,15765,华亭,Huating
16856,15863,应山,Yingshan
16857,15768,余杭,Yuhang
16858,15841,乐安,Le'an
16859,15773,新城,Xincheng
16860,15772,盐官,Yanguan
16861,15771,于潜,Yuqian
16862,15878,黄梅,Huangmei
16863,15767,钱塘,Qiantang
16864,15900,分宁,Fenning
16865,15759,长洲,Changzhou
16866,15866,孝昌,Xiaochang
16867,15523,监利,Jianli
16868,400201,奉义军节度,Fengyi Junjiedu
16869,400055,应城,Yingcheng
16870,400054,孝昌,Xiaochang
16871,15848,慈溪,Cixi
16872,15856,蒲圻,Puqi
16873,15839,唐兴,Tangxing
16874,400056,雩都,Yudu
16875,15842,宁海,Ninghai
16876,15849,翁山,Wengshan
16877,15834,安固,Angu
16878,15836,乐城,Lecheng
16879,15903,余干,Yugan
16880,15877,蕲春,Qichun
16881,15844,象山,Xiangshan
16882,15780,临溪,Linxi
16883,15873,黄冈,Huanggang
16884,15884,巴陵,Baling
16885,400267,镇海军节度,Zhenhai Junjiedu
16886,15880,蕲水,Qishui
16887,15881,永宁,Yongning
16888,15882,广济,Guangji
16889,15889,昌江,Changjiang
16890,15887,沅江,Yuanjiang
16891,15892,南昌,Nanchang
16892,15885,华容,Huarong
16893,15915,雩都,Yudu
16894,15905,新昌,Xinchang
16895,15891,豫章,Yuzhang
16896,15904,乐平,Leping
16897,15893,高安,Gao'an
16898,15894,新吴,Xinwu
16899,15895,丰城,Fengcheng
16900,15896,吴皋,Wugao
16901,15875,麻城,Macheng
16902,15795,诸暨,Zhuji
16903,15864,云梦,Yunmeng
16904,15776,乌程,Wucheng
16905,15781,德清,Deqing
16906,400213,忠国军节度,Zhongguo Junjiedu
16907,15783,建德,Jiande
16908,15778,安吉,Anji
16909,15879,兰溪,Lanxi
16910,400259,镇海军节度,Zhenhai Junjiedu
16911,15779,武康,Wukang
16912,15785,遂安,Sui'an
16913,15886,湘阴,Xiangyin
16914,15921,庐陵,Luling
16915,15835,横阳,Hengyang
16916,15777,长城,Changcheng
16917,15923,永新,Yongxin
16918,15922,安福,Anfu
16919,15769,临安,Lin'an
16920,15730,巢县,Chao Xian
16921,15527,富水,Fushui
16922,15732,舒城,Shucheng
16923,15508,宜城,Yicheng
16924,15734,怀宁,Huaining
16925,15735,宿松,Susong
16926,15737,太湖,Taihu
16927,15862,安陆,Anlu
16928,15729,慎县,Shen Xian
16929,15536,上马,Shangma
16930,15722,安丰,Anfeng
16931,15738,桐安,Tong'an
16932,400606,新城,Xincheng
16933,15723,盛唐,Shengtang
16934,15724,盛唐,Shengtang
16935,15721,寿春,Shouchun
16936,15728,合肥,Hefei
16937,15517,临湍,Lintuan
16938,15525,长寿,Changshou
16939,15531,桐柏,Tongbai
16940,15516,新城,Xincheng
16941,15504,邓城,Dengcheng
16942,15719,含山,Hanshan
16943,16020,福唐,Futang
16944,15526,京山,Jingshan
16945,15510,谷城,Gucheng
16946,15519,内乡,Neixiang
16947,15518,菊潭,Jutan
16948,400205,忠义军节度,Zhongyi Junjiedu
16949,15503,临汉,Linhan
16950,15509,乐乡,Lexiang
16951,15501,襄阳,Xiangyang
16952,400040,枝江,Zhijiang
16953,15513,南阳,Nanyang
16954,15916,雩都,Yudu
16955,15725,霍丘,Huoqiu
16956,15909,赣县,Gan Xian
16957,15910,南康,Nankang
16958,15911,南安,Nan'an
16959,15912,信丰,Xinfeng
16960,15913,大庾,Dayu
16961,15902,鄱阳,Poyang
16962,400263,镇南军节度,Zhennan Junjiedu
16963,15846,鄮县,Mou Xian
16964,15870,应城,Yingcheng
16965,15918,虔化,Qianhua
16966,15874,黄陂,Huangpi
16967,15924,泰和,Taihe
16968,15868,吉阳,Jiyang
16969,15871,应阳,Yingyang
16970,15867,孝昌,Xiaochang
16971,15919,安远,Anyuan
16972,15857,蒲圻,Puqi
16973,15899,武宁,Wuning
16974,15515,向城,Xiangcheng
16975,15702,天长,Tianchang
16976,15726,霍山,Huoshan
16977,15907,弋阳,Yiyang
16978,15847,奉化,Fenghua
16979,15917,雩都,Yudu
16980,15850,象山,Xiangshan
16981,15731,庐江,Lujiang
16982,15855,唐年,Tangnian
16983,15854,武昌,Wuchang
16984,15853,永兴,Yongxing
16985,15852,江夏,Jiangxia
16986,15840,黄岩,Huangyan
16987,15838,临海,Linhai
16988,15906,浮梁,Fuliang
16989,15833,永嘉,Yongjia
16990,400199,武信军节度,Wuxin Junjiedu
16991,16261,胡津,Hujin
16992,16256,姚城,Yaocheng
16993,16309,铜梁,Tongliang
16994,16361,附唐,Futang
16995,16288,罗江,Luojiang
16996,16258,长城,Changcheng
16997,15897,建昌,Jianchang
16998,16268,通泉,Tongquan
16999,16270,盐亭,Yanting
17000,16300,巴县,Ba Xian
17001,16304,壁山,Bishan
17002,16257,长明,Changming
17003,16303,南平,Nanping
17004,16302,万寿,Wanshou
17005,16310,巴川,Bachuan
17006,15748,上元,Shangyuan
17007,15859,汉阳,Hanyang
17008,400859,福州都督府,Fuzhou Dudufu
17009,400620,临川郡,Linchuan jun
17010,400830,洪州都督府,Hongzhou Dudufu
17011,400831,潭州都督府,Tanzhou Dudufu
17012,400878,豫章郡都督府,Yuzhangjun Dudufu
17013,400879,长沙郡都督府,Changshajun Dudufu
17014,16263,朱提,Zhudi
17015,15865,云梦,Yunmeng
17016,16264,唐兴,Tangxing
17017,16290,魏城,Weicheng
17018,400622,越隽,Yuejun
17019,16269,元武,Yuanwu
17020,16283,剑门,Jianmen
17021,16267,射洪,Shehong
17022,16260,东安,Dong'an
17023,16297,蓬溪,Pengxi
17024,15860,汉川,Hanchuan
17025,15958,溧水,Lishui
17026,16294,方义,Fangyi
17027,16076,夜郎,Yelang
17028,15949,宣城,Xuancheng
17029,15950,南陵,Nanling
17030,15956,溧阳,Liyang
17031,15961,太平,Taiping
17032,16068,涪川,Fuchuan
17033,15959,宁国,Ningguo
17034,16088,卢溪,Luxi
17035,15957,溧水,Lishui
17036,16097,常丰,Changfeng
17037,13256,当阳,Dangyang
17038,16114,江宁,Jiangning
17039,18280,归安,Gui'an
17040,16093,卢阳,Luyang
17041,16096,渭阳,Weiyang
17042,15960,广德,Guangde
17043,16077,丽皋,Ligao
17044,16295,长江,Changjiang
17045,16298,遂宁,Suining
17046,16254,会川,Huichuan
17047,16089,麻阳,Mayang
17048,15969,祁门,Qimen
17049,16073,南川,Nanchuan
17050,16059,都上,Dushang
17051,16094,洛浦,Luopu
17052,16296,青石,Qingshi
17053,16091,辰溪,Chenxi
17054,16080,荣懿,Rongyi
17055,16081,扶欢,Fuhuan
17056,16083,遵义,Zunyi
17057,16084,带水,Daishui
17058,16085,芙蓉,Furong
17059,16069,多田,Duotian
17060,16074,三溪,Sanqi
17061,15869,应城,Yingcheng
17062,16322,义和,Yihe
17063,16357,同乐,Tongle
17064,16266,郪县,Qi Xian
17065,16282,临津,Linjin
17066,16281,武连,Wulian
17067,16276,普安,Pu'an
17068,16343,都宁,Duning
17069,16271,永泰,Yongtai
17070,16364,麻羁縻州,Ma Jimizhou
17071,16340,淯羁縻州,Yu Jimizhou
17072,16317,崇龛,Chongkan
17073,16329,籍县,Ji Xian
17074,16330,始建,Shijian
17075,16327,仁寿,Renshou
17076,16320,旭川,Xuchuan
17077,400363,零陵郡,Lingling Jun
17078,16278,黄安,Huang'an
17079,16356,升麻,Shengma
17080,15521,竟陵,Jingling
17081,15888,桥江,Jiaojiang
17082,16342,晏羁縻州,Yan Jimizhou
17083,16273,铜山,Tongshan
17084,16358,威羁縻州,Wei Jimizhou
17085,16359,新丰,Xinfeng
17086,16344,顺羁縻州,Shun Jimizhou
17087,16354,平夷,Pingyi
17088,16338,薛羁縻州,Xue Jimizhou
17089,16351,大足,Dazu
17090,16350,永川,Yongchuan
17091,16349,静南,Jingnan
17092,16347,清川,Qingchuan
17093,16346,江油,Jiangyou
17094,16362,陇堤,Longdi
17095,16341,淯羁縻州,Yu Jimizhou
17096,16336,富义,Fuyi
17097,16287,神泉,Shenquan
17098,16339,薛羁縻州,Xue Jimizhou
17099,16314,普康,Pukang
17100,400877,长乐郡都督府,Changlejun Dudufu
17101,16272,飞乌,Feiwu
17102,16277,梓潼,Zitong
17103,16301,江津,Jiangjin
17104,16368,汤望羁縻州,Tangwang Jimizhou
17105,16280,阴平,Yinping
17106,16370,骋羁縻州,Cheng Jimizhou
17107,16279,永归,Yonggui
17108,16285,巴西,Baxi
17109,16286,昌明,Changming
17110,16289,龙安,Longan
17111,16292,西昌,Xichang
17112,400876,会稽郡都督府,Huijijun Dudufu
17113,15898,豫宁,Yu'ning
17114,16291,盐泉,Yanquan
17115,16311,赤水,Chishui
17116,16324,公井,Gongjing
17117,16325,应灵,Yingling
17118,16318,乐至,Lezhi
17119,16313,安岳,Anyue
17120,16353,味县,Mei Xian
17121,16315,安居,Anju
17122,16366,禄羁縻州,Lu Jimizhou
17123,16316,普慈,Puci
17124,400828,越州都督府,Yuezhou Dudufu
17125,16306,石镜,Shijing
17126,16307,汉初,Hanchu
17127,16321,咨官,Ziguan
17128,16355,盘水,Panshui
17129,16372,驯羁縻州,Xun Jimizhou
17130,16219,盐溪,Yanxi
17131,16253,昆明,Kunming
17132,16274,涪城,Fucheng
17133,15522,沔阳,Mianyang
17134,400551,阴山州都督府,Yinshanzhou dudufu
17135,400899,晋昌郡都督府,Jinchangjun Dudufu
17136,400898,武威郡都督府,Wuweijun Dudufu
17137,400900,交河郡都督府,Jiaohejun Dudufu
17138,13810,大宁监,Daning Jian
17139,400198,武贞军节度,Wuzhen Junjiedu
17140,15703,Yangzhou Coastal Waters,Yangzhou Coastal Waters
17141,15454,荆门,Jingmen
17142,15699,高邮,Gaoyou
17143,15505,南漳,Nanzhang
17144,15708,宝应,Baoying
17145,15707,安宜,Anyi
17146,15714,全椒,Quanjiao
17147,15711,Chuzhou Coastal Waters,Chuzhou Coastal Waters
17148,400043,平利,Pingli
17149,15713,清流,Qingliu
17150,15715,永阳,Yongyang
17151,15706,盐城,Yancheng
17152,15698,高邮,Gaoyou
17153,15710,盱眙,Xuyi
17154,15700,扬子,Yangzi
17155,15717,历阳,Liyang
17156,15451,石首,Shishou
17157,15453,公安,Gong'an
17158,15446,江陵,Jiangling
17159,15447,枝江,Zhijiang
17160,15448,枝江,Zhijiang
17161,15449,当阳,Dangyang
17162,15450,长林,Changlin
17163,15498,平利,Pingli
17164,15492,淯阳,Yuyang
17165,15499,平利,Pingli
17166,15545,丰利,Fengli
17167,15486,南浦,Nanpu
17168,400041,淯阳,Yuyang
17169,400042,石泉,Shiquan
17170,400273,戎昭军节度,Rongzhao Junjiedu
17171,400274,昭信军节度,Zhaoxin Junjiedu
17172,15694,江阳,Jiangyang
17173,15452,松滋,Songzi
17174,15984,攸县,You Xian
17175,15692,江都,Jiangdu
17176,15979,湘乡,Xiangxiang
17177,15739,桐城,Tongcheng
17178,15986,耒阳,Leiyang
17179,400229,武安军节度,Wuan Junjiedu
17180,400228,钦化军节度,Qinhua Junjiedu
17181,15981,益阳,Yiyang
17182,15991,义章,Yizhang
17183,15974,石埭,Shidai
17184,15985,茶陵,Chaling
17185,15988,衡山,Hengshan
17186,15977,醴陵,Liling
17187,15987,常宁,Changning
17188,15978,浏阳,Liuyang
17189,15514,新野,Xinye
17190,15512,穰县,Rang Xian
17191,15983,衡阳,Hengyang
17192,15980,湘潭,Xiangtan
17193,15457,云安,Yun'an
17194,15696,六合,Liuhe
17195,15695,六合,Liuhe
17196,15701,千秋,Qianqiu
17197,15718,乌江,Wujiang
17198,15697,海陵,Hailing
17199,15709,淮阴,Huaiyin
17200,15705,山阳,Shanyang
17201,15693,江都,Jiangdu
17202,16025,永泰,Yongtai
17203,16006,连山,Lianshan
17204,15976,长沙,Changsha
17205,15972,青阳,Qingyang
17206,15973,至德,Zhide
17207,16005,阳山,Yangshan
17208,15997,蓝山,Lanshan
17209,15736,望江,Wangjiang
17210,15560,兴道,Xingdao
17211,15541,唐城,Tangcheng
17212,15473,夷陵,Yiling
17213,15474,宜都,Yidu
17214,15491,洵阳,Xunyang
17215,15462,安乡,Anxiang
17216,15464,慈利,Cili
17217,15470,清水,Qingshui
17218,15507,率道,Shuaidao
17219,15468,南宾,Nanbin
17220,15550,上庸,Shangyong
17221,15554,褒城,Baocheng
17222,15558,西县,Xi Xian
17223,15557,城固,Chenggu
17224,15555,金牛,Jinniu
17225,15553,南郑,Nanzheng
17226,15458,巫山,Wushan
17227,15562,洋源,Yangyuan
17228,400196,武定军节度,Wuding Junjiedu
17229,15477,巴山,Bashan
17230,15548,永清,Yongqing
17231,15506,义清,Yiqing
17232,15544,郧乡,Yunxiang
17233,15496,安康,Ankang
17234,15471,桂溪,Guixi
17235,15535,泌阳,Biyang
17236,15561,黄金,Huangjin
17237,15469,垫江,Dianjiang
17238,15476,远安,Yuan'an
17239,15549,竹山,Zhushan
17240,15747,江宁,Jiangning
17241,15540,枣阳,Zaoyang
17242,15466,临江,Linjiang
17243,400258,镇江军节度,Zhenjiang Junjiedu
17244,400197,武定军节度,Wuding Junjiedu
17245,15493,淯阳,Yuyang
17246,15543,武当,Wudang
17247,15488,梁山,Liangshan
17248,15495,石泉,Shiquan
17249,15497,汉阴,Hanyin
17250,15483,武陵,Wuling
17251,15481,兴山,Xingshan
17252,15502,安养,Anyang
17253,15480,巴东,Badong
17254,15490,西城,Xicheng
17255,15651,开江,Kaijiang
17256,15626,安固,Angu
17257,400048,巴渠,Baqu
17258,400047,新宁,Xinning
17259,15650,盛山,Shengshan
17260,15463,石门,Shimen
17261,15461,澧阳,Liyang
17262,15479,秭归,Zigui
17263,15530,慈邱,Ciqiu
17264,15459,大昌,Dachang
17265,15563,西乡,Xixiang
17266,15564,华阳,Huayang
17267,15565,真符,Zhenfu
17268,15556,三泉,Sanquan
17269,15538,随县,Sui Xian
17270,15487,武宁,Wuning
17271,15532,平氏,Pingshi
17272,15456,奉节,Fengjie
17273,15529,比阳,Piyang
17274,15533,湖阳,Huyang
17275,15547,房陵,Fangling
17276,15484,龙阳,Longyang
17277,15467,酆都,Fengdu
17278,15494,石泉,Shiquan
17279,15475,长阳,Changyang
17280,15534,方城,Fangcheng
17281,14189,义山,Yishan
17282,14197,象县,Xiang Xian
17283,30045,庆远军节度,Qingyuan junjiedu
17284,14185,大宾,Dabin
17285,14193,洛容,Luorong
17286,100201,怀远,Huaiyuan
17287,14192,马平,Maping
17288,14224,从化,Conghua
17289,100003,上林,Shanglin
17290,100165,平南,Pingnan
17291,14214,迁江,Qianjiang
17292,14170,宁风,Ningfeng
17293,30108,清远军节度,Qingyuan junjiedu
17294,14128,乐昌,Lechang
17295,14158,恭城,Gongcheng
17296,14187,郁林,Yulin
17297,14188,怀泽,Huaize
17298,30021,宁远军节度,Ningyuan junjiedu
17299,100043,全义,Quanyi
17300,14195,柳城,Liucheng
17301,14181,桂平,Guiping
17302,14190,潮水,Chaoshui
17303,100544,融水,Rongshui
17304,100362,乐源,Leyuan
17305,14194,龙城,Longcheng
17306,13989,雷乡,Leixiang
17307,100611,隆化,Longhua
17308,13846,溱溪,Zhenxi
17309,13783,枳县,Zhi Xian
17310,100506,罗辨,Luobian
17311,100085,吴川,Wuchuan
17312,100644,龙化,Longhua
17313,14282,石康,Shikang
17314,14281,合浦,Hepu
17315,14225,岭山,Lingshan
17316,100194,感恩,Ganen
17317,100534,万宁,Wanning
17318,14383,平原,Pingyuan
17319,14159,永平,Yongping
17320,100371,武郎,Wulang
17321,100079,合浦,Hepu
17322,100606,陵水,Lingshui
17323,14284,蔡龙,Cailong
17324,14285,大廉,Dalian
17325,14097,兴安,Xing'an
17326,100131,宜伦,Yilun
17327,14125,思笼,Silong
17328,14117,陆川,Luchuan
17329,14104,永宁,Yongning
17330,14138,武仙,Wuxian
17331,14118,欣道,Xindao
17332,100027,来宾,Laibin
17333,100365,武化,Wuhua
17334,100229,普宁,Puning
17335,14147,罗城,Luocheng
17336,14124,封陵,Fengling
17337,30030,建武军节度,Jianwu junjiedu
17338,14223,乐山,Leshan
17339,14115,北流,Beiliu
17340,14216,琅琊,Langye
17341,14217,保城,Baocheng
17342,14213,岭方,Lingfang
17343,14149,怀远,Huaiyuan
17344,14105,永福,Yongfu
17345,14098,灵川,Lingchuan
17346,14099,阳朔,Yangshuo
17347,14109,理定,Liding
17348,14127,晋兴,Jinxing
17349,14111,慕化,Muhua
17350,100142,宁浦,Ningpu
17351,14102,丰水,Fengshui
17352,14119,渭龙,Weilong
17353,14156,昭平,Zhaoping
17354,14134,阳寿,Yangshou
17355,100332,曲江,Qujiang
17356,100607,陆川,Luchuan
17357,100031,信安,Xinan
17358,13971,咸宁,Xianning
17359,14048,都城,Ducheng
17360,100218,新兴,Xinxing
17361,14039,永顺,Yongshun
17362,100452,泷水,Longshui
17363,13801,安义,Anyi
17364,100417,海阳,Haiyang
17365,14031,高要,Gaoyao
17366,14084,阳春,Yangchun
17367,100680,香山,Xiangshan
17368,13985,乳源,Ruyuan
17369,100342,东莞,Dongguan
17370,13968,义宁,Yining
17371,100084,含洭,Hankuang
17372,14047,晋康,Jinkang
17373,13844,洋川,Yangchuan
17374,13970,常康,Changkang
17375,14042,端溪,Duanxi
17376,14054,恩平,Enping
17377,13961,怀集,Huaiji
17378,13979,翁源,Wengyuan
17379,13965,东莞,Dongguan
17380,13841,都上,Dushang
17381,13983,仁化,Renhua
17382,100208,揭阳,Jieyang
17383,100019,仁化,Renhua
17384,100361,乐昌,Lechang
17385,14065,滇昌,Zhenchang
17386,14076,博罗,Boluo
17387,14081,建水,Jianshui
17388,14055,杜陵,Duling
17389,14011,阳山,Yangshan
17390,100447,潮阳,Chaoyang
17391,14080,开阳,Kaiyang
17392,100065,南海,Nanhai
17393,13980,建福,Jianfu
17394,14086,罗水,Luoshui
17395,14087,流南,Liu'nan
17396,100568,连山,Lianshan
17397,100091,四会,Sihui
17398,13842,义泉,Yiquan
17399,13972,洊水,Cunshui
17400,13960,增城,Zengcheng
17401,13959,清远,Qingyuan
17402,13974,蒙化,Menghua
17403,13957,番禺,Panyu
17404,100113,始兴,Shixing
17405,100609,阳江,Yangjiang
17406,14033,平兴,Pingxing
17407,14075,河源,Heyuan
17408,14074,归善,Guishan
17409,14077,海丰,Haifeng
17410,14046,悦城,Yuecheng
17411,14082,镇南,Zhennan
17412,13837,琅川,Langchuan
17413,13777,清水,Qingshui
17414,13638,略阳,Lueyang
17415,13834,播川,Bochuan
17416,13859,巴东,Badong
17417,13836,带水,Daishui
17418,100499,绥阳,Suiyang
17419,13843,宁夷,Ningyi
17420,14178,大同,Datong
17421,13847,夜郎,Yelang
17422,13808,播川城,Bochuan Cheng
17423,13062,兴宁,Xingning
17424,12932,瑞金,Ruijin
17425,100497,绥宁,Suining
17426,13070,桂东,Guidong
17427,13069,永兴,Yongxing
17428,14161,苍梧,Cangwu
17429,13023,安化,Anhua
17430,13020,善化,Shanhua
17431,12927,兴国,Xingguo
17432,12926,宁都,Ningdu
17433,13013,彭泽,Pengze
17434,12925,虔化,Qianhua
17435,14416,盐场,Yanchang
17436,14402,特亮,Teliang
17437,14401,潭峨,Tan'e
17438,14422,观州,Guan Zhou
17439,100448,澄迈,Chengmai
17440,100210,文昌,Wenchang
17441,14410,抚康,Fukang
17442,14412,容山,Rongshan
17443,14413,怀义,Huaiyi
17444,100064,南流,Nanliu
17445,14407,定川,Dingchuan
17446,14408,岩川,Yanchuan
17447,14387,灵竹,Lingzhu
17448,100525,舍城,Shecheng
17449,13096,临冈,Lin'gang
17450,13090,酃县,Ling Xian
17451,12928,信丰,Xinfeng
17452,100645,龙南,Longnan
17453,13230,麻阳,Mayang
17454,13229,卢阳,Luyang
17455,13047,永明,Yongming
17456,30095,靖海军节度,Jinghai junjiedu
17457,13233,渠阳寨,Quyang Zhai
17458,13231,黔阳,Qianyang
17459,14265,钦江,Qinjiang
17460,14266,遵化,Zunhua
17461,14261,灵山,Lingshan
17462,14132,思刚羁縻州,Sigang Jimizhou
17463,100190,徐闻,Xuwen
17464,14350,南河,Nanhe
17465,13993,兴宁,Xingning
17466,14344,常林,Changlin
17467,14345,阿林,Alin
17468,14351,龙豪,Longhao
17469,100082,吉阳,Jiyang
17470,14296,万宁,Wanning
17471,14312,昌化,Changhua
17472,100147,封川,Fengchuan
17473,100602,开建,Kaijian
17474,100608,阳春,Yangchun
17475,14263,安京,Anjing
17476,14264,安远,Anyuan
17477,14267,内亭,Neiting
17478,14252,徐闻,Xuwen
17479,14249,遂溪,Suixi
17480,100478,石龙,Shilong
17481,14305,义伦,Yilun
17482,14349,温水,Wenshui
17483,100619,电白,Dianbai
17484,14262,保京,Baojing
17485,14240,信宜,Xinyi
17486,14168,感义,Ganyi
17487,14122,武缘,Wuyuan
17488,100648,龙平,Longping
17489,100491,立山,Lishan
17490,14243,良德,Liangde
17491,14162,戎城,Rongcheng
17492,100075,博白,Bobai
17493,14166,镡津,Tanjin
17494,14283,封山,Fengshan
17495,14169,义昌,Yichang
17496,14184,皇化,Huanghua
17497,14089,铜陵,Tongling
17498,14163,孟陵,Mengling
17499,14244,保定,Baoding
17500,14274,兴德,Xingde
17501,14290,临高,Lin'gao
17502,14346,罗绣,Luoxiu
17503,14176,武林,Wulin
17504,14152,平乐,Pingle
17505,14403,电白,Dianbai
17506,14233,陵罗,Lingluo
17507,14259,南昌,Nanchang
17508,14179,阳川,Yangchuan
17509,14257,建宁,Jianning
17510,14177,隋建,Suijian
17511,100528,茂名,Maoming
17512,14129,右江道,Youjiang Dao
17513,14377,岑溪,Cenxi
17514,14379,连城,Liancheng
17515,14373,正义,Zhengyi
17516,14386,武罗,Wuluo
17517,14374,蒙山,Mengshan
17518,14148,武阳,Wuyang
17519,14121,宣化,Xuanhua
17520,14126,如和,Ruhe
17521,14130,左江道,Zuojiang Dao
17522,14378,永业,Yongye
17523,100380,永定,Yongding
17524,14123,郎宁,Langning
17525,14395,潘水,Panshui
17526,14258,周罗,Zhouluo
17527,100414,海康,Haikang
17528,100032,信义,Xinyi
17529,14411,善牢,Shanlao
17530,14361,贺水,Heshui
17531,14396,南邑,Nanyi
17532,14400,怀德,Huaide
17533,14355,扶莱,Fulai
17534,14391,干水,Ganshui
17535,14364,归化,Guihua
17536,14389,廉江,Lianjiang
17537,14339,富川,Fuchuan
17538,14356,陵城,Lingcheng
17539,14333,宁远,Ningyuan
17540,14287,琼山,Qiongshan
17541,14415,常乐州,Changle Zhou
17542,100594,长乐,Changle
17543,100523,兴宁,Xingning
17544,100647,龙川,Longchuan
17545,14370,思懃,Siqin
17546,14360,止戈,Zhige
17547,14375,东区,Dongqu
17548,14110,古县,Gu Xian
17549,14353,峨石,Eshi
17550,14392,零禄,Linglu
17551,14270,兴业,Xingye
17552,14369,马江,Majiang
17553,14359,无虞,Wuyu
17554,14291,乐会,Lehui
17555,14273,郁平,Yuping
17556,14269,南流,Nanliu
17557,100667,东明,Dongming
17558,11872,范阳,Fanyang
17559,100665,延津,Yanjin
17560,100669,祥符,Xiangfu
17561,100662,咸平,Xianping
17562,11032,雍邱,Yongqiu
17563,100508,考城,Kaocheng
17564,11893,鱼阳,Yuyang
17565,11885,易水,Yishui
17566,30001,彰信军节度,Zhangxin junjiedu
17567,11882,马城,Macheng
17568,12090,定边,Dingbian
17569,11883,平州海岸海水,Pingzhou Coastal Waters
17570,11874,固安,Gu'an
17571,11864,安次,Anci
17572,11891,怀柔,Huairou
17573,11889,柳城,Liucheng
17574,11179,昌邑,Changyi
17575,11180,昌乐,Changle
17576,100129,定陶,Dingtao
17577,11256,宛亭,Wanting
17578,11255,宛句,Wanju
17579,100015,干德,Qiande
17580,11862,良乡,Liangxiang
17581,11465,荣泽,Rongze
17582,11385,颖阳,Yingyang
17583,11501,宛邱,Wanqiu
17584,11450,荣阳,Rongyang
17585,11529,宝丰,Baofeng
17586,11881,石城,Shicheng
17587,11643,任邱,Renqiu
17588,11845,高阳,Gaoyang
17589,13911,安溪,Anxi
17590,13881,永昌,Yongchang
17591,15811,浦阳,Puyang
17592,13934,武平,Wuping
17593,13932,上杭,Shanghang
17594,13882,罗源,Luoyuan
17595,100216,新会,Xinhui
17596,13926,清流,Qingliu
17597,13891,嘉禾,Jiahe
17598,18953,福安县,Fuan Xian
17599,13946,建宁,Jianning
17600,13878,永福,Yongfu
17601,13949,兴化,Xinghua
17602,13945,泰宁,Taining
17603,13943,光泽,Guangze
17604,11711,井陉,Jingxing
17605,100463,瓯宁,Ouning
17606,13896,政和,Zhenghe
17607,13894,崇安,Chong'an
17608,13895,关隶,Guanli
17609,30097,清海军节度,Qinghai junjiedu
17610,12089,定边军,Dingbian Jun
17611,11979,渭南,Weinan
17612,11905,樊川,Fanchuan
17613,11894,三河,Sanhe
17614,11897,遵化,Zunhua
17615,11880,卢龙,Lulong
17616,11867,香河,Xianghe
17617,11863,潞县,Lu Xian
17618,11875,新城,Xincheng
17619,11859,析津,Xijin
17620,11877,密云,Miyun
17621,11868,玉河,Yuhe
17622,11869,漷阴,Huoyin
17623,11895,玉田,Yutian
17624,11861,昌平,Changping
17625,11870,广宁,Guangning
17626,11860,宛平,Wanping
17627,11866,武清,Wuqing
17628,11878,行唐,Xingtang
17629,11873,归义,Guiyi
17630,12021,栾川,Luanchuan
17631,14090,富林,Fulin
17632,11919,终南,Zhongnan
17633,16661,贺水,Heshui
17634,16139,新都,Xindu
17635,16252,邛部,Qiongbu
17636,16221,通轨,Tonggui
17637,16141,九龙,Jiulong
17638,16170,资阳,Ziyang
17639,16181,罗目,Luomu
17640,16152,绵竹,Mianzhu
17641,16161,临溪,Linxi
17642,16132,灵池,Lingchi
17643,16553,扶莱,Fulai
17644,16457,澄迈,Chengmai
17645,16676,大宾,Dabin
17646,16656,保城,Baocheng
17647,16663,宁浦,Ningpu
17648,16650,怀泽,Huaize
17649,16179,夹江,Jiajiang
17650,16163,蒲江,Pujiang
17651,16640,候羁縻州,Hou Jimizhou
17652,16155,金堂,Jintang
17653,16148,新津,Xinjin
17654,16146,晋原,Jinyuan
17655,400209,威戎军节度,Weirong Junjiedu
17656,16142,导江,Daojiang
17657,16130,成都,Chengdu
17658,16143,唐昌,Tangchang
17659,16131,华阳,Huayang
17660,16138,双流,Shuangliu
17661,16169,磐石,Panshi
17662,16136,温江,Wenjiang
17663,16182,峨眉,Emei
17664,16134,广都,Guangdu
17665,16133,犀浦,Xipu
17666,16652,潮水,Chaoshui
17667,16144,蒙阳,Mengyang
17668,16631,平原,Pingyuan
17669,16651,义山,Yishan
17670,16614,武阳,Wuyang
17671,16613,融水,Rongshui
17672,16174,龙水,Longshui
17673,16584,苍梧,Cangwu
17674,16611,归化,Guihua
17675,16655,琅琊,Langye
17676,16620,阳川,Yangchuan
17677,16557,蔡龙,Cailong
17678,16618,隋建,Suijian
17679,16616,平南,Pingnan
17680,16686,迁江,Qianjiang
17681,16623,开江,Kaijiang
17682,16619,大同,Datong
17683,18605,高要,Gaoyao
17684,16610,来宾,Laibin
17685,16664,乐山,Leshan
17686,16135,郫县,Pi Xian
17687,16672,灵山,Lingshan
17688,16682,合浦,Hepu
17689,16633,宣化,Xuanhua
17690,16683,零渌,Linglu
17691,16660,止戈,Zhige
17692,16628,东区,Dongqu
17693,16658,上林,Shanglin
17694,16649,郁林,Yulin
17695,16654,岭方,Lingfang
17696,16562,连城,Liancheng
17697,16564,忻城,Xincheng
17698,16551,峨石,Eshi
17699,16556,封山,Fengshan
17700,16555,合浦,Hepu
17701,16558,大廉,Dalian
17702,16659,无虞,Wuyu
17703,16209,汶川,Wenchuan
17704,16208,汶山,Wenshan
17705,16206,交川,Jiaochuan
17706,16196,芦山,Lushan
17707,16205,嘉诚,Jiacheng
17708,16203,青神,Qingshen
17709,16214,翼水,Yishui
17710,16151,雒县,Luo Xian
17711,16251,台登,Taideng
17712,16213,卫山,Weishan
17713,16153,德阳,Deyang
17714,16199,通义,Tongyi
17715,16192,雅州,Ya Zhou
17716,16193,严道,Yandao
17717,16195,名山,Mingshan
17718,16178,龙游,Longyou
17719,16202,洪雅,Hongya
17720,16223,谷和,Guhe
17721,16230,悉唐,Xitang
17722,16231,静居,Jingju
17723,16232,清道,Qingdao
17724,16226,识臼,Zhijiu
17725,16227,左封,Zuofeng
17726,16228,归诚,Guicheng
17727,16211,石泉,Shiquan
17728,16224,平康,Pingkang
17729,16201,丹棱,Danleng
17730,16218,定廉,Dinglian
17731,16238,博恭,Bogong
17732,16239,烈山,Lieshan
17733,16200,彭山,Pengshan
17734,16572,临桂,Lingui
17735,16215,峨和,Ehe
17736,16222,利和,Lihe
17737,16308,新明,Xinming
17738,16197,荣经,Yingjing
17739,16160,依政,Yizheng
17740,16185,犍为,Qianwei
17741,16159,安仁,Anren
17742,16158,大邑,Dayi
17743,16157,临邛,Linqiong
17744,400207,永平军节度,Yongping Junjiedu
17745,16323,威远,Weiyuan
17746,16166,金水,Jinshui
17747,16335,江安,Jiang'an
17748,16334,绵水,Mianshui
17749,16609,循德,Xunde
17750,16770,蒲类,Pulei
17751,16333,泸川,Luchuan
17752,16337,合江,Hejiang
17753,400206,定边军节度,Dingbian Junjiedu
17754,16175,清溪,Qingxi
17755,16171,内江,Neijiang
17756,16669,安京,Anjing
17757,16237,和集,Heji
17758,16190,归顺,Guishun
17759,16188,义宾,Yibin
17760,16189,南溪,Nanxi
17761,16210,通化,Tonghua
17762,16184,平羌,Pingqiang
17763,16137,新繁,Xinfan
17764,16187,棘道,Jidao
17765,16172,丹山,Danshan
17766,16176,月山,Yueshan
17767,16154,什邡,Shenfang
17768,16173,银山,Yinshan
17769,16180,绥山,Suishan
17770,16165,阳安,Yang'an
17771,16167,平泉,Pingquan
17772,16162,火井,Huojing
17773,18261,长乐,Changle
17774,18586,乐昌,Lechang
17775,18550,星子,Xingzi
17776,18545,瑞昌,Ruichang
17777,18538,临川,Linchuan
17778,18259,龙川,Longchuan
17779,18583,清远,Qingyuan
17780,18260,兴宁,Xingning
17781,18257,连山,Lianshan
17782,18533,新淦州,Xin'gan Zhou
17783,18507,永丰,Yongfeng
17784,18546,彭泽,Pengze
17785,18509,龙泉,Longquan
17786,16679,武罗,Wuluo
17787,18508,万安,Wan'an
17788,18520,瑞州录事司,Ruizhou Lushisi
17789,200034,新昌??,Xinchang
17790,18522,上高,Shanggao
17791,18515,太和州,Taihe Zhou
17792,18588,乳源,Ruyuan
17793,18511,吉水州,Jishui Zhou
17794,18587,仁化,Renhua
17795,18517,永新州,Yongxin Zhou
17796,18527,分宜,Fenyi
17797,18541,宜黄,Yihuang
17798,18596,始兴,Shixing
17799,18547,湖口,Hukou
17800,18540,金谿,Jinxi
17801,18513,安福州,Anfu Zhou
17802,18247,阳春,Yangchun
17803,18528,万载,Wanzai
17804,18580,增城,Zengcheng
17805,18592,海丰,Haifeng
17806,18558,雩都,Yudu
17807,18576,广州录事司,Guangzhou Lushisi
17808,18526,宜春,Yichun
17809,18581,香山,Xiangshan
17810,18246,阳江,Yangjiang
17811,18573,南康,Nankang
17812,18249,封川,Fengchuan
17813,18250,开建,Kaijian
17814,18252,新兴,Xinxing
17815,18255,阳山,Yangshan
17816,301042,凤翔等处千户所,Fengxiang dengchu qianhusuo
17817,211144,张掖,Zhangye
17818,15327,无极,Wuji
17819,18242,翁源,Wengyuan
17820,18529,萍乡州,Pingxiang Zhou
17821,18510,永宁,Yongning
17822,18539,崇仁,Chongren
17823,18602,端溪,Duanxi
17824,18542,乐安,Le'an
17825,18585,曲江,Qujiang
17826,18535,新喻州,Xinyu Zhou
17827,18582,新会,Xinhui
17828,18532,清江,Qingjiang
17829,18544,德化,Dehua
17830,18254,桂阳州,Guiyang Zhou
17831,18244,程乡,Chengxiang
17832,18568,南城,Nancheng
17833,18598,海阳,Haiyang
17834,18570,广昌,Guangchang
17835,18572,大庾,Dayu
17836,18574,上犹,Shangyou
17837,18548,德安,De'an
17838,16582,桂州,Guizhou
17839,16601,武化,Wuhua
17840,16603,马平,Maping
17841,16574,灵川,Lingchuan
17842,16544,怀义,Huaiyi
17843,16607,象县,Xiang Xian
17844,16591,桂岭,Guiling
17845,18523,新昌县,Xinchang Xian
17846,16573,全义,Quanyi
17847,16589,封阳,Fengyang
17848,16580,永丰,Yongfeng
17849,16577,建陵,Jianling
17850,16575,阳朔,Yangshuo
17851,16561,永业,Yongye
17852,16622,龙平,Longping
17853,16586,孟陵,Mengling
17854,16597,永平,Yongping
17855,16684,盐场,Yanchang
17856,16668,钦江,Qinjiang
17857,16671,内亭,Neiting
17858,16674,桂平,Guiping
17859,16675,皇化,Huanghua
17860,16666,岭山,Lingshan
17861,16678,永定,Yongding
17862,16600,武仙,Wuxian
17863,16680,灵竹,Lingzhu
17864,16688,安南都护府,Annan Duhufu
17865,16624,思懃,Siqin
17866,16579,慕化,Muhua
17867,16593,富川,Fuchuan
17868,16592,荡山,Dangshan
17869,16595,平乐,Pingle
17870,16596,恭城,Gongcheng
17871,16576,永福,Yongfu
17872,16665,凉风,Liangfeng
17873,16536,兴业,Xingye
17874,16588,临贺,Linhe
17875,16537,兴德,Xingde
17876,16542,善劳,Shanlao
17877,16543,容山,Rongshan
17878,16541,抚安,Fu'an
17879,16531,常林,Changlin
17880,16548,潭峨,Tane
17881,16535,郁平,Yuping
17882,16565,富川,Fuchuan
17883,16566,平西,Pingxi
17884,16569,多云,Duoyun
17885,16547,怀德,Huaide
17886,16570,思龙,Silong
17887,18506,庐陵,Luling
17888,16549,特亮,Teliang
17889,16560,岑溪,Cenxi
17890,16234,柘州,Zhe Zhou
17891,16581,荔浦,Lipu
17892,16585,戎城,Rongcheng
17893,16606,洛封,Luofeng
17894,16539,石南,Shinan
17895,16599,阳寿,Yangshou
17896,16552,罗辨,Luobian
17897,16546,信义,Xinyi
17898,16578,治定,Liding
17899,16538,潭栗,Tanli
17900,16670,遵化,Zunhua
17901,16604,龙城,Longcheng
17902,16532,阿林,Alin
17903,16567,乐光,Leguang
17904,16590,冯乘,Fengcheng
17905,16533,罗绣,Luoxiu
17906,16568,乐艳,Leyan
17907,16497,扶南,Funan
17908,16393,河源,Heyuan
17909,16488,崖山,Yaishan
17910,16376,番禺,Panyu
17911,16490,天河,Tianhe
17912,16493,波陵,Poling
17913,16495,弘远,Hongyuan
17914,16385,四会,Sihui
17915,16510,普宁,Puning
17916,16451,建水,Jianshui
17917,16515,陆川,Luchuan
17918,16501,正平,Zhengping
17919,16503,龙源,Longyuan
17920,16508,都蒙,Dumeng
17921,16507,歌良,Geliang
17922,16506,武石,Wushi
17923,16492,瀼江,Rangjiang
17924,16504,饶勉,Raomian
17925,16194,百丈,Baizhang
17926,16381,东莞,Dongguan
17927,16390,博罗,Boluo
17928,16379,增城,Zengcheng
17929,16502,福零,Fuling
17930,16403,端溪,Duanxi
17931,16499,武龙,Wulong
17932,16617,武林,Wulin
17933,16519,岩川,Yanchuan
17934,16521,博白,Bobai
17935,16523,周罗,Zhouluo
17936,16524,南昌,Nanchang
17937,16527,温水,Wenshui
17938,16528,南河,Nanhe
17939,16529,龙豪,Longhao
17940,16412,始兴,Shixing
17941,16487,龙水,Longshui
17942,16375,南海,Nanhai
17943,16489,东玺,Dongxi
17944,16644,思诚,Sicheng
17945,16643,归顺,Guishun
17946,16642,万德,Wande
17947,16641,伦羁縻州,Lun Jimizhou
17948,16634,武缘,Wuyuan
17949,16646,思明羁縻州,Siming Jimizhou
17950,16431,零禄,Linglu
17951,16627,正义,Zhengyi
17952,16383,义宁,Yining
17953,400227,清海军节度,Qinghai Junjiedu
17954,16380,洊水,Jianshui
17955,16437,恩平,Enping
17956,16409,开建,Kaijian
17957,16428,廉江,Lianjiang
17958,16433,电白,Dianbai
17959,16630,武郎,Wulang
17960,16605,洛容,Luorong
17961,16386,滇阳,Zhenyang
17962,16422,永顺,Yongshun
17963,16411,曲江,Qujiang
17964,16426,徐闻,Xuwen
17965,16425,遂溪,Suixi
17966,16424,海康,Haikang
17967,16645,上思,Shangsi
17968,16647,石西,Shixi
17969,16636,郎宁,Langning
17970,16418,阳春,Yangchun
17971,16638,封陵,Fengling
17972,16416,仁化,Renhua
17973,16639,如和,Ruhe
17974,16637,思笼,Silong
17975,16626,立山,Lishan
17976,16635,晋兴,Jinxing
17977,16419,罗水,Luoshui
17978,15304,安陵,Anling
17979,15345,五回,Wuhui
17980,15358,弓高,Gonggao
17981,15346,楼亭,Louting
17982,15325,北平,Beiping
17983,15356,无棣,Wudi
17984,400607,平昌,Pingchang
17985,16382,新会,Xinhui
17986,15333,曲阳,Quyang
17987,15359,弓高,Gonggao
17988,15318,义丰,Yifeng
17989,15329,陉邑,Xingyi
17990,15330,深泽,Shenze
17991,15319,唐县,Tang Xian
17992,15332,恒阳,Hengyang
17993,15312,阳信,Yangxin
17994,15371,蓟县,Ji Xian
17995,15347,板城,Bancheng
17996,15352,干符,Qianfu
17997,15353,盐山,Yanshan
17998,15354,饶安,Raoan
17999,16100,朗溪,Langxi
18000,15355,乐陵,Leling
18001,16087,沅陵,Yuanling
18002,15344,满城,Mancheng
18003,15367,景城,Jingcheng
18004,15343,永乐,Yongle
18005,15338,易县,Yi Xian
18006,15337,易县,Yi Xian
18007,400237,义武军节度,Yiwu Junjiedu
18008,15339,涞水,Laishui
18009,400033,恒阳,Hengyang
18010,15341,容城,Rongcheng
18011,15307,归化,Guihua
18012,15342,遂城,Suicheng
18013,16400,高要,Gaoyao
18014,16391,兴宁,Xingning
18015,16398,程乡,Chengxiang
18016,16397,潮阳,Chaoyang
18017,400354,洊安,Cunan
18018,16394,雷乡,Leixiang
18019,16406,晋康,Jinkang
18020,16389,归善,Guishan
18021,16404,悦城,Yuecheng
18022,16494,鹄山,Gushan
18023,16408,封川,Fengchuan
18024,16396,海阳,Haiyang
18025,16378,怀集,Huaiji
18026,16384,清远,Qingyuan
18027,16387,浛洭,Hankuang
18028,16401,平兴,Pingxing
18029,400032,平昌,Pingchang
18030,15309,厌次,Yanci
18031,15314,棣州海罕海水,Dizhou Coastal Waters
18032,15313,蒲台,Putai
18033,15300,平原,Pingyuan
18034,15311,渤海,Bohai
18035,16392,海丰,Haifeng
18036,15328,唐昌,Tangchang
18037,400035,弓高,Gonggao
18038,15317,新乐,Xinle
18039,15299,安德,Ande
18040,15306,长河,Changhe
18041,15305,蓨县,Xiu Xian
18042,15310,商河,Shanghe
18043,16405,都城,Ducheng
18044,16377,蒙化,Menghua
18045,15349,清池,Qingchi
18046,16475,洛场,Luochang
18047,16462,曾口,Zengkou
18048,16522,建宁,Jianning
18049,16514,欣道,Xindao
18050,16513,渭龙,Weilong
18051,16512,陵城,Lingcheng
18052,16434,良德,Liangde
18053,400243,宁远军节度,Ningyuan Junjiedu
18054,16467,延德,Yande
18055,16473,昌化,Changhua
18056,16746,张掖,Zhangye
18057,16741,神乌,Shenwu
18058,16740,姑臧,Guzang
18059,16721,溢乐,Yile
18060,16732,丹岭,Danling
18061,16511,北流,Beiliu
18062,16448,泷水,Longshui
18063,16453,铜陵,Tongling
18064,16737,狄道,Didao
18065,16470,洛屯,Luotun
18066,16454,富林,Fulin
18067,16526,龙化,Longhua
18068,16456,舍城,Shecheng
18069,16466,宁远,Ningyuan
18070,16460,琼山,Qiongshan
18071,16464,颜罗,Yanluo
18072,16461,临高,Lin'gao
18073,16469,临川,Linchuan
18074,16463,乐会,Lehui
18075,16483,感义,Ganyi
18076,16468,吉阳,Jiyang
18077,16484,义昌,Yichang
18078,16726,美相,Meixiang
18079,16458,文昌,Wenchang
18080,16249,西泸,Xilu
18081,16735,良恭,Lianggong
18082,16485,宁风,Ningfeng
18083,400756,河西军节度,Hexi jiedu
18084,16217,薛城,Xuecheng
18085,16149,唐兴,Tangxing
18086,16250,苏祁,Suqi
18087,16477,万安,Wan'an
18088,16183,玉津,Yujin
18089,16479,富云,Fuyun
18090,16247,通望,Tongwang
18091,16246,汉源,Hanyuan
18092,16241,真符,Zhenfu
18093,16242,昭德,Zhaode
18094,16243,昭远,Zhaoyuan
18095,16244,鸡川,Jichuan
18096,18593,河源,Heyuan
18097,16147,青城,Qingcheng
18098,16718,达化,Dahua
18099,16760,柔远,Rouyuan
18100,16743,嘉麟,Jialin
18101,16742,昌松,Changsong
18102,16730,常芬,Changfen
18103,400563,西郡,Xijun
18104,16478,陵水,Lingshui
18105,16480,博辽,Boliao
18106,16734,怀道,Huaidao
18107,16747,删丹,Shandan
18108,16751,玉门,Yumen
18109,16731,恒香,Hengxiang
18110,16728,合川,Hechuan
18111,16722,祐川,Youchuan
18112,16474,感恩,Ganen
18113,16472,义伦,Yilun
18114,16719,米川,Michuan
18115,16765,交河,Jiaohe
18116,16766,天山,Tianshan
18117,16769,后庭,Houting
18118,400256,归义军节度,Guiyi Junjiedu
18119,16717,化城,Huacheng
18120,16756,晋昌,Jinchang
18121,16430,干水,Ganshui
18122,400564,南谧州,Nanmi Zhou
18123,16761,纳职,Nazhi
18124,400565,米国,Miguo
18125,16759,伊吾,Yiwu
18126,16750,福禄,Fulu
18127,16695,成纪,Chengji
18128,16709,枹罕,Baohan
18129,16757,常乐,Changle
18130,16446,陵罗,Lingluo
18131,16235,乔珠,Jiaozhu
18132,16429,吴川,Wuchuan
18133,16439,阳江,Yangjiang
18134,16518,定川,Dingchuan
18135,16441,茂名,Maoming
18136,16442,潘水,Panshui
18137,16738,长乐,Changle
18138,16445,石龙,Shilong
18139,16764,柳中,Liuzhong
18140,16450,镇南,Zhennan
18141,16438,杜陵,Duling
18142,16421,新兴,Xinxing
18143,16449,开阳,Kaiyang
18144,16413,乐昌,Lechang
18145,16414,翁源,Wengyuan
18146,16415,滇昌,Zhenchang
18147,16443,南邑,Nanyi
18148,400272,天雄军节度,Tianxiong Junjiedu
18149,400517,康居都督府,Kangju Dudufu
18150,16704,盘隄,Panshi
18151,16714,鄯城,Shancheng
18152,16753,炖煌,Dunhuang
18153,16700,彰县,Zhang Xian
18154,16723,和政,Hezheng
18155,16711,大夏,Daxia
18156,16698,渭源,Weiyuan
18157,16710,凤林,Fenglin
18158,16691,上邽,Shanggui
18159,16692,伏羌,Fuqiang
18160,16694,清水,Qingshui
18161,16713,湟水,Huangshui
18162,400271,保义军节度,Baoyi Junjiedu
18163,16693,陇城,Longcheng
18164,16435,保宁,Baoning
18165,16699,陇西,Longxi
18166,16754,寿昌,Shouchang
18167,16773,安西都护府,Anxi Duhufu
18168,16767,蒲昌,Puchang
18169,16771,轮台,Luntai
18170,16763,前庭,Qianting
18171,400605,高昌,Gaochang
18172,16744,天宝,Tianbao
18173,16715,龙支,Longzhi
18174,16517,南流,Nanliu
18175,16749,酒泉,Jiuquan
18176,16697,襄武,Xiangwu
18177,16331,井研,Jingyan
18178,16482,镡津,Tanjin
18179,16703,福津,Fujin
18180,16702,将利,Jiangli
18181,16707,广武,Guangwu
18182,16706,五泉,Wuquan
18183,16725,临潭,Lintan
18184,18807,兴安,Xing'an
18185,18871,电白,Dianbai
18186,17684,岐山,Qishan
18187,18875,安远,Anyuan
18188,18876,灵山,Lingshan
18189,18912,施溪等处蛮夷军民长官司,Shixi dengchu manyi zhangguansi
18190,18825,柳城,Liucheng
18191,17816,郫县,Pi Xian
18192,18809,理定,Liding
18193,18894,白纳等处蛮夷军民长官司,Baina dengchu manyi zhangguansi
18194,18835,东兰州,Donglan Zhou
18195,18817,宣化,Xuanhua
18196,18867,石龙,Shilong
18197,18823,平南,Pingnan
18198,18822,桂平,Guiping
18199,18882,程番安抚司,Chengfan Anfusi
18200,18873,信宜,Xinyi
18201,18915,磨坡雷波等处蛮夷军民长官司,Mopoleibo dengchu manyi zhangguansi
18202,18869,石城,Shicheng
18203,17849,眉州,Mei Zhou
18204,18910,青山等处蛮夷军民长官司,Qingshan dengchu manyi zhangguansi
18205,18881,罗番安抚司,Luofan Anfusi
18206,18889,洪番安抚司,Hongfan Anfusi
18207,18893,中嶆等处蛮夷军民长官司,Zhongcao dengchu manyi zhangguansi
18208,17412,徐州,Xu Zhou
18209,18916,木窝普冲普得等处蛮夷军民长官司,Muwopuchongpude dengchu manyi zhangguansi
18210,18808,灵川,Lingchuan
18211,18914,朵泥等处蛮夷军民长官司,Duoni dengchu manyi zhangguansi
18212,18913,葛蛮雍真等处蛮夷军民长官司,Gemanyongzhen dengchu manyi zhangguansi
18213,18812,荔浦,Lipu
18214,18909,底寨等处蛮夷军民长官司,Dizhai dengchu manyi zhangguansi
18215,18884,卧龙番安抚司,Wolongfan Anfusi
18216,18887,木瓜长官司,Mugua Changguan
18217,18831,思恩,Si'en
18218,18890,方番安抚司,Fangfan Anfusi
18219,18705,龙平,Longping
18220,18826,马平,Maping
18221,18716,临湘,Linxiang
18222,18688,黄平等处蛮夷军民长官司,Huangping dengchu manyi zhangguansi
18223,18739,叙浦,Xupu
18224,18699,汉阳,Hanyang
18225,18702,平乐,Pingle
18226,18751,通道,Tongdao
18227,18704,立山,Lishan
18228,18747,通山,Tongshan
18229,18722,桃源州,Taoyuan Zhou
18230,18707,江夏,Jiangxia
18231,18753,长沙,Changsha
18232,18709,嘉鱼,Jiayu
18233,18708,咸宁,Xianning
18234,18736,沅陵,Yuanling
18235,18579,东莞,Dongguan
18236,18703,恭城,Gongcheng
18237,18892,小程番等处蛮夷军民长官司,Xiaochengfan dengchu manyi zhangguansi
18238,17815,新都,Xindu
18239,18829,宜山,Yishan
18240,18818,武缘,Wuyuan
18241,18911,养龙等处蛮夷军民长官司,Yanglong dengchu manyi zhangguansi
18242,18868,吴川,Wuchuan
18243,18886,大龙番安抚司,Dalongfan Anfusi
18244,18738,卢溪,Luxi
18245,18885,小龙番安抚司,Xiaolongfan Anfusi
18246,18883,金石番安抚司,Jinshifan Anfusi
18247,18827,洛容,Luorong
18248,18700,汉川,Hanchuan
18249,18879,石康,Shikang
18250,18742,黔阳,Qianyang
18251,18743,麻阳,Mayang
18252,18745,永兴,Yongxing
18253,18746,大冶,Daye
18254,18895,龙里寨,Longli Zhai
18255,17879,蓬州,Peng Zhou
18256,17876,顺庆路,Shunqing Lu
18257,17954,下罗计长官司,Xialuoji Zhangguansi
18258,17888,广安府,Guang'an Fu
18259,17917,奉节,Fengjie
18260,17877,南充,Nanchong
18261,17878,西充,Xichong
18262,17674,可当,Kedang
18263,17795,遂宁州,Suining Zhou
18264,17892,永宁路,Yongning Lu
18265,17949,长宁军,Changning Jun
18266,17790,潼川府,Tongchuan Fu
18267,17909,合州,He Zhou
18268,17847,峨眉,Emei
18269,17791,郪县,Qi Xian
18270,17794,盐亭,Yanting
18271,17886,梁山州,Liangshan Zhou
18272,17913,涪州,Fu Zhou
18273,17929,万州,Wan Zhou
18274,17934,大宁州,Daning Zhou
18275,17922,达州,Da Zhou
18276,17919,施州,Shi Zhou
18277,17918,巫山,Wushan
18278,17793,射洪,Shehong
18279,17953,上罗计长官司,Shangluoji Zhangguansi
18280,17941,南溪,Nanxi
18281,17899,泸州,Lu Zhou
18282,17883,渠州,Qu Zhou
18283,17898,南川,Nanchuan
18284,17798,绵州,Mian Zhou
18285,17904,忠州,Zhong Zhou
18286,17897,江津,Jiangjin
18287,17893,筠连州,Yunlian Zhou
18288,17864,巴州,Ba Zhou
18289,17706,庆阳府,Qingyang Fu
18290,17809,沿边溪洞招讨使司,Yanbianxitong Zhaotaoshisi
18291,17803,彭水,Pengshui
18292,17822,彭州,Peng Zhou
18293,17814,华阳,Huayang
18294,17826,汉州,Han Zhou
18295,17845,龙游,Longyou
18296,17844,嘉定路,Jiading Lu
18297,17818,双流,Shuangliu
18298,17846,夹江,Jiajiang
18299,17838,威州,Wei Zhou
18300,17841,简州,Jian Zhou
18301,17807,石耶洞军民不府,Shiyedong Junminfu
18302,17837,新津,Xinjin
18303,17819,新繁,Xinfan
18304,17836,晋原,Jinyuan
18305,17834,灌州,Guan Zhou
18306,17831,安州,An Zhou
18307,17853,邛州,Qiong Zhou
18308,17820,仁寿,Renshou
18309,18896,金竹府,Jinzhu Fu
18310,17857,绵谷,Miangu
18311,17871,保宁府,Baoning Fu
18312,17858,昭化,Zhaohua
18313,17925,永顺安抚司,Yongshun Anfusi
18314,17862,龙州,Long Zhou
18315,17810,散毛洞安抚司,Sanmaodong Anfusi
18316,17848,犍为,Jianwei
18317,211065,阆州,Lang zhou
18318,17813,成都,Chengdu
18319,17867,沔州,Mian Zhou
18320,17804,黔江,Qianjiang
18321,17821,金堂,Jintang
18322,17806,酉阳州,Youyang Zhou
18323,17981,应理州,Yingli Zhou
18324,17811,石柱宣抚司,Shizhu Xuanfusi
18325,17817,温江,Wenjiang
18326,18646,桂岭,Guiling
18327,18655,乐会,Lehui
18328,18654,文昌,Wenchang
18329,18653,临高,Lin'gao
18330,18837,那州,Na Zhou
18331,18651,琼山,Qiongshan
18332,18610,巴东,Badong
18333,18832,河池,Hechi
18334,18638,融水,Rongshui
18335,18625,陆川,Luchuan
18336,18647,怀集,Huaiji
18337,18642,岑溪,Cenxi
18338,18641,镡津,Tanjin
18339,18658,宜伦,Yilun
18340,18656,会同,Huitong
18341,18854,利州,Li Zhou
18342,18645,富川,Fuchuan
18343,18820,苍梧,Cangwu
18344,18813,阳朔,Yangshuo
18345,18757,安化,Anhua
18346,18856,镇安路路,Zhen'an Lu
18347,18857,归顺州,Guishun Zhou
18348,18863,海康,Haikang
18349,18864,徐闻,Xuwen
18350,18660,感恩,Gan'en
18351,18840,思明路,Siming Lu
18352,18644,临贺,Linhe
18353,18814,永福,Yongfu
18354,18806,临桂,Lingui
18355,18830,忻城,Xincheng
18356,18636,永淳,Yongchun
18357,18712,通城,Tongcheng
18358,18687,播州军民安抚司,Bozhou Junmin'anfusi
18359,18336,常山,Changshan
18360,18865,遂溪,Suixi
18361,18296,昆山州,Kunshan Zhou
18362,18652,澄迈,Chengmai
18363,18324,鄞县,Yin Xian
18364,18310,无锡州,Wuxi Zhou
18365,18305,常州录事司,Changzhou Lushisi
18366,18306,晋陵,Jinling
18367,18302,嘉定州,Jiading Zhou
18368,18313,丹徒,Dantu
18369,18298,常熟州,Changshu Zhou
18370,18314,丹阳,Danyang
18371,18295,长洲,Changzhou
18372,18294,吴县,Wu Xian
18373,18321,分水,Fenshui
18374,18291,崇德州,Chongde Zhou
18375,18287,嘉兴录事司,Jiaxing Lushisi
18376,18289,海盐州,Haiyan Zhou
18377,18282,德清,Deqing
18378,18300,吴江州,Wujiang Zhou
18379,18710,蒲圻,Puqi
18380,18851,来安路,Lai'an Lu
18381,18389,休宁,Xiuning
18382,18334,龙游,Longyou
18383,18401,浮梁州,Fuliang Zhou
18384,18328,奉化州,Fenghua Zhou
18385,18327,定海,Dinghai
18386,18312,镇江录事司,Zhenjiang Lushisi
18387,18325,象山,Xiangshan
18388,18322,寿昌,Shouchang
18389,18307,武进,Wujin
18390,18273,富阳,Fuyang
18391,18337,开化,Kaihua
18392,18320,桐庐,Tonglu
18393,18319,遂安,Sui'an
18394,18318,淳安,Chun'an
18395,18317,建德,Jiande
18396,18326,慈溪,Cixi
18397,18676,省溪等处蛮夷军民长官司,Shengxi dengchu manyi zhangguansi
18398,18633,迁江,Qianjiang
18399,18668,思州军民安抚司,Sizhou Junmin'anfisi
18400,18670,镇远府,Zhenyuan Fu
18401,18671,古州,Guzhou
18402,18672,偏桥,Pianqiao
18403,18673,思印江等处蛮夷军民长官司,Siyinjiang dengchu manyi zhangguansi
18404,18852,潞城州,Lucheng Zhou
18405,18659,昌化,Changhua
18406,18737,辰溪,Chenxi
18407,18811,修仁,Xiuren
18408,18635,宁浦,Ningpu
18409,18694,水烟处,Shuiyan Chu
18410,18632,上林,Shanglin
18411,18631,岭方,Lingfang
18412,18628,来宾,Laibin
18413,18674,石千等处蛮夷军民长官司,Shiqian dengchu manyi zhangguansi
18414,18815,古县,Gu Xian
18415,18897,都云军民府,Duyun Junminfu
18416,18898,中都云板水等处蛮夷军民长官司,Zhongduyunbanshui dengchu manyi zhangguansi
18417,18899,陈蒙等处蛮夷军民长官司,Chenmeng dengchu manyi zhangguansi
18418,18901,定远府,Dingyuan Fu
18419,18900,乖西军民府,Guaixi Junminfu
18420,18741,卢阳,Luyang
18421,18891,卢番安抚司,Lufan Anfusi
18422,18888,韦番安抚司,Weifan Anfusi
18423,18721,武陵,Wuling
18424,18724,龙阳州,Longyang Zhou
18425,18730,安乡,Anxiang
18426,18728,澧阳,Liyang
18427,18729,石门,Shimen
18428,18731,慈利州,Cili Zhou
18429,18733,柿溪州,Shixi Zhou
18430,18620,兴业,Xingye
18431,18878,合浦,Hepu
18432,18853,泗城州,Sicheng Zhou
18433,18627,阳寿,Yangshou
18434,18690,珍州等处蛮夷军民长官司,Zhenzhou dengchu manyi zhangguansi
18435,18624,北流,Beiliu
18436,18691,旧州草堂等处蛮夷军民长官司,Jiuzhoucaotang dengchu manyi zhangguansi
18437,18692,容山等处蛮夷军民长官司,Rongshan dengchu manyi zhangguansi
18438,18693,平代月石等处蛮夷军民长官司,Pingdaiyueshi chu Changguansi
18439,18679,大万山等处蛮夷军民长官司,Dawanshan dengchu manyi zhangguansi
18440,18683,台蓬若洞处,Taipengruo Dongchu
18441,18681,乌罗等处蛮夷军民长官司,Wuluo dengchu manyi zhangguansi
18442,18611,兴山,Xingshan
18443,18842,凭祥,Pingxiang
18444,18845,龙州王府,Longzhou Wangfu
18445,18843,华阳,Huayang
18446,18844,上思州,Shangsi Zhou
18447,18841,江州,Jiang Zhou
18448,18833,南丹州,Nandan Zhou
18449,18754,善化,Shanhua
18450,18685,洪州泊李等洞蛮夷军民长官司,Hongzhouboli dengdong manyi zhangguansi
18451,17792,中江,Zhongjiang
18452,18639,怀远,Huaiyuan
18453,18609,秭归,Zigui
18454,18621,博白,Bobai
18455,18669,务川,Wuchuan
18456,18665,吉阳军,Jiyang Jun
18457,18678,沿河祐溪等处蛮夷军民长官司,Yanheyouxi dengchu manyi zhangguansi
18458,18680,铜人等处蛮夷军民长官司,Tongren dengchu manyi zhangguansi
18459,18629,武仙,Wuxian
18460,18675,黄道溪等处蛮夷军民长官司,Huangdaoxi dengchu manyi zhangguansi
18461,18663,陵水,Lingshui
18462,18662,万安,Wan'an
18463,18684,德明洞处,Deming Dongchu
18464,18677,平头着可等处蛮夷军民长官司,Pingtouzhuke dengchu manyi zhangguansi
18465,18689,白泥等处蛮夷军民长官司,Baini dengchu manyi zhangguansi
18466,18682,西山等处蛮夷军民长官司,Xishan dengchu manyi zhangguansi
18467,18666,宁远,Ningyuan
18468,18112,建昌路,Jianchang Lu
18469,18149,永昌州,Yongchang Zhou
18470,18025,定远,Dingyuan
18471,18181,马笼部,Malong Bu
18472,18045,鹤庆路,Heqing Lu
18473,18032,开南州,Kai'nan Zhou
18474,18029,南安州,Nan'an Zhou
18475,17971,瓜州,Gua Zhou
18476,18153,麻龙州,Malong Zhou
18477,18216,思陀部,Situo Bu
18478,18142,普济州,Puji Zhou
18479,18135,德昌路,Dechang Lu
18480,18138,德州,De Zhou
18481,18202,腾冲府,Tengchong Fu
18482,18225,富州,Fu Zhou
18483,18443,永福,Yongfu
18484,18184,太和,Taihe
18485,18113,中县,Zhong Xian
18486,17932,云阳州,Yunyang Zhou
18487,18000,顺宁府,Shunning Fu
18488,18396,鄱阳,Poyang
18489,17979,鸣沙州,Mingsha Zhou
18490,17977,灵州,Ling Zhou
18491,17970,沙州路,Shazhou Lu
18492,18224,广南西路,Guangnanxi Lu
18493,18162,石平州,Shiping Zhou
18494,18215,七溪部,Qixi Bu
18495,18026,定边,Dingbian
18496,18185,邓川州,Dengchuan Zhou
18497,18197,永昌府,Yongchang Fu
18498,18176,维摩州,Weimo Zhou
18499,18188,蒙化州,Menghua Zhou
18500,18182,思么部,Simo Bu
18501,18408,江宁,Jiangning
18502,17965,西凉州,Xiliang Zhou
18503,18419,贵池,Guichi
18504,18426,上饶,Shangrao
18505,18407,上元,Shangyuan
18506,18451,建安,Jian'an
18507,17695,通渭,Tongwei
18508,17964,永昌路,Yongchang Lu
18509,18422,铜陵,Tongling
18510,18446,福宁州,Funing Zhou
18511,18420,青阳,Qingyang
18512,18435,闽县,Min Xian
18513,18268,钱塘,Qiantang
18514,18417,繁昌,Fanchang
18515,18428,弋阳,Yiyang
18516,18415,当涂,Dangtu
18517,18430,永丰,Yongfeng
18518,18409,句容,Jurong
18519,18429,贵溪,Guixi
18520,18421,建德,Jiande
18521,18383,泾县,Jing Xian
18522,18159,拾资千户所,Shizi Qianhusuo
18523,18437,怀安,Huai'an
18524,18455,崇安,Chong'an
18525,18457,政和,Zhenghe
18526,18454,建阳,Jianyang
18527,18441,连江,Lianjiang
18528,18416,芜湖,Wuhu
18529,18444,福清州,Fuqing Zhou
18530,18397,德兴,Dexing
18531,18440,长乐,Changle
18532,18423,石埭,Shidai
18533,18438,古田,Gutian
18534,18436,侯官,Houguan
18535,18442,罗源,Luoyuan
18536,18433,建平,Jianping
18537,18432,广德,Guangde
18538,18399,余干州,Yugan Zhou
18539,18190,赵州,Zhao Zhou
18540,18560,宁都州,Ningdu Zhou
18541,18559,石城,Shicheng
18542,18557,信丰,Xinfeng
18543,18057,通安州,Tong'an Zhou
18544,18006,宜良,Yiliang
18545,18059,兰州,Lan Zhou
18546,211005,宁夏府路,Ningxiafu Lu
18547,18061,宝山州,Baoshan Zhou
18548,18552,建昌州,Jianchang Zhou
18549,18192,姚州,Yao Zhou
18550,18051,顺州,Shun Zhou
18551,18063,巨津州,Jujin Zhou
18552,18179,元江路,Yuanjiang Lu
18553,18066,北胜府,Beisheng Fu
18554,18050,丽江路,Lijiang Lu
18555,18034,威远州,Weiyuan Zhou
18556,18603,泷水,Longshui
18557,18590,归善,Guishan
18558,18577,南海,Nanhai
18559,18595,保昌,Baochang
18560,18578,番禺,Panyu
18561,18600,揭阳,Jieyang
18562,18599,潮阳,Chaoyang
18563,18564,会昌州,Huichang Zhou
18564,18521,高安,Gao'an
18565,18556,兴国,Xingguo
18566,18555,赣县,Gan Xian
18567,18606,四会,Sihui
18568,18241,英德州,Yingde Zhou
18569,18591,博罗,Boluo
18570,18569,新城,Xincheng
18571,18551,都昌,Duchang
18572,18180,步日部,Buri Bu
18573,18171,广西路,Guangxi Lu
18574,18078,南宁,Nanning
18575,18127,邛部州,Qiongbu Zhou
18576,18027,镇南州,Zhennan Zhou
18577,18147,黎溪州,Lixi Zhou
18578,18174,弥勒州,Mile Zhou
18579,18151,会理州,Huili Zhou
18580,18072,益良州,Yiliang Zhou
18581,18156,临安路,Lin'an Lu
18582,18073,强州,Qiang Zhou
18583,18172,师宗州,Shizong Zhou
18584,18160,建水州,Jianshui Zhou
18585,18158,蒙自,Mengzi
18586,18168,阿迷州,Ami Zhou
18587,18136,昌州,Chang Zhou
18588,18164,宁州,Ning Zhou
18589,18140,威龙州,Weilong Zhou
18590,18157,河西,Hexi
18591,18037,和曲州,Hequ Zhou
18592,18406,集庆录事司,Jiqing Lushisi
18593,18001,庆甸,Qingdian
18594,17995,闰盐,Runyan
18595,17993,归厚,Guihou
18596,18145,武安州,Wu'an Zhou
18597,18195,云南州,Yunnan Zhou
18598,18015,昆阳州,Kunyang Zhou
18599,17991,仁德府,Rende Fu
18600,18071,茫部路,Mangbu Lu
18601,18083,越州,Yue Zhou
18602,18024,威楚,Weichu
18603,18046,剑川,Jianchuan
18604,18079,陆凉州,Luliang Zhou
18605,18087,马龙州,Malong Zhou
18606,18090,霑益州,Zhanyi Zhou
18607,18085,罗雄州,Luoxiong Zhou
18608,17992,为美,Weimei
18609,17647,静宁州,Jingning Zhou
18610,17735,干州,Qian Zhou
18611,17688,开成,Kaicheng
18612,17631,汧阳,Qianyang
18613,17680,汶川,Wenchuan
18614,17686,麟游,Linyou
18615,17682,凤翔,Fengxiang
18616,18410,溧水州,Lishui Zhou
18617,17685,宝鸡,Baoji
18618,17665,芦山,Lushan
18619,17679,汶山,Wenshan
18620,17670,汉源,Hanyuan
18621,17664,名山,Mingshan
18622,17666,百丈,Baizhang
18623,17667,荣经,Yingjing
18624,17668,严道,Yandao
18625,17745,延安路,Yan'an Lu
18626,200012,池阳,Chiyang
18627,17739,商州,Shang Zhou
18628,17714,蓝田,Lantian
18629,17717,鄠县,Hu Xian
18630,17694,伏羌,Fuqiang
18631,17716,高陵,Gaoling
18632,17747,甘泉,Ganquan
18633,17621,泾川,Jingchuan
18634,211002,庆阳府,Qingyang Fu
18635,17618,新平,Xinping
18636,17707,合水,Heshui
18637,17702,狄道,Didao
18638,17703,渭源,Weiyuan
18639,17698,平凉,Pingliang
18640,17700,华亭,Huating
18641,17715,泾阳,Jingyang
18642,17683,扶风,Fufeng
18643,17689,广安州,Guang'an Zhou
18644,200035,长宁州,Changning zhou
18645,18493,南靖,Nanjing
18646,17656,两当,Liangdang
18647,17626,成纪,Chengji
18648,17746,肤施,Fushi
18649,17726,华州,Hua Zhou
18650,17936,开州,Kai Zhou
18651,17634,贞宁,Zhenning
18652,211013,安岳县,Anyuexian
18653,17633,宁州,Ning Zhou
18654,17939,宜宾,Yibin
18655,17940,庆符,Qingfu
18656,17942,宣化,Xuanhua
18657,17943,富顺州,Fushun Zhou
18658,17896,巴县,Ba Xian
18659,17945,高州,Gao Zhou
18660,15366,南皮,Nanpi
18661,17951,戎州,Rong Zhou
18662,17753,保安,Bao'an
18663,17711,咸阳,Xianyang
18664,17627,清水,Qingshui
18665,17859,剑州,Jian Zhou
18666,17748,宜川,Yichuan
18667,17749,延长,Yanchang
18668,17750,延川,Yanchuan
18669,17630,汧源,Qianyuan
18670,17752,安塞,Ansai
18671,18872,茂名,Maoming
18672,17754,鄜州,Fu Zhou
18673,17619,淳化,Chunhua
18674,211004,延安路,Yan'an Lu
18675,17628,秦安,Qin'an
18676,17655,徽州,Hui Zhou
18677,17622,灵台,Lingtai
18678,17648,隆德,Longde
18679,17751,安定,Anding
18680,18276,海宁州,Haining Zhou
18681,18271,临安,Lin'an
18682,18011,晋宁州,Jinning Zhou
18683,18004,昆明,Kunming
18684,18040,禄勤州,Luquan Zhou
18685,18002,宝通州,Baotong Zhou
18686,18121,礼州,Li Zhou
18687,18007,嵩明州,Songming Zhou
18688,18439,闽清,Minqing
18689,18005,富民,Fumin
18690,18269,仁和,Renhe
18691,18382,南陵,Nanling
18692,18264,华亭,Huating
18693,200008,上海,Shanghai
18694,18275,昌化,Changhua
18695,18274,于潜,Yuqian
18696,17719,郿县,Mei Xian
18697,18270,余杭,Yuhang
18698,18114,北舍,Beishe
18699,17948,马湖路,Mahu Lu
18700,18403,乐平州,Leping Zhou
18701,18424,东流,Dongliu
18702,18117,永宁州,Yongning Zhou
18703,18427,玉山,Yushan
18704,18115,建安州,Jian'an Zhou
18705,18019,安宁州,Anning Zhou
18706,18119,泸州,Lu Zhou
18707,18053,蒗蕖州,Langqu Zhou
18708,18097,江川,Jiangchuan
18709,18096,河阳,Heyang
18710,18099,新兴州,Xinxing Zhou
18711,18108,永宁州,Yongning Zhou
18712,18107,普定路,Puding Lu
18713,18110,镇宁州,Zhenning Zhou
18714,17996,金州,Jin Zhou
18715,18125,阔州,Kuo Zhou
18716,17709,咸宁,Xianning
18717,18131,姜州,Jiang Zhou
18718,17777,金州,Jin Zhou
18719,17699,崇信,Chongxin
18720,17773,凤州,Feng Zhou
18721,17772,西乡,Xixiang
18722,17771,褒城,Baocheng
18723,17780,定羌,Dingqiang
18724,17769,南郑,Nanzheng
18725,17781,宁河,Ninghe
18726,17763,葭州,Jia Zhou
18727,17710,长安,Chang'an
18728,17782,安乡,Anxiang
18729,17730,耀州,Yao Zhou
18730,17713,临潼,Lintong
18731,17720,同州,Tong Zhou
18732,18412,溧阳州,Liyang Zhou
18733,17770,城固,Chenggu
18734,18272,新城,Xincheng
18735,18263,华亭,Huating
18736,18103,路南州,Lu'nan Zhou
18737,18129,隆州,Long Zhou
18738,18133,苏州,Su Zhou
18739,18123,里州,Li Zhou
18740,18098,阳宗,Yangzong
18741,17693,宁远,Ningyuan
18742,18109,安顺州,Anshun Zhou
18743,17712,兴平,Xingping
18744,17775,洋州,Yang Zhou
18745,17692,陇西,Longxi
18746,17696,鄣县,Zhangxian
18747,17718,盩厔,Zhouzhi
18748,17759,绥德州,Suide Zhou
18749,17786,铁州,Tie Zhou
18750,17784,岷州,Min Zhou
18751,18055,永宁州,Yongning Zhou
18752,14864,褒信,Baoxin
18753,14890,平阴,Pingyin
18754,14879,宿城,Sucheng
18755,14891,中都,Zhongdu
18756,14884,卢县,Lu Xian
18757,14857,西平,Xiping
18758,400017,虹县,Hong Xian
18759,15128,乡县,Xiang Xian
18760,14868,钟山,Zhongshan
18761,14867,义阳,Yiyang
18762,14854,平舆,Pingyu
18763,14784,昨城,Zuocheng
18764,400020,平阴,Pingyin
18765,14809,太康,Taikang
18766,400019,东阿,Dong'e
18767,14848,定远,Dingyuan
18768,14862,上蔡,Shangcai
18769,14880,东平,Dongping
18770,14779,下蔡,Xiacai
18771,15120,长子,Zhangzi
18772,15122,潞城,Lucheng
18773,15123,潞子,Luci
18774,15125,黎城,Licheng
18775,14832,虹县,Hong Xian
18776,14889,平阴,Pingyin
18777,14888,巨野,Juye
18778,14878,须昌,Xuchang
18779,14881,天平,Tianping
18780,14882,阳谷,Yanggu
18781,14883,寿张,Shouzhang
18782,14841,涟水,Lianshui
18783,14869,罗山,Luoshan
18784,400191,天平军节度,Tianping Junjiedu
18785,14861,真阳,Zhenyang
18786,14886,东阿,Dong'e
18787,14828,符离,Fuli
18788,14847,钟离,Zhongli
18789,14989,阳谷,Yanggu
18790,400010,符离,Fuli
18791,14839,宿迁,Suqian
18792,14871,定城,Dingcheng
18793,14852,汝南,Ru'nan
18794,14842,下邳,Xiapei
18795,14822,符离,Fuli
18796,14810,项城,Xiangcheng
18797,400011,蕲县,Qi Xian
18798,14876,仙居,Xianju
18799,400231,武宁军节度,Wuning Junjiedu
18800,400230,感化军节度,Ganhua Junjiedu
18801,400510,兰陵县,Lanling
18802,14819,沛县,Pei Xian
18803,14825,蕲县,Qi Xian
18804,14885,东阿,Dong'e
18805,14817,萧县,Xiao Xian
18806,400211,昭义军节度,Zhaoyi Junjiedu
18807,14887,郓城,Yuncheng
18808,14874,光山,Guangshan
18809,14853,汝阳,Ruyang
18810,14813,溵水,Yinshui
18811,14873,固始,Gushi
18812,14840,徐城,Xucheng
18813,14818,丰县,Feng Xian
18814,14849,招义,Zhaoyi
18815,14820,滕县,Teng Xian
18816,14816,彭城,Pengcheng
18817,14823,符离,Fuli
18818,400009,溵水,Yinshui
18819,14830,蕲县,Qi Xian
18820,14812,溵水,Yinshui
18821,14811,南顿,Nandun
18822,14821,下邳,Xiapei
18823,400610,雁门,Yanmen
18824,15093,临泉,Linquan
18825,15099,鴈门,Yanmen
18826,15137,阳城,Yangcheng
18827,15112,鄯阳,Shanyang
18828,15108,飞狐,Feihu
18829,15097,定襄,Dingxiang
18830,15119,上党,Shangdang
18831,15107,灵邱,Lingqiu
18832,15105,安边,Anbian
18833,15102,唐林,Tanglin
18834,14859,朗山,Langshan
18835,15117,静边,Jingbian
18836,400016,临涣,Linhuan
18837,14837,临淮,Linhuai
18838,14843,虹县,Hong Xian
18839,15110,天成,Tiancheng
18840,14778,颍上,Yingshang
18841,14927,归化,Guihua
18842,14938,雷泽,Leize
18843,14939,临濮,Linpu
18844,14940,濮阳,Puyang
18845,14941,范县,Fan Xian
18846,14785,灵昌,Lingchang
18847,15115,云中,Yunzhong
18848,14943,诸城,Zhucheng
18849,15101,五台,Wutai
18850,14777,沈丘,Shenqiu
18851,14776,汝阴,Ruyin
18852,400008,临涣,Linhuan
18853,14771,鹿邑,Luyi
18854,14767,临涣,Linhuan
18855,14949,朐山,Qushan
18856,14838,宿预,Suyu
18857,14766,谯县,Qiao Xian
18858,15200,内黄,Neihuang
18859,14834,临涣,Linhuan
18860,15139,端氏,Duanshi
18861,15127,铜鞮,Tongdi
18862,15138,濩泽,Huoze
18863,15134,高平,Gaoping
18864,15133,丹川,Danchuan
18865,15090,离石,Lishi
18866,400190,大同军节度,Datong Junjiedu
18867,15167,楼烦,Loufan
18868,15043,仵城,Wucheng
18869,15103,崞州,Guo Zhou
18870,15106,兴唐,Xingtang
18871,15116,武周,Wuzhou
18872,15126,黎亭,Liting
18873,15132,晋城,Jincheng
18874,15135,陵川,Lingchuan
18875,15124,壶关,Huguan
18876,15100,繁畤,Fanshi
18877,400226,朔方军节度,Shuofang Junjiedu
18878,400340,单父,Shanfu
18879,15092,定胡,Dinghu
18880,400014,蕲县,Qi Xian
18881,15094,方山,Fangshan
18882,400013,符离,Fuli
18883,15109,清塞,Qingsai
18884,15091,平夷,Pingyi
18885,14844,虹县,Hong Xian
18886,15096,秀容,Xiurong
18887,15113,马邑,Mayi
18888,400608,大基,Daji
18889,15136,沁水,Qinshui
18890,15130,涉县,She Xian
18891,400602,浑源,Hunyuan
18892,15121,屯留,Tunliu
18893,400015,虹县,Hong Xian
18894,14654,绥德,Suide
18895,14617,临真,Linzhen
18896,14618,金明,Jinming
18897,14588,同川,Tongchuan
18898,14600,伏陆,Fulu
18899,14659,真卿,Zhenqing
18900,14589,洛源,Luoyuan
18901,14824,蕲县,Qi Xian
18902,14652,龙泉,Longquan
18903,14612,门山,Menshan
18904,14655,城平,Chengping
18905,14651,上县,Shang Xian
18906,14587,华池,Huachi
18907,14660,开光,Kaiguang
18908,400343,始平,Shiping
18909,14658,儒林,Rulin
18910,400245,宁塞军节度,Ningsai Junjiedu
18911,14608,义川,Yichuan
18912,14579,定平,Dingping
18913,14577,襄乐,Xiangle
18914,14584,乐蟠,Lepan
18915,14583,顺化,Shunhua
18916,14582,安化,Anhua
18917,14616,延长,Yanchang
18918,14522,乾元,Qianyuan
18919,14603,中部,Zhongbu
18920,14611,咸宁,Xianning
18921,14605,升平,Shengping
18922,14609,云岩,Yunyan
18923,400214,保大军节度,Baoda Junjiedu
18924,14621,金城,Jincheng
18925,14606,鄜城,Fucheng
18926,14623,罢交,Bajiao
18927,14688,山阴,Shanyin
18928,14604,宜君,Yijun
18929,14909,千乘,Qiancheng
18930,14664,延恩,Yan'en
18931,14912,寿光,Shouguang
18932,400337,博城,Bocheng
18933,14905,中都,Zhongdu
18934,14900,莱芜,Laiwu
18935,14903,任城,Rencheng
18936,14591,延庆,Yanqing
18937,14893,瑕邱,Xiaqiu
18938,14598,三川,Sanchuan
18939,14897,邹县,Zou Xian
18940,14898,龚邱,Gongqiu
18941,15391,河间,Hejian
18942,14901,曲阜,Qufu
18943,15357,弓高,Gonggao
18944,14945,安丘,Anqiu
18945,14894,金乡,Jinxiang
18946,14544,陈仓,Chencang
18947,14599,直罗,Zhiluo
18948,14619,丰林,Fenglin
18949,400208,定难军节度,Dingnan Junjiedu
18950,400550,献陵,Xianling
18951,14661,抚宁,Funing
18952,14585,马领,Maling
18953,400255,归义军节度,Guiyi Junjiedu
18954,14895,方舆,Fangyu
18955,14586,合水,Heshui
18956,14656,大斌,Dabin
18957,14594,蟠交,Panjiao
18958,14593,怀安,Huai'an
18959,14687,安北,Anbei
18960,14592,方渠,Fangqu
18961,14590,白马,Baima
18962,14601,甘泉,Ganquan
18963,14596,洛交,Luojiao
18964,14597,洛川,Luochuan
18965,14578,彭原,Pengyuan
18966,400269,镇国军节度,Zhenguo Junjiedu
18967,14679,河滨,Hebin
18968,14681,银城,Yincheng
18969,14680,连谷,Liangu
18970,14676,银城,Yincheng
18971,14674,新秦,Xinqin
18972,14684,永丰,Yongfeng
18973,400244,保塞军节度,Baosai Junjiedu
18974,14672,金河,Jinhe
18975,14669,单于,Shanyu
18976,14624,延昌,Yanchang
18977,14648,宁朔,Ningshuo
18978,14675,连谷,Liangu
18979,14531,白水,Baishui
18980,14525,华阴,Huayin
18981,14580,丰义,Fengyi
18982,14628,回乐,Huile
18983,400246,卫国军节度,Weiguo Junjiedu
18984,14855,吴房,Wufang
18985,14633,鸣沙,Mingsha
18986,14634,温池,Wenchi
18987,14631,保静,Baojing
18988,14653,延福,Yanfu
18989,14629,灵武,Lingwu
18990,14678,榆林,Yulin
18991,14632,怀远,Huaiyuan
18992,14646,朔方,Shuofang
18993,14636,会宁,Huining
18994,14637,乌兰,Wulan
18995,14643,白池,Baichi
18996,14640,五原,Wuyuan
18997,14642,兴宁,Xingning
18998,14991,平阴,Pingyin
18999,14615,延安,Yan'an
19000,14647,德静,Dejing
19001,14622,敷政,Fuzheng
19002,14526,下邽,Xiagui
19003,14500,奉天,Fengtian
19004,14499,醴泉,Liquan
19005,14498,三原,Sanyuan
19006,400553,终南山,Zhongnanshan
19007,14689,通济,Tongji
19008,14510,泾阳,Jingyang
19009,14575,罗川,Luochuan
19010,14504,咸阳,Xianyang
19011,14620,延川,Yanchuan
19012,14625,延水,Yanshui
19013,14614,肤施,Fushi
19014,14610,汾川,Fenchuan
19015,14683,九原,Jiuyuan
19016,14576,贞宁,Zhenning
19017,400511,丞县,Cheng xian
19018,14516,宜寿,Yishou
19019,14517,盩厔,Zhouzhi
19020,400515,敷水,Fushui
19021,14494,长安,Chang'an
19022,14535,郃阳,Heyang
19023,14496,新丰,Xinfeng
19024,400524,皇城,Huangcheng
19025,14626,门山,Menshan
19026,14501,奉先,Fengxian
19027,400549,五陵,Wuling
19028,14574,定安,Ding'an
19029,14649,长泽,Changze
19030,14630,安静,Anjing
19031,14493,长安,Chang'an
19032,14492,万年,Wannian
19033,14508,高陵,Gaoling
19034,14507,兴平,Xingping
19035,14524,郑州,Zheng Zhou
19036,400252,静难军节度,Jingnan Junjiedu
19037,15798,萧山,Xiaoshan
19038,15814,信安,Xin'an
19039,15792,山阴,Shanyin
19040,15787,清溪,Qingxi
19041,15788,分水,Fenshui
19042,15789,寿昌,Shouchang
19043,15791,会稽,Kuaiji
19044,15944,临川,Linchuan
19045,15799,萧山,Xiaoshan
19046,15827,松阳,Songyang
19047,15797,永兴,Yongxing
19048,15796,余姚,Yuyao
19049,15803,金华,Jinhua
19050,16095,招谕,Zhaoyu
19051,15826,松阳,Songyang
19052,15755,无锡,Wuxi
19053,15800,上虞,Shangyu
19054,15805,义乌,Yiwu
19055,14797,长社,Changshe
19056,15940,弋阳,Yiyang
19057,15942,贵溪,Guixi
19058,15937,弋阳,Yiyang
19059,15818,须江,Xujiang
19060,15829,遂昌,Suichang
19061,15823,括苍,Guacang
19062,15819,盈川,Yingchuan
19063,15815,西安,Xi'an
19064,15816,常山,Changshan
19065,15813,信安,Xin'an
19066,15825,松阳,Songyang
19067,15830,青田,Qingtian
19068,15828,缙云,Jinyun
19069,15831,龙泉,Longquan
19070,15742,丹徒,Dantu
19071,15806,永康,Yongkang
19072,16031,建阳,Jianyang
19073,15749,句容,Jurong
19074,15810,武义,Wuyi
19075,15809,武成,Wucheng
19076,15752,晋陵,Jinling
19077,16034,南安,Nan'an
19078,15794,山阴,Shanyin
19079,15784,桐庐,Tonglu
19080,16049,洋水,Yangshui
19081,15820,玉山,Yushan
19082,16021,连江,Lianjiang
19083,16019,长乐,Changle
19084,16018,侯官,Houguan
19085,16017,闽县,Min Xian
19086,16022,长溪,Changxi
19087,400240,威武军节度,Weiwu Junjiedu
19088,16062,宁夷,Ningyi
19089,16060,义泉,Yiquan
19090,15817,龙邱,Longqiu
19091,15932,新喻,Xinyu
19092,15745,金坛,Jintan
19093,15743,曲阿,Qu'e
19094,15746,延陵,Yanling
19095,15763,常熟,Changshu
19096,400052,句容,Jurong
19097,15808,兰溪,Lanxi
19098,15756,义兴,Yixing
19099,15750,句容,Jurong
19100,15753,武进,Wujin
19101,15801,剡县,Yan Xian
19102,15754,江阴,Jiangyin
19103,15758,吴县,Wu Xian
19104,15760,嘉兴,Jiaxing
19105,15786,还淳,Huanchun
19106,15744,丹阳,Danyang
19107,15762,海盐,Haiyan
19108,15946,崇仁,Chongren
19109,16065,思王,Siwang
19110,16066,思邛,Siqiong
19111,16071,扶阳,Fuyang
19112,16110,渭溪,Weiqi
19113,16000,祁阳,Qiyang
19114,15962,旌德,Jingde
19115,15945,南城,Nancheng
19116,15938,弋阳,Yiyang
19117,16107,建始,Jianshi
19118,15951,泾县,Jing Xian
19119,15933,萍乡,Pingxiang
19120,16009,永明,Yongming
19121,15995,高亭,Gaoting
19122,15994,资兴,Zixing
19123,15992,义昌,Yichang
19124,15935,上饶,Shangrao
19125,15952,当涂,Dangtu
19126,16101,潭阳,Tanyang
19127,16103,大乡,Daxiang
19128,16104,三亭,Santing
19129,16061,洋川,Yangchuan
19130,16106,清江,Qingjiang
19131,16090,叙浦,Xupu
19132,16120,溧阳,Liyang
19133,16111,梓姜,Zijiang
19134,16078,洛源,Luoyuan
19135,16119,溧水,Lishui
19136,16122,建安,Jian'an
19137,16124,充羁縻州,Chong Jimizhou
19138,16126,应羁縻州,Ying Jimizhou
19139,400053,山阴,Shanyin
19140,15925,新淦,Xin'gan
19141,15999,零陵,Lingling
19142,16070,城乐,Chengle
19143,15954,当涂,Dangtu
19144,15990,彬县,Chen Xian
19145,400057,溧阳,Liyang
19146,400058,溧水,Lishui
19147,15967,婺源,Wuyuan
19148,15968,绩溪,Jixi
19149,15966,休宁,Xiuning
19150,15955,溧阳,Liyang
19151,15964,歙县,She Xian
19152,15947,南丰,Nanfeng
19153,15936,玉山,Yushan
19154,16024,古田,Gutian
19155,16109,峨山,Eshan
19156,15928,彭泽,Pengze
19157,15929,都昌,Duchang
19158,15931,宜春,Yichun
19159,15927,浔阳,Xinyang
19160,15965,黟县,Yi Xian
19161,16008,宏道,Hongdao
19162,16029,邵武,Shaowu
19163,15941,永丰,Yongfeng
19164,16001,湘源,Xiangyuan
19165,16002,灌阳,Guanyang
19166,15971,秋浦,Qiupu
19167,15996,临武,Linwu
19168,400242,寕国军节度,Ningguo Junjiedu
19169,16004,桂阳,Guiyang
19170,15939,弋阳,Yiyang
19171,16010,延唐,Yantang
19172,16011,大历,Dali
19173,16012,江华,Jianghua
19174,400355,营道,Yingdao
19175,16015,武冈,Wugang
19176,15993,平阳,Pingyang
19177,16118,句容,Jurong
19178,15953,当涂,Dangtu
19179,14921,临济,Linji
19180,14728,芮城,Ruicheng
19181,14729,垣县,Yuan Xian
19182,14749,浚仪,Junyi
19183,14720,陜县,Shan Xian
19184,14800,鄢陵,Yanling
19185,14725,虞邑,Yuyi
19186,16027,建安,Jian'an
19187,14920,临邑,Linyi
19188,14732,卢氏,Lushi
19189,14922,长清,Changqing
19190,400021,临邑,Linyi
19191,14947,莒县,Ju Xian
19192,14799,许昌,Xuchang
19193,14955,临沂,Linyi
19194,14917,章邱,Zhangqiu
19195,14959,新泰,Xintai
19196,14727,平陆,Pinglu
19197,400270,保义军节度,Baoyi Junjiedu
19198,400266,淮宁军节度,Huaining Junjiedu
19199,400265,彰义军节度,Zhangyi Junjiedu
19200,400345,息州,Xi zhou
19201,400018,西平,Xiping
19202,14865,郾城,Yancheng
19203,14733,阌乡,Wenxiang
19204,14721,硖石,Xiashi
19205,14726,安邑,Anyi
19206,14756,砀山,Dangshan
19207,400221,永平军节度,Yongping Junjiedu
19208,400360,虞州,Yu zhou
19209,14786,酸枣,Suanzao
19210,14723,灵宝,Lingbao
19211,14724,夏县,Xia Xian
19212,14951,沭阳,Shuyang
19213,15033,洪洞,Hongtong
19214,14769,酂县,Zan Xian
19215,14953,Haizhou Coastal Waters,Haizhou Coastal Waters
19216,14937,鄄城,Juancheng
19217,14933,离狐,Lihu
19218,400257,宣武军节度,Xuanwu Junjiedu
19219,14923,山茌,Shanchi
19220,14772,蒙城,Mengcheng
19221,14926,禹城,Yucheng
19222,14774,贞源,Zhenyuan
19223,14932,成武,Chengwu
19224,400222,奉义军节度,Fengyi Junjiedu
19225,14770,城父,Chengfu
19226,14808,宛邱,Wanqiu
19227,14768,临涣,Linhuan
19228,14806,郾城,Yancheng
19229,14814,西华,Xihua
19230,400204,忠武军节度,Zhongwu Junjiedu
19231,14773,永城,Yongcheng
19232,14875,安乐,Anle
19233,14738,湖城,Hucheng
19234,14950,东海,Donghai
19235,14929,济阴,Jiyin
19236,14946,辅唐,Futang
19237,14956,沂水,Yishui
19238,14935,考城,Kaocheng
19239,14916,全节,Quanjie
19240,14993,范县,Fan Xian
19241,14952,怀仁,Huairen
19242,14915,历城,Licheng
19243,14961,掖县,Ye Xian
19244,14931,乘氏,Chengshi
19245,14919,临邑,Linyi
19246,14934,南华,Nanhua
19247,14918,亭山,Tingshan
19248,14930,冤句,Yuanju
19249,14992,长清,Changqing
19250,16048,洪杜,Hongdu
19251,14902,泗水,Sishui
19252,16042,长汀,Changting
19253,16043,沙县,Sha Xian
19254,16050,信宁,Xinning
19255,16051,都濡,Duru
19256,16023,尤溪,Youxi
19257,16038,龙溪,Longxi
19258,16033,晋江,Jinjiang
19259,16058,绥阳,Suiyang
19260,400200,武泰军节度,Wutai Junjiedu
19261,16054,乐温,Lewen
19262,16056,宾化,Binhua
19263,16053,涪陵,Fuling
19264,16040,龙岩,Longyan
19265,400220,宣武军节度,Xuanwu Junjiedu
19266,14863,新蔡,Xincai
19267,16047,黔江,Qianjiang
19268,400261,义胜军节度,Yisheng Junjiedu
19269,14925,祝阿,Zhu'e
19270,16035,莆田,Putian
19271,16036,仙游,Xianyou
19272,16064,务川,Wuchuan
19273,16028,浦城,Pucheng
19274,16030,将乐,Jiangle
19275,16014,邵阳,Shaoyang
19276,15793,山阴,Shanyin
19277,14752,封邱,Fengqiu
19278,400262,镇东军节度,Zhendong Junjiedu
19279,400260,威胜军节度,Weisheng Junjiedu
19280,15807,东阳,Dongyang
19281,15204,临河,Linhe
19282,15804,义乌,Yiwu
19283,16046,彭水,Pengshui
19284,16039,漳浦,Zhangpu
19285,16044,宁化,Ninghua
19286,14755,宋城,Songcheng
19287,14750,陈留,Chenliu
19288,14748,开封,Kaifeng
19289,400236,义成军节度,Yicheng Junjiedu
19290,400234,宣义军节度,Xuanyi Junjiedu
19291,14781,白马,Baima
19292,14787,匡城,Kuangcheng
19293,14783,卫南,Weinan
19294,14804,阳翟,Yangdi
19295,14805,襄城,Xiangcheng
19296,14803,扶沟,Fugou
19297,400264,奉国军节度,Fengguo Junjiedu
19298,14734,玉城,Yucheng
19299,14735,朱阳,Zhuyang
19300,14736,湖城,Hucheng
19301,14737,天平,Tianping
19302,16055,武龙,Wulong
19303,14722,挑林,Taolin
19304,14761,下邑,Xiayi
19305,14872,殷城,Yincheng
19306,14753,尉氏,Weishi
19307,14757,虞城,Yucheng
19308,14759,柘城,Zhecheng
19309,14763,襄邑,Xiangyi
19310,14731,弘农,Hongnong
19311,14798,长葛,Changge
19312,14762,单父,Shanfu
19313,14758,楚丘,Chuqiu
19314,14760,谷熟,Gushu
19315,14860,新息,Xinxi
19316,14751,雍邱,Yongqiu
19317,400235,永平军节度,Yongping Junjiedu
19318,14801,临颖,Linying
19319,14802,舞阳,Wuyang
19320,14782,韦城,Weicheng
19321,14764,宁陵,Ningling
19322,15051,石楼,Shilou
19323,15144,巨鹿,Julu
19324,15612,化城,Huacheng
19325,15387,固安,Gu'an
19326,15087,合河,Hehe
19327,15056,清源,Qingyuan
19328,15632,咸安,Xian'an
19329,15614,盘道,Pandao
19330,15594,万全,Wanquan
19331,15633,蓬山,Pengshan
19332,15613,盘道,Pandao
19333,15635,朗池,Langchi
19334,15617,归仁,Guiren
19335,15048,大宁,Daning
19336,15570,义清,Yiqing
19337,15067,清源,Qingyuan
19338,15580,顺政,Shunzheng
19339,15615,清化,Qinghua
19340,15616,曾口,Zengkou
19341,15634,朗池,Langchi
19342,400233,昭武军节度,Zhaowu Junjiedu
19343,15569,葭萌,Xiameng
19344,15568,益昌,Yichang
19345,400044,盘道,Pandao
19346,15046,隰川,Xichuan
19347,14899,干封,Qianfeng
19348,15053,晋阳,Jinyang
19349,15059,祁县,Qi Xian
19350,15050,永和,Yonghe
19351,15049,温泉,Wenquan
19352,15058,太谷,Taigu
19353,15047,蒲县,Pu Xian
19354,15057,寿阳,Shouyang
19355,15064,阳曲,Yangqu
19356,15595,尚安,Shang'an
19357,15054,太原,Taiyuan
19358,15055,榆次,Yuci
19359,15041,屈邑,Quyi
19360,15063,广阳,Guangyang
19361,400046,朗池,Langchi
19362,15576,梁泉,Liangquan
19363,15679,潾山,Linshan
19364,15660,苍溪,Cangxi
19365,15648,阆英,Langying
19366,15642,东乡,Dongxiang
19367,15624,大寅,Dayin
19368,15680,潾山,Linshan
19369,400045,宕渠,Dangqu
19370,400051,潾山,Linshan
19371,15646,巴渠,Baqu
19372,15592,帖夷,Tieyi
19373,15687,商洛,Shangluo
19374,15606,广纳,Guangna
19375,15620,恩阳,Enyang
19376,15621,七盘,Qipan
19377,15608,白石,Baishi
19378,15629,伏虞,Fuyu
19379,15666,岐平,Qiping
19380,15643,宣汉,Xuanhan
19381,15641,石鼓,Shigu
19382,15639,永穆,Yongmu
19383,15658,晋安,Jinan
19384,15682,潾水,Linshui
19385,15661,西水,Xishui
19386,15681,大竹,Dazhu
19387,15664,新政,Xinzheng
19388,15602,嘉川,Jiachuan
19389,15663,新井,Xinjing
19390,15644,新宁,Xinning
19391,15652,新浦,Xinpu
19392,15638,通川,Tongchuan
19393,15653,万岁,Wansui
19394,15625,蓬池,Pengchi
19395,15684,上洛,Shangluo
19396,15640,三冈,San'gang
19397,15627,良山,Liangshan
19398,15601,通平,Tongping
19399,15240,宗城,Zongcheng
19400,15578,河池,Hechi
19401,15631,宕渠,Dangqu
19402,15567,绵谷,Miangu
19403,15572,景谷,Jinggu
19404,15609,太平,Taiping
19405,15571,胤山,Yinshan
19406,15618,始宁,Shining
19407,15577,两当,Liangdang
19408,400049,岐平,Qiping
19409,15582,鸣水,Mingshui
19410,15588,曲水,Qushui
19411,15598,大牟,Damou
19412,15599,符阳,Fuyang
19413,15574,嘉川,Jiachuan
19414,15249,临黄,Linhuang
19415,15392,高阳,Gaoyang
19416,15607,符阳,Fuyang
19417,15622,大牟,Damou
19418,15597,难江,Nanjiang
19419,15610,东巴,Dongba
19420,15636,大竹,Dazhu
19421,15628,仪陇,Yilong
19422,400037,弓高,Gonggao
19423,15604,诺水,Nuoshui
19424,15248,顿邱,Dunqiu
19425,15266,获鹿,Huolu
19426,15259,行唐,Xingtang
19427,15265,井陉,Jingxing
19428,15251,清丰,Qingfeng
19429,15619,其章,Qizhang
19430,15250,观城,Guancheng
19431,15605,通江,Tongjiang
19432,15630,宕渠,Dangqu
19433,15427,昭义,Zhaoyi
19434,15350,长芦,Changlu
19435,15421,怀柔,Huairou
19436,15409,怀戎,Huairong
19437,15419,柳城,Liucheng
19438,15410,妫川,Guichuan
19439,400525,蓟门,Jimen
19440,15417,三河,Sanhe
19441,15412,密云,Miyun
19442,15331,恒阳,Hengyang
19443,400193,平卢军节度,Pinglu Junjiedu
19444,15398,清苑,Qingyuan
19445,15425,滏阳,Fuyang
19446,15382,归义,Guiyi
19447,15383,固安,Gu'an
19448,15375,潞县,Lu Xian
19449,15416,玉田,Yutian
19450,15435,深泽,Shenze
19451,15404,卢龙,Lulong
19452,15407,平州海岸海水,Pingzhou Coastal Waters
19453,15415,渔阳,Yuyang
19454,15430,行唐,Xingtang
19455,15142,柏仁,Bairen
19456,400546,襄平城,Xiangping
19457,15368,东光,Dongguang
19458,400545,辽东,Liaodong
19459,15380,昌平,Changping
19460,15423,昌黎,Changli
19461,15431,灵寿,Lingshou
19462,15401,长丰,Changfeng
19463,15432,恒阳,Hengyang
19464,15442,渤海都护府,Bohai Duhufu
19465,15335,鼓城,Gucheng
19466,15413,燕乐,Yanle
19467,15351,鲁城,Lucheng
19468,15393,平舒,Pingshu
19469,15374,广平,Guangping
19470,15406,马城,Macheng
19471,15376,武清,Wuqing
19472,15385,范阳,Fanyang
19473,15378,安次,Anci
19474,15426,邯郸,Handan
19475,15340,遒县,Qiu Xian
19476,400513,燕州总管府,Yanzhou zongguanfu
19477,15301,平昌,Pingchang
19478,15369,临津,Linjin
19479,15363,弓高,Gonggao
19480,15324,望都,Wangdu
19481,400248,义昌军节度,Yichang Junjiedu
19482,400060,唐县,Tang Xian
19483,400034,易县,Yi Xian
19484,400247,横海军节度,Henghai Junjiedu
19485,15373,广平,Guangping
19486,15399,文安,Wen'an
19487,15379,良乡,Liangxiang
19488,15397,莫县,Mo Xian
19489,15402,唐兴,Tangxing
19490,400038,广平,Guangping
19491,15394,束城,Shucheng
19492,15372,幽都,Youdu
19493,15400,任邱,Renqiu
19494,400218,保宁军节度,Baoning Junjiedu
19495,15316,安喜,Anxi
19496,15428,武安,Wu'an
19497,400251,义胜军节度,Yisheng Junjiedu
19498,15434,无极,Wuji
19499,15377,永清,Yongqing
19500,400254,卢龙军节度,Lulong Junjiedu
19501,15381,范阳,Fanyang
19502,400544,辽西总管府,Liaoxi zongguanfu
19503,15015,太平,Taiping
19504,400556,磨米城,Momicheng
19505,15004,温泉,Wenquan
19506,15003,河东,Hedong
19507,15002,河西,Hexi
19508,15016,万泉,Wanquan
19509,400351,汾阴,Binyin
19510,400217,保义军节度,Baoyi Junjiedu
19511,15032,岳阳,Yueyang
19512,15011,安邑,Anyi
19513,15027,襄陵,Xiangling
19514,15040,文城,Wencheng
19515,400024,垣县,Yuan Xian
19516,15088,岚谷,Langu
19517,15014,正平,Zhengping
19518,15018,翼城,Yicheng
19519,15034,霍邑,Huoyi
19520,15008,宝鼎,Baoding
19521,15070,孝义,Xiaoyi
19522,15141,龙冈,Longgang
19523,15256,九门,Jiumen
19524,15005,临晋,Linjin
19525,15037,冀氏,Jishi
19526,15006,猗氏,Yishi
19527,15039,吉昌,Jichang
19528,15031,神山,Shenshan
19529,400023,安邑,Anyi
19530,15009,解县,Jie Xian
19531,15082,平城,Pingcheng
19532,15020,闻喜,Wenxi
19533,15010,永乐,Yongle
19534,15069,西河,Xihe
19535,15017,曲沃,Quwo
19536,15025,垣县,Yuan Xian
19537,15024,夏县,Xia Xian
19538,15023,龙门,Longmen
19539,15035,赵城,Zhaocheng
19540,15085,宜芳,Yifang
19541,15071,介休,Jiexiu
19542,400529,蒲津,Pujin
19543,15076,和川,Hechuan
19544,15065,盂县,Yu Xian
19545,15066,乐平,Leping
19546,15061,交城,Jiaocheng
19547,15676,流江,Liujiang
19548,15022,稷山,Jishan
19549,15062,石艾,Shi'ai
19550,15021,绛县,Jiang Xian
19551,400275,护国军节度,Huguo Junjiedu
19552,15030,襄陵,Xiangling
19553,15044,吕香,Luxiang
19554,15029,临汾,Linfen
19555,15081,榆社,Yushe
19556,15083,和顺,Heshun
19557,15075,沁源,Qinyuan
19558,15080,辽山,Liaoshan
19559,15086,静乐,Jingle
19560,15077,绵上,Mianshang
19561,400219,天兵军节度,Tianbing Junjiedu
19562,15026,垣县,Yuan Xian
19563,15073,平遥,Pingyao
19564,15072,灵石,Lingshi
19565,15036,汾西,Fenxi
19566,15060,文水,Wenshui
19567,14552,吴山,Wushan
19568,14548,雍州,Yong Zhou
19569,14529,朝邑,Chaoyi
19570,14540,扶风,Fufeng
19571,14550,汧源,Qianyuan
19572,14541,普润,Purun
19573,400547,少陵,Shaoling
19574,14553,华亭,Huating
19575,14533,夏阳,Xiayang
19576,400238,保义军节度,Baoyi Junjiedu
19577,14547,郿县,Mei Xian
19578,14539,岐山,Qishan
19579,14570,三水,Sanshui
19580,400552,昭陵,Zhaoling
19581,14497,昭应,Zhaoying
19582,14551,汧阳,Qianyang
19583,14515,盩厔,Zhouzhi
19584,15189,冠氏,Guanshi
19585,400002,新丰,Xinfeng
19586,14509,栎阳,Liyang
19587,400514,平陵,Pingling
19588,14495,新丰,Xinfeng
19589,14512,华原,Huayuan
19590,400203,奉诚军节度,Fengcheng Junjiedu
19591,400223,佑国军节度,Youguo Junjiedu
19592,400202,匡国军节度,Kuangguo Junjiedu
19593,14514,鄠县,Hu Xian
19594,14506,蓝田,Lantian
19595,14503,云阳,Yunyang
19596,14554,南田,Nantian
19597,14565,平凉,Pingliang
19598,14521,真符,Zhenfu
19599,14505,渭南,Weinan
19600,400031,行唐,Xingtang
19601,14519,好畤,Haozhi
19602,15279,堂阳,Tangyang
19603,15292,柏乡,Baixiang
19604,15227,博平,Boping
19605,15662,奉国,Fengguo
19606,15289,平棘,Pingji
19607,15297,栾城,Luancheng
19608,15269,平山,Pingshan
19609,400189,成德军节度,Chengde Junjiedu
19610,400025,肥乡,Feixiang
19611,400026,曲周,Quzhou
19612,15155,肥乡,Feixiang
19613,15163,武安,Wu'an
19614,15154,洺水,Mingshui
19615,15158,曲周,Quzhou
19616,15581,长举,Changju
19617,14518,武功,Wugong
19618,14990,东阿,Dong'e
19619,14564,平高,Pinggao
19620,14528,冯翊,Fengyi
19621,14569,新平,Xinping
19622,14491,咸宁,Xianning
19623,14571,永寿,Yongshou
19624,15254,真定,Zhending
19625,14530,韩城,Hancheng
19626,14520,会昌,Huichang
19627,14532,西河,Xihe
19628,14572,宜禄,Yilu
19629,15280,阜城,Fucheng
19630,400030,灵寿,Lingshou
19631,400194,武顺军节度,Wushun Junjiedu
19632,400617,中山,Zhongshan
19633,14567,萧关,Xiaoguan
19634,14962,即墨,Jimo
19635,14997,砀山,Dangshan
19636,15172,武德,Wude
19637,15175,王屋,Wangwu
19638,15170,河内,Henei
19639,15174,获嘉,Huojia
19640,400001,长安,Chang'an
19641,15176,济源,Jiyuan
19642,14896,鱼台,Yutai
19643,14978,汜水,Sishui
19644,14998,虞城,Yucheng
19645,14958,承县,Cheng Xian
19646,14996,成武,Chengwu
19647,14995,单父,Shanfu
19648,15042,昌宁,Changning
19649,14944,高密,Gaomi
19650,14924,丰齐,Fengqi
19651,14543,麟游,Linyou
19652,400210,威胜军节度,Weisheng Junjiedu
19653,400005,白池,Baichi
19654,400004,五原,Wuyuan
19655,400007,延恩,Yan'en
19656,14911,北海,Beihai
19657,14904,平陆,Pinglu
19658,14910,临朐,Linqu
19659,15171,武陟,Wuzhi
19660,400268,平卢军节度,Pinglu Junjiedu
19661,14913,博昌,Bochang
19662,14907,益都,Yidu
19663,14908,临淄,Linzi
19664,14957,费县,Fei Xian
19665,14542,岐阳,Qiyang
19666,400224,泰宁军节度,Taining Junjiedu
19667,14558,灵台,Lingtai
19668,15173,修武,Xiuwu
19669,14534,澄城,Chengcheng
19670,400216,奉义军节度,Fengyi Junjiedu
19671,14559,临泾,Linjing
19672,14546,虢县,Guo Xian
19673,14557,鹑觚,Chungu
19674,14556,保定,Baoding
19675,14560,良原,Liangyuan
19676,14972,蓬莱,Penglai
19677,14562,潘原,Panyuan
19678,400239,彰义军节度,Zhangyi Junjiedu
19679,14566,百泉,Baiquan
19680,400215,保胜军节度,Baosheng Junjiedu
19681,14561,阴盘,Yinpan
19682,14502,富平,Fuping
19683,14513,同官,Tongguan
19684,14969,济阳,Jiyang
19685,15270,鼓城,Gucheng
19686,14980,温县,Wen Xian
19687,14979,河阴,Heyin
19688,14977,河阳,Heyang
19689,14974,文登,Wendeng
19690,14973,牟平,Mouping
19691,14511,美原,Meiyuan
19692,14983,溵水,Yinshui
19693,14970,高苑,Gaoyuan
19694,14988,卢县,Lu Xian
19695,14968,邹平,Zouping
19696,14967,长山,Changshan
19697,14966,淄川,Zichuan
19698,14964,胶水,Jiaoshui
19699,14963,昌阳,Changyang
19700,14975,黄县,Huang Xian
19701,15209,邺县,Ye Xian
19702,15160,临洺,Linming
19703,15192,昌乐,Changle
19704,15191,莘县,Shen Xian
19705,15196,临清,Linqing
19706,15267,石邑,Shiyi
19707,400212,昭义军节度,Zhaoyi Junjiedu
19708,15195,夏津,Xiajin
19709,15187,魏县,Wei Xian
19710,15198,宗城,Zongcheng
19711,15210,成安,Cheng'an
19712,15211,内黄,Neihuang
19713,15212,尧城,Yaocheng
19714,15201,成安,Cheng'an
19715,15150,青山,Qingshan
19716,15149,内邱,Neiqiu
19717,15219,滏阳,Fuyang
19718,15156,肥乡,Feixiang
19719,15197,永济,Yongji
19720,15203,清平,Qingping
19721,400348,武圣,Wusheng
19722,400192,天雄军节度,Tianxiong Junjiedu
19723,15258,灵寿,Lingshou
19724,15184,元城,Yuancheng
19725,15293,高邑,Gaoyi
19726,15193,南乐,Nanle
19727,15218,林虑,Linlu
19728,15152,永年,Yongnian
19729,15215,临漳,Linzhang
19730,15148,任县,Ren Xian
19731,15147,南和,Nanhe
19732,15146,平乡,Pingxiang
19733,15145,沙河,Shahe
19734,15143,尧山,Yaoshan
19735,15157,清漳,Qingzhang
19736,15208,安阳,Anyang
19737,15671,流溪,Liuxi
19738,15216,临河,Linhe
19739,15593,Ganchuan,Ganchuan
19740,15591,同昌,Tongchang
19741,400232,感义军节度,Ganyi Junjiedu
19742,15589,长松,Changsong
19743,15585,同谷,Tunggu
19744,15268,房山,Fangshan
19745,15584,上禄,Shanglu
19746,15686,洛南,Luonan
19747,15600,地平,Diping
19748,15672,西充,Xichong
19749,15678,渠江,Qujiang
19750,15657,阆中,Langzhong
19751,15665,岐平,Qiping
19752,15674,朗池,Langchi
19753,400613,明堂,Mingtang
19754,15586,长道,Changdao
19755,400050,相如,Xiangru
19756,15159,曲周,Quzhou
19757,15153,鸡泽,Jize
19758,15303,将陵,Jiangling
19759,15199,经城,Jingcheng
19760,15689,安业,Anye
19761,15670,相如,Xiangru
19762,15677,始安,Shi'an
19763,15669,相如,Xiangru
19764,400028,南乐,Nanle
19765,15688,上津,Shangjin
19766,15659,南部,Nanbu
19767,15673,岳池,Yuechi
19768,15573,三泉,Sanquan
19769,15539,光化,Guanghua
19770,400253,兴平军节度,Xingping Junjiedu
19771,15685,丰阳,Fengyang
19772,15668,南充,Nanchong
19773,15285,安平,Anping
19774,15237,清河,Qinghe
19775,15129,襄垣,Xiangyuan
19776,15257,灵寿,Lingshou
19777,15290,元氏,Yuanshi
19778,15296,宁晋,Ningjin
19779,15272,信都,Xindu
19780,15246,永济,Yongji
19781,15283,鹿城,Lucheng
19782,15244,鄃县,Shu Xian
19783,15286,乐寿,Leshou
19784,15243,临清,Linqing
19785,15181,贵乡,Guixiang
19786,15242,漳南,Zhangnan
19787,16505,思恩,Si'en
19788,15231,新乡,Xinxiang
19789,15238,历亭,Liting
19790,15284,饶阳,Raoyang
19791,15234,黎阳,Liyang
19792,15274,南宫,Nangong
19793,15275,武邑,Wuyi
19794,15276,下博,Xiabo
19795,15277,武强,Wuqiang
19796,15278,枣强,Zaoqiang
19797,15273,衡水,Hengshui
19798,15232,卫县,Wei Xian
19799,15255,槁城,Gaocheng
19800,15245,夏津,Xiajin
19801,15260,行唐,Xingtang
19802,15230,汲县,Ji Xian
19803,15233,共城,Gongcheng
19804,15291,临城,Lincheng
19805,15294,赞皇,Zanhuang
19806,15241,经城,Jingcheng
19807,400029,武水,Wushui
19808,15295,昭庆,Zhaoqing
19809,15236,清阳,Qingyang
19810,15202,洹水,Yuanshui
19811,400241,昭义军节度,Zhaoyi Junjiedu
19812,15282,陆泽,Luze
19813,15214,洹水,Yuanshui
19814,15239,东武城,Dong Wucheng
19815,15389,新城,Xincheng
19816,15388,新昌,Xinchang
19817,15386,归义,Guiyi
19818,15395,博野,Boye
19819,15217,荡阴,Tangyin
19820,15224,武水,Wushui
19821,15223,武水,Wushui
19822,15221,聊城,Liaocheng
19823,15225,堂邑,Tangyi
19824,15161,平恩,Pingen
19825,15405,石城,Shicheng
19826,15287,博野,Boye
19827,15222,聊邑,Liaoyi
19828,15205,临黄,Linhuang
19829,16328,贵平,Guiping
19830,15188,馆陶,Guantao
19831,15213,永定,Yongding
19832,15190,朝城,Chaocheng
19833,15162,邯郸,Handan
19834,15228,高唐,Gaotang
19835,15226,清平,Qingping
19836,2942,泰州,Tai Zhou
19837,2935,宁塞,Ningsai
19838,2933,长泰,Changtai
19839,2936,长宁,Changning
19840,2934,卢川,Luchuan
19841,2938,朔平,Shuoping
19842,2932,临潢,Linhuang
19843,3979,长庆,Changqing
19844,4188,兴城,Xingcheng
19845,3956,嫔州,Pin Zhou
19846,3968,东那,Dongna
19847,4238,三河,Sanhe
19848,4251,滦县,Luan Xian
19849,4228,新城,Xincheng
19850,4226,范阳,Fanyang
19851,4254,马城,Macheng
19852,4229,归义,Guiyi
19853,4222,檀州,Tan Zhou
19854,4252,义丰,Yifeng
19855,4223,密云,Miyun
19856,4227,固安,Gu'an
19857,4141,惠州,Hui Zhou
19858,4256,滦州海岸海水,Luanzhou Coastal Waters
19859,4232,易县,Yi Xian
19860,4239,玉田,Yutian
19861,4225,涿州,Zhuo Zhou
19862,4153,榆州,Yu Zhou
19863,4147,武安州,Wu'an Zhou
19864,4138,恩州,En Zhou
19865,4159,滦河,Luanhe
19866,4155,永和,Yonghe
19867,4150,利州,Li Zhou
19868,4151,阜俗,Fousu
19869,4157,泽州,Ze Zhou
19870,4258,广宁,Guangning
19871,4274,德州,De Zhou
19872,4301,儒州,Ru Zhou
19873,4270,弘州,Hong Zhou
19874,4297,文德,Wende
19875,4272,顺圣,Shunsheng
19876,4288,天德州,Tiande Zhou
19877,4296,归化州,Guihua Zhou
19878,4275,宣德,Xuande
19879,4319,神武,Shenwu
19880,4302,缙山,Jinshan
19881,4299,怀来,Huailai
19882,4255,石城,Shicheng
19883,4318,武州,Wu Zhou
19884,4253,义丰,Yifeng
19885,4220,怀柔,Huairou
19886,4236,蓟州,Ji Zhou
19887,4234,容城,Rongcheng
19888,4237,鱼阳,Yuyang
19889,4241,景州,Jing Zhou
19890,4233,涞水,Laishui
19891,4219,顺州,Shun Zhou
19892,4242,遵化,Zunhua
19893,4231,易州,Yi Zhou
19894,4179,盛吉,Shengji
19895,4271,永宁,Yongning
19896,4050,清州,Qing Zhou
19897,4148,沃野,Woye
19898,3983,率宾,Shuaibin
19899,3966,正州,Zheng Zhou
19900,3994,开义,Kaiyi
19901,4002,岩州,Yan Zhou
19902,4012,棋州,Qi Zhou
19903,3976,嘉州,Jia Zhou
19904,4013,庆云,Qingyun
19905,4052,雍州,Yong Zhou
19906,4044,静远,Jingyuan
19907,3970,慕州,Mu Zhou
19908,4043,益州,Yi Zhou
19909,4046,安远州,Anyuan Zhou
19910,4003,白岩,Boyan
19911,3964,丰州,Feng Zhou
19912,3935,穆州,Mu Zhou
19913,3953,耀州,Yao Zhou
19914,3933,盐州,Yan Zhou
19915,3954,岩渊,Yanyuan
19916,3982,康州,Kang Zhou
19917,3962,桓州,Huan Zhou
19918,3978,辽西州,Liaoxi Zhou
19919,4048,威州,Wei Zhou
19920,4154,和众,Hezhong
19921,3967,正州,Zheng Zhou
19922,4144,高州,Gao Zhou
19923,4203,润州,Run Zhou
19924,4199,海滨,Haibin
19925,4201,迁民,Qianming
19926,4198,隰州,Xi Zhou
19927,4187,严州,Yan Zhou
19928,4204,海阳,Haiyang
19929,4178,黔州,Qian Zhou
19930,4161,北安州,Bei'an Zhou
19931,3981,康州,Kang Zhou
19932,4175,安德州,Ande Zhou
19933,4162,兴化,Xinghua
19934,4167,松山州,Songshan Zhou
19935,4168,松山,Songshan
19936,4165,龙山,Longshan
19937,4158,神山,Shenshan
19938,4145,三韩,Sanhan
19939,4142,惠和,Huihe
19940,4139,恩化,Enhua
19941,4164,潭州,Tan Zhou
19942,3993,海北州,Haibei Zhou
19943,3984,率宾,Shuaibin
19944,4176,安德,Ande
19945,5587,广济,Guangji
19946,5675,江华,Jianghua
19947,5641,新宁,Xinning
19948,5665,黔阳,Qianyang
19949,5640,武冈州,Wugang Zhou
19950,5673,宁远,Ningyuan
19951,5550,大冶,Daye
19952,5674,永明,Yongming
19953,5588,黄梅,Huangmei
19954,5575,应山,Yingshan
19955,5664,沅州,Yuan Zhou
19956,5586,蕲州,Qi Zhou
19957,5551,通山,Tongshan
19958,5549,兴国州,Xingguo Zhou
19959,5666,麻阳,Mayang
19960,5672,道州,Dao Zhou
19961,5650,桂阳州,Guiyang Zhou
19962,5574,随州,Sui Zhou
19963,5651,临武,Linwu
19964,5652,蓝山,Lanshan
19965,5246,石泉,Shiquan
19966,5598,荆门州,Jingmen Zhou
19967,5601,夷陵州,Yiling Zhou
19968,5599,当阳,Dangyang
19969,5248,汉阴,Hanyin
19970,5602,长阳,Changyang
19971,5606,归州,Gui Zhou
19972,5604,远安,Yuan'an
19973,5603,宜都,Yidu
19974,5618,石门,Shimen
19975,5620,安乡,Anxiang
19976,5244,金州,Jin Zhou
19977,5247,洵阳,Xunyang
19978,5619,慈利,Cili
19979,5617,澧州,Li Zhou
19980,5245,平利,Pingli
19981,5610,巴东,Badong
19982,4661,英山,Yingshan
19983,4585,灵璧,Lingbi
19984,4633,如皋,Rugao
19985,4632,泰州,Tai Zhou
19986,4581,盱眙,Xuyi
19987,4577,霍丘,Huoqiu
19988,4628,高邮州,Gaoyou Zhou
19989,4646,海州,Hai Zhou
19990,4650,宿迁,Suqian
19991,4649,邳州,Pei Zhou
19992,303638,下邳,Xiapei
19993,4629,兴化,Xinghua
19994,4651,睢宁,Suining
19995,4630,宝应,Baoying
19996,4658,巢县,Chao Xian
19997,4660,六安州,Lu'an Zhou
19998,4657,无为州,Wuwei Zhou
19999,4635,通州,Tong Zhou
20000,4589,太和,Taihe
20001,4647,赣榆,Ganyu
20002,4576,寿州,Shou Zhou
20003,4578,蒙城,Mengcheng
20004,4587,颖州,Ying Zhou
20005,4590,亳县,Bo Xian
20006,4588,颍上,Yingshang
20007,4584,宿州,Su Zhou
20008,4582,天长,Tianchang
20009,4636,海门,Haimen
20010,4580,泗州,Si Zhou
20011,5717,驴迟峒长官司,Luchidong Zhangguansi
20012,4959,潍县,Wei Xian
20013,4962,胶州,Jiao Zhou
20014,4963,高密,Gaomi
20015,4960,昌邑,Changyi
20016,4958,平度州,Pingdu Zhou
20017,4954,文登,Wendeng
20018,5718,施溶溪长官司,Shirongxi Zhangguansi
20019,5715,腊惹峒长官司,Laruodong Zhangguansi
20020,5719,白崖峒州,Baiyaidong Zhou
20021,5720,田家峒长官司,Tianjiadong Zhangguansi
20022,5716,麦着黄峒长官司,Maizhuhuangdong Zhangguansi
20023,5128,淅川,Xichuan
20024,4953,宁海州,Ninghai Zhou
20025,4537,滦州,Luan Zhou
20026,4539,滦州海岸海水,Luanzhou Coastal Waters
20027,4538,乐亭,Leting
20028,5131,舞阳,Wuyang
20029,5130,裕州,Yu Zhou
20030,5566,均州,Jun Zhou
20031,4412,平峪,Pingyu
20032,5124,邓州,Deng Zhou
20033,5132,叶县,Ye Xian
20034,5125,内乡,Neixiang
20035,5127,新野,Xinye
20036,4409,玉田,Yutian
20037,4400,涿州,Zhuo Zhou
20038,4408,蓟州,Ji Zhou
20039,4405,大城,Dacheng
20040,4964,即墨,Jimo
20041,4403,霸州,Ba Zhou
20042,4401,房山,Fangshan
20043,4410,丰润,Fengrun
20044,4406,保定,Baoding
20045,4411,遵化,Zunhua
20046,4404,文安,Wen'an
20047,4473,曲阳,Quyang
20048,4450,景州,Jing Zhou
20049,4472,新乐,Xinle
20050,4528,开州,Kai Zhou
20051,4529,长垣,Changyuan
20052,4496,衡水,Hengshui
20053,4478,新河,Xinhe
20054,4479,枣强,Zaoqiang
20055,4432,高阳,Gaoyang
20056,4429,束鹿,Shulu
20057,4477,南宫,Nangong
20058,4476,冀州,Ji Zhou
20059,4431,安州,An Zhou
20060,4427,祁州,Qi Zhou
20061,4428,深泽,Shenze
20062,4433,新安,Xin'an
20063,4458,庆云,Qingyun
20064,4456,南皮,Nanpi
20065,4455,沧州,Cang Zhou
20066,4488,柏乡,Baixiang
20067,4471,定州,Ding Zhou
20068,4493,宁晋,Ningjin
20069,4530,东明,Dongming
20070,4483,安平,Anping
20071,4480,武邑,Wuyi
20072,4490,高邑,Gaoyi
20073,4474,行唐,Xingtang
20074,4484,饶阳,Raoyang
20075,4482,晋州,Jin Zhou
20076,4485,武强,Wuqiang
20077,4491,临城,Lincheng
20078,4489,隆平,Longping
20079,4487,赵州,Zhao Zhou
20080,4492,赞皇,Zanhuang
20081,4452,东光,Dongguang
20082,4457,盐山,Yanshan
20083,4451,吴桥,Wuqiao
20084,4495,深州,Shen Zhou
20085,4453,故城,Gucheng
20086,6115,河源,Heyuan
20087,6114,连平州,Lianping Zhou
20088,5326,碾伯守御千户所,Nianbo Shouyuqianhusuo
20089,6116,和平,Heping
20090,5316,府谷,Fugu
20091,5292,宁州,Ning Zhou
20092,5313,葭州,Jia Zhou
20093,5307,宜君,Yijun
20094,5305,洛川,Luochuan
20095,5306,中部,Zhongbu
20096,5293,贞宁,Zhenning
20097,5315,神木,Shenmu
20098,5309,绥德州,Suide Zhou
20099,5310,清涧,Qingjian
20100,5311,米脂,Mizhi
20101,5304,鄜州,Fu Zhou
20102,5314,吴堡,Wubao
20103,4811,马邑,Mayi
20104,4816,灵丘,Lingqiu
20105,4808,山阴,Shanyin
20106,4815,广昌,Guangchang
20107,4807,应州,Ying Zhou
20108,4810,朔州,Shuo Zhou
20109,4814,广灵,Guangling
20110,4805,浑源州,Hunyuan Zhou
20111,300303,摩泥千户所,Moni qianhusuo
20112,302214,柔远守御千户所,Rouyuan shouyu qianhusuo
20113,302215,定南守御千户所,Dingnan shouyu qianhusuo
20114,5824,叠溪长官司,Diexi Zhangguansi
20115,302184,郁即长官司,Yuji zhangguansi
20116,302239,金齿千户所,Jinchi qianhusuo
20117,300288,永平前前千户所,Yongping qian-qian qianhusuo
20118,300286,镇安守御千户所,Zhen'an shouyu qianhusuo
20119,302240,永昌守御千户所,Yongchang shouyu qianhusuo
20120,300289,永平右右千户所,Yongping youyou qianhusuo
20121,302242,腾冲守御千户所,Tengchong shouyu qianhusuo
20122,300280,定远千户所,Dingyuan qianhusuo
20123,300302,白撒千户所,Baisa qianhusuo
20124,302212,威武守御千户所,Weiwu shouyu qianhusuo
20125,302213,赫声守御千户所,Hesheng shouyu qianhusuo
20126,300308,守御七星关后千户所,Shouyu Qixingguan hou qianhusuo
20127,302204,乐民守御千户所,Lemin shouyu qianhusuo
20128,302167,白城子守御千户所,Baichengzi shouyu qianhusuo
20129,300305,阿落密千户所,Aluomi qianhusuo
20130,300282,守御姚安千户所,Shouyu Yao'an qianhusuo
20131,6602,大平伐长官司,Dapingfa Zhangguansi
20132,302206,安笼守御千户所,Anlong shouyu qianhusuo
20133,302270,长乐守御千户所,Changle shouyu qianhusuo
20134,302267,东莞守御千户所,Dongguan shouyu qianhusuo
20135,302227,卢氏守御百户所,Lushi shouyu baihusuo
20136,302229,卫辉守御前千户所,Weihui shouyu qian qianhusuo
20137,302228,永宁守御百户所,Yongningshouyu baihusuo
20138,6548,金齿军民指挥使司,Jinchi Junminzhihuishisi
20139,302243,定雄守御千户所,Dingxiong shouyu qianhusuo
20140,300287,镇姚守御千户所,Zhenyao shouyu qianhusuo
20141,300278,守御通海前前千户所,Shouyu Tonghai qian-qian qianhusuo
20142,300283,姚安中屯千户所,Yao'an zhong tunqianhusuo
20143,302234,鹤庆前前千户所,Heqing qianqian qianhusuo
20144,302235,鹤庆右右千户所,Heqing youyou qianhusuo
20145,302277,靖海守御千户所,Jinghai shouyu qianhusuo
20146,302205,安南千户所,Annan qianhusuo
20147,6594,丹行长官司,Danxing Zhangguansi
20148,6591,新添长官司,Xintian Zhangguansi
20149,302197,浔州守御千户所,Xunzhou shouyu qianhusuo
20150,302189,迷易守御千户所,Miyi shouyu qianhusuo
20151,5955,打冲河千户所,Dachonghe Qianhusuo
20152,302296,余姚守御千户所,Yuyao shouyu qianhusuo
20153,300053,楚门守御千户所,Chumen shouyu qianhusuo
20154,300051,健跳守御千户所,Jiantiao shouyu qianhusuo
20155,300047,钱仓守御千户所,Qiancang shouyu qianhusuo
20156,300058,壮士守御千户所,Zhuangshi shouyu qianhusuo
20157,300055,瑞安守御千户所,Rui'an shouyu qianhusuo
20158,300056,海安守御千户所,Hai'an shouyu qianhusuo
20159,300040,三山守御千户所,Sanshi shouyu qianhusuo
20160,300046,爵溪守御千户所,Juexi shouyu qianhusuo
20161,302268,连州守御千户所,Lianzhou shouyu qianhusuo
20162,302269,龙川守御千户所,Longchuan shouyu qianhusuo
20163,300045,石浦守御后千户所,Shipu shouyu hou qianhusuo
20164,300060,蒲歧守御千户所,Puqi shouyu qianhusuo
20165,302295,海门卫守御前千户所,Haimen wei shouyu qian qianhusuo
20166,302293,舟山中左千户所,Zhoushan zhongzuo qianhusuo
20167,302292,舟山中中千户所,Zhoushan zhongzhong qianhusuo
20168,300050,桃渚守御千户所,Taozhu shouyu qianhusuo
20169,300033,澉浦守御千户所,Ganpu shouyu qianhusuo
20170,300059,沙园守御千户所,Shayuan shouyu qianhusuo
20171,300034,乍浦守御千户所,Zhapu shouyu qianhusuo
20172,300044,石浦守御前千户所,Shipu shouyu qian qianhusuo
20173,300049,新河守御千户所,Xinhe shouyu qianhusuo
20174,300042,郭衢守御千户所,Guoqu shouyu qianhusuo
20175,302297,盘石守御后千户所,Panshi shouyu hou qianhusuo
20176,300037,定海中左千户所,Dinghai zhong-zuo qianhusuo
20177,300038,定海中中千户所,Dinghai zhong-zhong qianhusuo
20178,300041,大嵩守御千户所,Dasong shouyu qianhusuo
20179,300043,龙山守御千户所,Longshan shouyu qianhusuo
20180,300061,宁村守御千户所,Ningcun shouyu qianhusuo
20181,300052,隘顽守御千户所,Aiwan shouyu qianhusuo
20182,300039,沥海守御千户所,Lihai shouyu qianhusuo
20183,300057,蒲门守御千户所,Pumeni shouyu qianhusuo
20184,302266,大鹏守御千户所,Dapeng shouyu qianhusuo
20185,302274,海门守御千户所,Haimen shouyu qianhusuo
20186,302271,河源守御千户所,Heyuan shouyu qianhusuo
20187,302273,潮阳守御千户所,Chaoyang shouyu qianhusuo
20188,302272,程乡守御千户所,Chengxiang shouyu qianhusuo
20189,302276,大埕守御千户所,Dacheng shouyu qianhusuo
20190,302278,澄海守御千户所,Chenghai shouyu qianhusuo
20191,4923,武城,Wucheng
20192,4746,繁畤,Fanshi
20193,4867,海丰,Haifeng
20194,4928,朝城,Chaocheng
20195,4752,五寨堡,Wuzhai Bao
20196,4799,石楼,Shilou
20197,4920,高唐州,Gaotang Zhou
20198,4744,代州,Dai Zhou
20199,4741,忻州,Xin Zhou
20200,4926,范县,Fan Xian
20201,4758,宁乡,Ningxiang
20202,4893,济宁州,Jining Zhou
20203,4745,五台,Wutai
20204,5115,阌乡,Wenxiang
20205,4742,定襄,Dingxiang
20206,4861,德州,De Zhou
20207,4749,岢岚州,Kelan Zhou
20208,4944,日照,Rizhao
20209,4777,河津,Hejin
20210,4871,滨州,Bin Zhou
20211,5058,商水,Shangshui
20212,4757,石州,Shi Zhou
20213,4798,大宁,Daning
20214,5047,宁陵,Ningling
20215,4922,夏津,Xiajin
20216,4738,平定州,Pingding Zhou
20217,4750,岚县,Lan Xian
20218,4739,乐平,Leping
20219,4751,兴县,Xing Xian
20220,4747,崞县,Guo Xian
20221,4776,万泉,Wanquan
20222,4894,嘉祥,Jiaxiang
20223,4773,临晋,Linjin
20224,4943,沂水,Yishui
20225,303344,颍上,Yingshang
20226,4942,莒州,Ju Zhou
20227,4772,蒲州,Pu Zhou
20228,4795,乡宁,Xiangning
20229,4925,濮州,Pu Zhou
20230,4800,永和,Yonghe
20231,4781,夏县,Xia Xian
20232,4927,观城,Guancheng
20233,4872,利津,Lijin
20234,4775,猗氏,Yishi
20235,4780,安邑,Anyi
20236,4905,沂州,Yi Zhou
20237,4779,解州,Jie Zhou
20238,4787,稷山,Jishan
20239,4774,荣河,Ronghe
20240,4783,平陆,Pinglu
20241,4921,恩县,En Xian
20242,4784,芮城,Ruicheng
20243,303647,梁县,Liang Xian
20244,4907,费县,Fei Xian
20245,4782,闻喜,Wenxi
20246,303676,洞庭湖,Dongting Hu
20247,5116,卢氏,Lushi
20248,4859,莱芜,Laiwu
20249,4896,郓城,Yuncheng
20250,5153,光山,Guangshan
20251,5157,商城,Shangcheng
20252,4857,泰安州,Tai'an Zhou
20253,4862,德平,Deping
20254,4895,巨野,Juye
20255,303639,保定卫,Baoding Wei
20256,4797,隰州,Xi Zhou
20257,4868,乐陵,Leling
20258,4866,阳信,Yangxin
20259,4858,新泰,Xintai
20260,303643,西陲,Xichui
20261,303646,白沟河,Baigou He
20262,4906,郯城,Tancheng
20263,4789,垣曲,Yuanqu
20264,5113,陕州,Shan Zhou
20265,4889,曹州,Cao Zhou
20266,4875,滨州海岸海水,Binzhou Coastal Waters
20267,4788,绛县,Jiang Xian
20268,4794,吉州,Ji Zhou
20269,4890,曹县,Cao Xian
20270,4786,绛州,Jiang Zhou
20271,4865,武定州,Wuding Zhou
20272,4874,蒲台,Putai
20273,4898,东平州,Dongping Zhou
20274,4863,平原,Pingyuan
20275,4869,商河,Shanghe
20276,4791,霍县,Huo Xian
20277,5084,磁州,Ci Zhou
20278,5154,固始,Gushi
20279,4873,霑化,Zhanhua
20280,4792,灵石,Lingshi
20281,4891,定陶,Dingtao
20282,6406,归化,Guihua
20283,6191,陵水,Lingshui
20284,6190,万宁,Wanning
20285,5076,河阴,Heyin
20286,6515,大姚,Dayao
20287,6087,阳山,Yangshan
20288,6157,开建,Kaijian
20289,5053,睢县,Sui Xian
20290,6187,昌化,Changhua
20291,5059,西华,Xihua
20292,6527,禄劝州,Luquan Zhou
20293,6499,大候御夷州,Dahou Yuyizhou
20294,6156,封川,Fengchuan
20295,6186,宜伦,Yilun
20296,6542,临西,Linxi
20297,5066,郾城,Yancheng
20298,5853,德阳,Deyang
20299,6500,猛缅长官司,Mengmian Zhangguansi
20300,6165,石城,Shicheng
20301,6189,万州,Wan Zhou
20302,5067,长葛,Changge
20303,6507,陆凉州,Luliang Zhou
20304,6185,儋州,Dan Zhou
20305,6193,崖州,Ya Zhou
20306,6514,姚州,Yao Zhou
20307,5203,白水,Baishui
20308,5054,考城,Kaocheng
20309,302299,南江,Nanjiang
20310,6521,顺州,Shun Zhou
20311,5048,鹿邑,Luyi
20312,5874,剑州,Jian Zhou
20313,6470,邑市,Yishi
20314,5046,归德州,Guide Zhou
20315,5875,梓潼,Zitong
20316,5876,江油,Jiangyou
20317,5277,阶州,Jie Zhou
20318,6478,富州,Fu Zhou
20319,6423,浪穹州,Langqiong Zhou
20320,5860,汶川,Wenchuan
20321,5057,陈州,Chen Zhou
20322,6524,南甸,Nandian
20323,5848,新津,Xinjin
20324,5361,安吉州,Anji Zhou
20325,6541,巨津州,Jujin Zhou
20326,6525,元谋,Yuanmou
20327,5051,虞城,Yucheng
20328,6535,通安州,Tong'an Zhou
20329,5050,永城,Yongcheng
20330,6403,杨林,Yanglin
20331,5362,孝丰,Xiaofeng
20332,6246,迁江,Qianjiang
20333,5201,郃阳,Heyang
20334,6345,恩城州,Encheng Zhou
20335,6255,南丹州,Nandan Zhou
20336,6356,思明州,Siming Zhou
20337,5209,蒲城,Pucheng
20338,6230,全州,Quan Zhou
20339,5222,邠州,Bin Zhou
20340,6295,横州,Heng Zhou
20341,5208,渭南,Weinan
20342,5275,清水,Qingshui
20343,5204,韩城,Hancheng
20344,6243,武宣,Wuxuan
20345,6195,感恩,Gan'en
20346,6242,象州,Xiang Zhou
20347,6360,凭祥,Pingxiang
20348,5215,富平,Fuping
20349,6282,博白,Bobai
20350,6284,陆川,Luchuan
20351,5210,洛南,Luonan
20352,5220,永寿,Yongshou
20353,6256,荔波,Libo
20354,6281,郁林州,Yulin Zhou
20355,5218,醴泉,Liquan
20356,5199,同州,Tong Zhou
20357,5232,陇州,Long Zhou
20358,5061,沈丘,Shenqiu
20359,6285,兴业,Xingye
20360,5207,华阴,Huayin
20361,6258,东兰州,Donglan Zhou
20362,6296,永淳,Yongchun
20363,5202,澄城,Chengcheng
20364,5217,干州,Qian Zhou
20365,5206,华州,Hua Zhou
20366,6486,维摩州,Weimo Zhou
20367,6164,吴川,Wuchuan
20368,5256,泾州,Jing Zhou
20369,5273,秦州,Qin Zhou
20370,6482,师宗州,Shizong Zhou
20371,6154,德庆州,Deqing Zhou
20372,5257,灵台,Lingtai
20373,6415,易门,Yimen
20374,6086,连州,Lian Zhou
20375,6194,宁远,Ningyuan
20376,5260,庄浪,Zhuanglang
20377,5280,两当,Liangdang
20378,6088,连山,Lianshan
20379,6528,石旧,Shijiu
20380,5274,秦安,Qin'an
20381,5259,静宁州,Jingning Zhou
20382,6245,宾州,Bin Zhou
20383,5214,同官,Tongguan
20384,6155,泷水,Longshui
20385,5233,汧阳,Qianyang
20386,5200,朝邑,Chaoyi
20387,6163,化州,Hua Zhou
20388,5261,隆德,Longde
20389,6231,灌阳,Guanyang
20390,5219,武功,Wugong
20391,6171,灵山,Lingshan
20392,5223,淳化,Chunhua
20393,6260,那地州,Nadi Zhou
20394,6170,钦州,Qin Zhou
20395,5279,徽州,Hui Zhou
20396,6283,北流,Beiliu
20397,5862,威州,Wei Zhou
20398,303374,乐至,Lezhi
20399,6446,蒙自,Mengzi
20400,5888,岳池,Yuechi
20401,6405,晋宁州,Jinning Zhou
20402,5847,崇庆州,Chongqing Zhou
20403,5917,垫江,Dianjiang
20404,5075,荣泽,Rongze
20405,6407,呈贡,Chenggong
20406,5889,邻水,Linshui
20407,6428,宾川州,Binchuan Zhou
20408,5063,许州,Xu Zhou
20409,5071,密州,Mi Zhou
20410,6410,罗次,Luoci
20411,5855,绵州,Mian Zhou
20412,6411,禄丰,Lufeng
20413,5851,什邡,Shenfang
20414,5065,襄城,Xiangcheng
20415,5070,新郑,Xinzheng
20416,6426,十二关昌长官司,Shi'erguan Zhangguansi
20417,6467,新兴州,Xinxing Zhou
20418,5064,临颖,Linying
20419,6414,三泊,Sanbo
20420,6739,麻哈州,Maha Zhou
20421,5086,涉县,She Xian
20422,6743,独山州,Dushan Zhou
20423,5965,镇西后所,Zhenxihou Suo
20424,5085,武安,Wu'an
20425,6744,清平,Qingping
20426,5912,铜梁,Tongliang
20427,5911,合州,He Zhou
20428,5913,定远,Dingyuan
20429,5887,大竹,Dazhu
20430,6747,凯里宣抚司,Kaili Xuanfusi
20431,5915,忠州,Zhong Zhou
20432,5920,武隆,Wulong
20433,5212,耀州,Yao Zhou
20434,5916,酆都,Fengdu
20435,5883,仪陇,Yilong
20436,6422,邓川州,Dengchuan Zhou
20437,5885,广安州,Guang'an Zhou
20438,5964,邛部长官司,Qiongbu Zhangguansi
20439,5156,息县,Xi Xian
20440,5886,渠县,Qu Xian
20441,6420,云南,Yunnan
20442,5919,涪州,Fu Zhou
20443,5152,光州,Guang Zhou
20444,6419,赵州,Zhao Zhou
20445,5942,太平,Taiping
20446,5114,灵宝,Lingbao
20447,6425,云龙州,Yunlong Zhou
20448,5921,彭水,Pengshui
20449,6413,昆阳州,Kunyang Zhou
20450,5938,达州,Da Zhou
20451,5882,营山,Yingshan
20452,5049,夏邑,Xiayi
20453,5077,汜水,Sishui
20454,6445,阿迷州,Ami Zhou
20455,5055,柘城,Zhecheng
20456,6469,路南州,Lu'nan Zhou
20457,5863,保县,Bao Xian
20458,6450,河西,Hexi
20459,6402,嵩明州,Songming Zhou
20460,5060,项城,Xiangcheng
20461,6441,建水州,Jianshui Zhou
20462,5881,蓬州,Peng Zhou
20463,6459,南安州,Nan'an Zhou
20464,6461,镇南州,Zhennan Zhou
20465,5856,彰明,Zhangming
20466,5852,绵竹,Mianzhu
20467,5069,钧州,Jun Zhou
20468,5857,罗江,Luojiang
20469,6451,嶍峨,Xi'e
20470,5850,汉州,Han Zhou
20471,6409,安宁州,Anning Zhou
20472,5074,荣阳,Rongyang
20473,5859,茂州,Mao Zhou
20474,5073,郑州,Zheng Zhou
20475,6448,宁州,Ning Zhou
20476,6449,通海,Tonghai
20477,300003,兴山,Xingshan
20478,300009,东乡,Dongxiang
20479,20625,拉林,Lalin
20480,20628,普录,Pulu
20481,20624,长春厅,Changchun ting
20482,20626,双城堡,Shuangcheng bao
20483,20627,台伦,Tailun
20484,20560,打牲乌拉,Dashengwula
20485,6842,邛水分县,Qiongshui
20486,7121,贺兰口,Helankou
20487,20650,漯阳,luoyang
20488,6870,猛卯安抚司,Mengmao Xingzhengqu
20489,7075,上帕镇,Shangpa Zhen
20490,6859,黎县,Li Xian
20491,18952,水洛城,Shuiluo Cheng
20492,30121,宣城节度,Xuancheng Jiedu
20493,400225,振武军节度,Zhenwu Junjiedu
20494,400527,茂陵,Maoling
20495,18948,宪州,Xian Zhou
20496,400536,乐亭,Leting
20497,400528,孟津,Mengjin
20498,400534,阳羡,Yangxian
20499,400539,芒山,Mangshan
20500,16996,成安,Cheng'an
20501,17054,蓨县,Xiu Xian
20502,17055,故城,Gucheng
20503,17057,东光,Dongguang
20504,17052,盐山,Yanshan
20505,17062,兴济,Xingji
20506,17064,乐寿,Leshou
20507,17065,交河,Jiaohe
20508,17068,任邱,Renqiu
20509,17048,清池,Qingchi
20510,17051,无棣,Wudi
20511,16998,威州,Wei Zhou
20512,17050,南皮,Nanpi
20513,17020,内黄,Neihuang
20514,17019,白马,Baima
20515,17017,清丰,Qingfeng
20516,17016,长垣,Changyuan
20517,17015,东明,Dongming
20518,17014,濮阳,Puyang
20519,17061,静海,Jinghai
20520,16963,静安,Jing'an
20521,17271,芮城,Ruicheng
20522,16999,洺水,Mingshui
20523,16951,隆平,Longping
20524,16957,信都,Xindu
20525,16949,平棘,Pingji
20526,16964,衡水,Hengshui
20527,16950,宁晋,Ningjin
20528,16826,文安,Wen'an
20529,17056,阜城,Fucheng
20530,16969,武彊,Wuqiang
20531,16968,安平,Anping
20532,16966,鼓城,Gucheng
20533,16958,南宫,Nangong
20534,16959,枣强,Zaoqiang
20535,16960,武邑,Wuyi
20536,16973,安喜,Anxi
20537,16954,高邑,Gaoyi
20538,17067,莫亭,Moting
20539,16967,饶阳,Raoyang
20540,17911,定远,Dingyuan
20541,17926,永顺安抚司,Yongshun Anfusi
20542,17377,卢氏,Lushi
20543,17928,白崖,Bayya
20544,17931,武宁,Wuning
20545,17405,罗山,Luoshan
20546,17930,万州,Wan Zhou
20547,17900,泸州,Lu Zhou
20548,17385,舞阳,Wuyang
20549,17915,武龙,Wulong
20550,17914,涪州,Fu Zhou
20551,17799,绵州,Mian Zhou
20552,17912,石照,Shizhao
20553,17924,新宁,Xinning
20554,17414,萧县,Xiao Xian
20555,17907,南宾,Nanbin
20556,17882,仪陇,Yilong
20557,17423,谯县,Qiao Xian
20558,17873,苍溪,Cangxi
20559,17880,相如,Xiangru
20560,17425,城父,Chengfu
20561,17881,营山,Yingshan
20562,17884,流江,Liujiang
20563,17424,鹿邑,Luyi
20564,17393,颖州,Ying Zhou
20565,17394,太和,Taihe
20566,17872,阆中,Langzhong
20567,17797,蓬溪,Pengxi
20568,17830,绵竹,Mianzhu
20569,17396,颍上,Yingshang
20570,17824,蒙阳,Mengyang
20571,17828,什邡,Shenfang
20572,17395,沈丘,Shenqiu
20573,17833,石泉,Shiquan
20574,17840,通化,Tonghua
20575,17406,信阳,Xinyang
20576,17927,保静州,Baojing Zhou
20577,17832,安州,An Zhou
20578,17376,嵩州,Song Zhou
20579,17827,汉州,Han Zhou
20580,17874,南部,Nanbu
20581,17260,晋城,Jincheng
20582,17825,崇宁,Chongning
20583,16994,武安,Wu'an
20584,17370,穰县,Rang Xian
20585,17908,酆都,Fengdu
20586,17921,建始,Jianshi
20587,17374,泌阳,Biyang
20588,17923,通川,Tongchuan
20589,17421,睢宁,Suining
20590,17829,德阳,Deyang
20591,18022,罗次,Luoci
20592,17885,大竹,Dazhu
20593,17379,梁县,Liang Xian
20594,18039,元谋,Yuanmou
20595,18043,石旧,Shijiu
20596,17512,武当,Wudang
20597,18038,南甸,Nandian
20598,18094,罗山,Luoshan
20599,17470,长社,Changshe
20600,18030,南安州,Nan'an Zhou
20601,18082,河纳,Hena
20602,18041,禄勤州,Luquan Zhou
20603,18008,嵩明州,Songming Zhou
20604,17398,息州,Xi Zhou
20605,17471,长葛,Changge
20606,18021,禄丰,Lufeng
20607,18016,昆阳州,Kunyang Zhou
20608,17489,柘城,Zhecheng
20609,18018,易门,Yimen
20610,18017,三泊,Sanbo
20611,17465,管城,Guancheng
20612,18014,归化,Guihua
20613,18013,呈贡,Chenggong
20614,17487,考城,Kaocheng
20615,18012,晋宁州,Jinning Zhou
20616,17467,汜水,Sishui
20617,200017,固镇,Guzhen
20618,17801,罗江,Luojiang
20619,17889,渠江,Qujiang
20620,17920,施州,Shi Zhou
20621,17420,宿迁,Suqian
20622,17902,纳溪,Naxi
20623,17901,江安,Jiang'an
20624,17419,下邳,Xiapei
20625,17910,铜梁,Tongliang
20626,17903,合江,Hejiang
20627,200026,蕲县,Qixian
20628,18042,易笼,Yilong
20629,17887,梁山,Liangshan
20630,17906,临江,Linjiang
20631,18165,宁州,Ning Zhou
20632,18009,杨林,Yanglin
20633,17416,宿州,Su Zhou
20634,18091,霑益州,Zhanyi Zhou
20635,18089,通泉,Tongquan
20636,17413,徐州,Xu Zhou
20637,18088,马龙州,Malong Zhou
20638,18187,浪穹,Langqiong
20639,17417,灵璧,Lingbi
20640,18065,临西,Linxi
20641,18064,巨津州,Jujin Zhou
20642,17905,忠州,Zhong Zhou
20643,17757,中部,Zhongbu
20644,17724,澄城,Chengcheng
20645,17723,郃阳,Heyang
20646,17734,同官,Tongguan
20647,17737,武功,Wugong
20648,17731,耀州,Yao Zhou
20649,17758,宜君,Yijun
20650,17767,府谷,Fugu
20651,17764,葭州,Jia Zhou
20652,17766,吴堡,Wubao
20653,200004,米脂,Mizhi
20654,17403,光山,Guangshan
20655,17761,米脂,Mizhi
20656,17728,蒲城,Pucheng
20657,17755,鄜州,Fu Zhou
20658,17756,洛川,Luochuan
20659,17765,神木,Shenmu
20660,17760,清涧,Qingjian
20661,17722,白水,Baishui
20662,201006,商州,Shang Zhou
20663,17595,临淮,Linhuai
20664,17534,乌江,Wujiang
20665,17532,历阳,Liyang
20666,17542,英山,Yingshan
20667,17762,米脂,Mizhi
20668,17868,铎水,Duoshui
20669,17850,眉州,Mei Zhou
20670,17823,彭州,Peng Zhou
20671,17854,邛州,Qiong Zhou
20672,17855,大邑,Dayi
20673,17851,彭山,Pengshan
20674,17852,青神,Qingshen
20675,17870,略阳,Lueyang
20676,17865,化城,Huacheng
20677,17861,梓潼,Zitong
20678,17860,普安,Puan
20679,17721,朝邑,Chaoyi
20680,17866,曾口,Zengkou
20681,17725,韩城,Hancheng
20682,17894,腾川,Tengchuan
20683,17839,威州,Wei Zhou
20684,17890,岳池,Yuechi
20685,17738,永寿,Yongshou
20686,17742,洛南州,Luonan Zhou
20687,17736,醴泉,Liquan
20688,17733,富平,Fuping
20689,17732,三原,Sanyuan
20690,17729,渭南,Weinan
20691,17727,华阴,Huayin
20692,17537,庐江,Lujiang
20693,17869,大安,Da'an
20694,17570,全椒,Quanjiao
20695,200005,六安,Lu'an
20696,17466,荣阳,Rongyang
20697,17592,赣榆,Ganyu
20698,17551,钟离,Zhongli
20699,17599,天长,Tianchang
20700,17552,定远,Dingyuan
20701,17566,六合,Liuhe
20702,17573,如皋,Rugao
20703,17565,扬子,Yangzi
20704,17445,应山,Yingshan
20705,17598,盱眙,Xuyi
20706,17568,清流,Qingliu
20707,17596,虹县,Hong Xian
20708,17576,海门,Haimen
20709,17575,静海,Jinghai
20710,17588,朐山,Qushan
20711,17484,密县,Mi Xian
20712,17381,郏县,Jia Xian
20713,17468,河阴,Heyin
20714,17399,真阳,Zhenyang
20715,17401,定城,Dingcheng
20716,17800,彰明,Zhangming
20717,17796,小溪,Xiaoxi
20718,17402,固始,Gushi
20719,17569,来安,Lai'an
20720,17473,襄城,Xiangcheng
20721,18020,安宁州,Anning Zhou
20722,17538,巢县,Chao Xian
20723,17533,含山,Hanshan
20724,17513,郧县,Yun Xian
20725,17502,阌乡,Wenxiang
20726,17515,房陵,Fangling
20727,17553,怀远,Huaiyuan
20728,17503,渑池,Mianchi
20729,17501,灵宝,Lingbao
20730,17500,陜县,Shan Xian
20731,17590,沭阳,Shuyang
20732,17474,临颖,Linying
20733,17536,无为,Wuwei
20734,17477,西华,Xihua
20735,17478,商水,Shangshui
20736,17479,南顿,Nandun
20737,17480,项城,Xiangcheng
20738,17516,竹山,Zhushan
20739,17572,海陵,Hailing
20740,17597,五河,Wuhe
20741,200002,沭阳,Shuyang
20742,17593,海州海岸海水,Haining zhou Coastal Waters
20743,200001,朐山,Qushan
20744,200003,赣榆,Ganyu
20745,17488,仪封,Yifeng
20746,17285,武乡,Wuxiang
20747,17214,平定州,Pingding Zhou
20748,17215,乐平,Leping
20749,17223,管州,Guan Zhou
20750,200023,娄烦,Loufan
20751,17248,稷山,Jishan
20752,17249,绛县,Jiang Xian
20753,17246,曲沃,Quwo
20754,17254,长子,Zhangzi
20755,17206,介休,Jiexiu
20756,17247,翼城,Yicheng
20757,18010,邵甸,Shaodian
20758,17211,秀容,Xiurong
20759,17060,会川,Huichuan
20760,17212,定襄,Dingxiang
20761,17289,和顺,Heshun
20762,17284,沁源,Qinyuan
20763,17250,垣曲,Yuanqu
20764,17205,平遥,Pingyao
20765,17245,太平,Taiping
20766,17281,蒲县,Pu Xian
20767,17298,河津,Hejin
20768,17294,万泉,Wanquan
20769,17293,河东,Hedong
20770,17208,离石,Lishi
20771,17296,荣河,Ronghe
20772,17244,正平,Zhengping
20773,17160,招远,Zhaoyuan
20774,17277,隰川,Xichuan
20775,17283,铜鞮,Tongdi
20776,17291,乡宁,Xiangning
20777,17280,永和,Yonghe
20778,17203,西河,Xihe
20779,17279,石楼,Shilou
20780,17264,陵川,Lingchuan
20781,17263,沁水,Qinshui
20782,17278,大宁,Daning
20783,17268,闻喜,Wenxi
20784,16918,易县,Yi Xian
20785,17270,平陆,Pinglu
20786,17287,辽山,Liaoshan
20787,17267,安邑,Anyi
20788,17266,解县,Jie Xian
20789,17273,霍邑,Huoyi
20790,17275,灵石,Lingshi
20791,17274,赵城,Zhaocheng
20792,17262,阳城,Yangcheng
20793,17269,夏县,Xia Xian
20794,17297,临晋,Linjin
20795,17252,上党,Shangdang
20796,17261,高平,Gaoping
20797,16830,潞县,Lu Xian
20798,17288,榆社,Yushe
20799,17049,乐陵,Leling
20800,16852,怀来,Huailai
20801,16823,房山,Fangshan
20802,16841,武清,Wuqing
20803,16840,香河,Xianghe
20804,16839,漷州,Huo Zhou
20805,16835,玉田,Yutian
20806,16857,宜兴,Yixing
20807,16834,丰润,Fengrun
20808,16955,赞皇,Zanhuang
20809,16831,三河,Sanhe
20810,16833,渔阳,Yuyang
20811,16825,益津,Yijin
20812,16828,保定,Baoding
20813,16827,大城,Dacheng
20814,16836,遵化,Zunhua
20815,16863,望云,Wangyun
20816,16865,宣德,Xuande
20817,16837,平谷,Pinggu
20818,17058,吴桥,Wuqiao
20819,16993,釜阳,Fuyang
20820,16995,邯郸,Handan
20821,17000,井陉,Jingxing
20822,16822,范阳,Fanyang
20823,16928,新城,Xincheng
20824,17150,霑化,Zhanhua
20825,16927,容城,Rongcheng
20826,16975,无极,Wuji
20827,16868,保安州,Bao'an Zhou
20828,16856,兴安,Xing'an
20829,16870,蔚州,Yu Zhou
20830,16893,乐亭,Leting
20831,16894,滦州海岸海水,Luanzhou Coastal Waters
20832,16892,义丰,Yifeng
20833,16924,束鹿,Shulu
20834,16851,龙庆州,Longqing Zhou
20835,16867,顺圣,Shunsheng
20836,17204,孝义,Xiaoyi
20837,16866,宣平,Xuanping
20838,16923,深泽,Shenze
20839,16922,蒲阴,Puyin
20840,16920,定兴,Dingxing
20841,16919,涞水,Laishui
20842,16926,归信,Guixin
20843,16952,临城,Lincheng
20844,16953,柏乡,Baixiang
20845,16961,新河,Xinhe
20846,16974,新乐,Xinle
20847,16930,葛城,Gecheng
20848,16931,高阳,Gaoyang
20849,17100,泗水,Sishui
20850,18726,沅江州,Yuanjiang Zhou
20851,18100,新兴州,Xinxing Zhou
20852,18102,研和,Yanhe
20853,18105,邑市,Yishi
20854,18080,陆凉州,Luliang Zhou
20855,18166,通海,Tonghai
20856,200024,平湖,Pinghu
20857,17255,潞城,Lucheng
20858,18449,福安,Fu'an
20859,18104,路南州,Lu'nan Zhou
20860,18448,宁德,Ningde
20861,17483,新郑,Xinzheng
20862,18447,福宁州,Funing Zhou
20863,17253,壶关,Huguan
20864,18905,下思同州,Xiasitong Zhou
20865,17257,襄垣,Xiangyuan
20866,18903,章龙州,Zhanglong Zhou
20867,17258,黎城,Licheng
20868,17149,利津,Lijin
20869,17131,滕县,Teng Xian
20870,17148,渤海,Bohai
20871,17128,临沂,Linyi
20872,17256,屯留,Tunliu
20873,17486,襄邑,Xiangyi
20874,17371,内乡,Neixiang
20875,18031,广通,Guangtong
20876,17380,鲁山,Lushan
20877,18193,姚州,Yao Zhou
20878,18093,石梁,Shiliang
20879,17472,郾城,Yancheng
20880,18200,永平,Yongping
20881,18092,交水,Jiaoshui
20882,17444,随县,Sui Xian
20883,18101,普舍,Pushe
20884,18199,石甸司,Shidian Si
20885,18725,龙阳州,Longyang Zhou
20886,18198,永昌府,Yongchang Fu
20887,18194,大姚,Dayao
20888,17372,新野,Xinye
20889,18186,邓川州,Dengchuan Zhou
20890,17384,叶县,Ye Xian
20891,18167,嶍峨,Xi'e
20892,17383,方城,Fangcheng
20893,18081,芳华,Fanghua
20894,17482,阳翟,Yangdi
20895,18122,泸沽,Lugu
20896,18201,云龙州,Yunlong Zhou
20897,17166,栖霞,Qixia
20898,18902,定远府,Dingyuan Fu
20899,17099,曲阜,Qufu
20900,17295,猗氏,Yishi
20901,17103,单父,Shanfu
20902,17094,任城,Rencheng
20903,17121,安邱,Anqiu
20904,17165,福山,Fushan
20905,17179,山阴,Shanyin
20906,17178,金城,Jincheng
20907,17182,马邑,Mayi
20908,17181,鄯阳,Shanyang
20909,17209,宁乡,Ningxiang
20910,17164,黄县,Huang Xian
20911,17101,宁阳,Ningyang
20912,17161,莱阳,Laiyang
20913,17159,胶水,Jiaoshui
20914,17117,即墨,Jimo
20915,17158,掖县,Ye Xian
20916,17113,北海,Beihai
20917,17151,滨州海岸海水,Binzhou Coastal Waters
20918,17144,商河,Shanghe
20919,17145,阳信,Yangxin
20920,17143,厌次,Yanci
20921,17146,无棣,Wudi
20922,17476,宛邱,Wanqiu
20923,17163,蓬莱,Penglai
20924,17098,滋阳,Ziyang
20925,18904,小罗州,Xiaoluo Zhou
20926,17114,昌邑,Changyi
20927,17132,邹县,Zou Xian
20928,17129,费县,Fei Xian
20929,17125,日照,Rizhao
20930,18565,会昌州,Huichang Zhou
20931,17124,沂水,Yishui
20932,18563,安远,Anyuan
20933,17123,莒县,Ju Xian
20934,18561,宁都州,Ningdu Zhou
20935,18566,瑞金,Ruijin
20936,17116,胶西,Jiaoxi
20937,17104,嘉祥,Jiaxiang
20938,17120,诸城,Zhucheng
20939,17095,鱼台,Yutai
20940,17118,高密,Gaomi
20941,17096,沛县,Pei Xian
20942,18562,龙南,Longnan
20943,17126,蒙阴,Mengyin
20944,16873,飞狐,Feihu
20945,16875,广灵,Guangling
20946,16871,灵仙,Lingxian
20947,200014,矾山,Fanshan
20948,16869,永兴,Yongxing
20949,16874,定安,Ding'an
20950,16872,灵丘,Lingqiu
20951,18906,上桥,Shangqiao
20952,18907,麻峡,Maxia
20953,404471,抚宁,Funing 
20954,404472,开光,Kaiguang Xian
20955,404473,胜州都督府,Luzhou
20956,404474,榆林郡都督府,Luzhou
20957,404475,河滨,Hebin Xian
20958,404476,麟州,Lin Zhou
20959,404477,麟州,Lin Zhou
20960,404478,麟州,Lin Zhou
20961,404479,新秦,Xinqin Xian
20962,404480,新秦,Xinqin Xian
20963,404481,通济,Tongji Xian
20964,404482,丰州,Feng Zhou
20965,404483,丰州,Feng Zhou
20966,404484,九原郡,Jiuyuan Jun
20967,302207,于襄守御千户所,Yuxiang shouyu qianhusuo
20968,302208,息烽守御千户所,Xifeng shouyu qianhusuo
20969,13324,崇宁,Chongning
20970,13327,堋口,Pengkou
20971,13382,春祺城,Chunqi Cheng
20972,13491,纳溪,Naxi
20973,13493,九支城,Jiuzhi Cheng
20974,13494,武都城,Wudu Cheng
20975,13554,和溪,Hexi
20976,13563,长宁军,Changning Jun
20977,13567,安宁,Anning
20978,15019,浍川,Huichuan
20979,15178,兴唐,Xingtang
20980,15179,广晋,Guangjin
20981,15180,大名府,Daming
20982,15302,平昌,Pingchang
20983,15320,中山,Zhongshan
20984,15321,唐县,Tang Xian
20985,15322,博陵,Boling
20986,15323,唐县,Tang Xian
20987,15326,燕平,Yanping
20988,15334,博野,Boye
20989,15645,新宁,Xinning
20990,15647,巴渠,Baqu
20991,15654,巴渠,Baqu
20992,15655,新宁,Xinning
20993,302076,关山卫,Guanshan Wei
20994,400061,剑浦,Jianpu
20995,400062,万载,Wanzai
20996,400087,天义军节度,Tianyi Junjiedu
20997,400088,中吴军节度,Zhongwu Junjiedu
20998,400089,武平军节度,Wuping Junjiedu
20999,400090,武贞军节度,Wuzhen Junjiedu
21000,400091,武顺军节度,Wushun Junjiedu
21001,400092,永顺军节度,Yongshun Junjiedu
21002,400093,奉国军节度,Fengguo Junjiedu
21003,400094,忠义军节度,Zhongyi Junjiedu
21004,400095,永安军节度,Yongan Junjiedu
21005,400096,镇安军节度,Zhenan Junjiedu
21006,400097,镇武军节度,Zhenwu Junjiedu
21007,400098,永清军节度,Yongqing Junjiedu
21008,400099,永宁军节度,Yongning Junjiedu
21009,400100,成德军节度,Chengde Junjiedu
21010,400101,武顺军节度,Wushun Junjiedu
21011,400103,武静军节度,Wujing Junjiedu
21012,400104,保宁军节度,Baoning Junjiedu
21013,400106,威塞军节度,Weisai Junjiedu
21014,400107,武胜军节度,Wusheng Junjiedu
21015,400108,武宁军节度,Wuning Junjiedu
21016,400109,安定军节度,Anding Junjiedu
21017,400110,武静军节度,Wujing Junjiedu
21018,400111,奉化军节度,Fenghua Junjiedu
21019,400112,忠义军节度,Zhongyi Junjiedu
21020,400113,安远军节度,Anyuan Junjiedu
21021,400114,宣威军节度,Xuanwei Junjiedu
21022,400115,忠武军节度,Zhongwu Junjiedu
21023,400116,匡国军节度,Kuangguo Junjiedu
21024,400117,感化军节度,Ganhua Junjiedu
21025,400118,建武军节度,Jianwu Junjiedu
21026,400119,感化军节度,Ganhua Junjiedu
21027,400120,威胜军节度,Weisheng Junjiedu
21028,400121,宣化军节度,Xuanhua Junjiedu
21029,400122,武胜军节度,Wusheng Junjiedu
21030,400123,威胜军节度,Weisheng Junjiedu
21031,400124,怀化军节度,Huaihua Junjiedu
21032,400125,昭化军节度,Zhaohua Junjiedu
21033,400126,昭武军节度,Zhaowu Junjiedu
21034,400127,昭信军节度,Zhaoxin Junjiedu
21035,400128,保信军节度,Baoxin Junjiedu
21036,400129,昭顺军节度,Zhaoshun Junjiedu
21037,400130,匡义军节度,Kuangyi Junjiedu
21038,400131,安义军节度,Anyi Junjiedu
21039,400132,保义军节度,Baoyi Junjiedu
21040,400133,安国军节度,Anguo Junjiedu
21041,400134,宣德军节度,Xuande Junjiedu
21042,400135,保顺军节度,Baoshun Junjiedu
21043,400136,定昌军节度,Dingchang Junjiedu
21044,400137,建宁军节度,Jianning Junjiedu
21045,400138,建雄军节度,Jianxiong Junjiedu
21046,400140,安远军节度,Anyuan Junjiedu
21047,400141,宣威军节度,Xuanwei Junjiedu
21048,400142,晋昌军节度,Jinchang Junjiedu
21049,400143,永平军节度,Yongping Junjiedu
21050,400144,永兴军节度,Yongxing Junjiedu
21051,400145,康化军节度,Kanghua Junjiedu
21052,400146,望海军节度,Wanghai Junjiedu
21053,400147,清源军节度,Qingyuan Junjiedu
21054,400148,顺化军节度,Shunhua Junjiedu
21055,400149,顺化军节度,Shunhua Junjiedu
21056,400150,忠正军节度,Zhongzheng Junjiedu
21057,400151,清淮军节度,Qinghuai Junjiedu
21058,400152,顺化军节度,Shunhua Junjiedu
21059,400153,振武军节度,Zhenwu Junjiedu
21060,400155,武兴军节度,Wuxing Junjiedu
21061,400157,武平军节度,Wuping Junjiedu
21062,400158,彰武军节度,Zhangwu Junjiedu
21063,400159,彰国军节度,Zhangguo Junjiedu
21064,400160,彰德军节度,Zhangde Junjiedu
21065,400161,昭德军节度,Zhaode Junjiedu
21066,400162,宁化军节度,Ninghua Junjiedu
21067,400163,昭武军节度,Zhaowu Junjiedu
21068,400164,彰武军节度,Zhangwu Junjiedu
21069,400165,忠义军节度,Zhongyi Junjiedu
21070,400166,安定军节度,Anding Junjiedu
21071,400167,武静军节度,Wujing Junjiedu
21072,400168,天正军节度,Tianzheng Junjiedu
21073,400169,武德军节度,Wude Junjiedu
21074,400170,静胜军节度,Jingsheng Junjiedu
21075,400171,顺义军节度,Shunyi Junjiedu
21076,400172,静塞军节度,Jingsai Junjiedu
21077,400173,静难军节度,Jingnanjun
21078,400174,威信军节度,Weixin Junjiedu
21079,400175,彰信军节度,Zhangxin Junjiedu
21080,400177,静海军节度,Jinghai Junjiedu
21081,400178,归德军节度,Guide Junjiedu
21082,400179,镇安军节度,Zhenan Junjiedu
21083,400180,忠义军节度,Zhongyi Junjiedu
21084,400181,寕江军节度,Ningjiang Junjiedu
21085,400182,感化军节度,Ganhua Junjiedu
21086,400183,镇国军节度,Zhenguo Junjiedu
21087,400184,雄武军节度,Xiongwu Junjiedu
21088,400185,镇寕军节度,Zhenning Junjiedu
21089,400186,怀德军节度,Huaide Junjiedu
21090,400187,武雄军节度,Wuxiong Junjiedu
21091,400188,武胜军节度,Wusheng Junjiedu
21092,400338,吉水,Jishui
21093,400358,秀州,Xiu zhou
21094,400469,南都县,Nandu
21095,400509,灞州,Ba Zhou
21096,400902,京畿,Jingji 
21097,400903,京畿节度使,Jingji Jiedushi
21098,400904,京畿观察使,Jingji Guanchashi
21099,400905,京畿渭北节度使,Jingjiweibei Jiedushi
21100,400906,京畿渭南节度使,Jingjiweinan Jiedushi
21101,400907,京畿商州节度使,Jingjishangzhou Jiedushi
21102,400908,佑国军节度使,Youguojun Jiedushi
21103,400909,京兆郡,Jingzhao Jun
21104,400910,干封,Qianfeng 
21105,400911,芷阳,Zhiyang 
21106,400912,庆山,Qingshan 
21107,400913,鸿门,Hongmen 
21108,400914,蓝田,Lantian 
21109,400915,白鹿,Bailu 
21110,400916,宁民,Ningmin 
21111,400917,玉山,Yushan 
21112,400918,鄠县,Hu Xian
21113,400919,终南,Zhongnan 
21114,400920,金城,Jincheng 
21115,400921,兴平,Xingping 
21116,400922,上宜,Shangyi 
21117,400923,奉天,Fengtian 
21118,400924,醴泉,Liquan 
21119,400925,醴泉,Liquan 
21120,400926,咸阳,Xianyang 
21121,400927,泾阳,Jingyang 
21122,400928,温秀,Wenxiu 
21123,400929,石门,Shimen 
21124,400930,池阳,Chiyang 
21125,400931,三原,Sanyuan 
21126,400932,池阳,Chiyang 
21127,400933,华池,Huachi 
21128,400934,高陵,Gaoling 
21129,400935,鹿苑,Luyuan 
21130,400936,栎阳,Liyang 
21131,400937,粟邑,Suyi 
21132,400938,富平,Fuping 
21133,400939,永安,Yongan 
21134,400940,同官,Tongguan 
21135,400941,土门,Tumen 
21136,400942,蒲城,Pucheng 
21137,400943,稷州,Ji Zhou
21138,400944,稷州,Ji Zhou
21139,400945,北泉州,Beiquan Zhou
21140,400946,鼎州,Ding Zhou
21141,400947,鸿州,Hong Zhou
21142,400948,宜州,Yi Zhou
21143,400949,宜州,Yi Zhou
21144,400950,鼎州,Ding Zhou
21145,400951,同州,Tong Zhou
21146,400952,同州,Tong Zhou
21147,400953,同州,Tong Zhou
21148,400954,冯翊,Fengyi 
21149,400955,临沮,Linju 
21150,400956,朝邑,Chaoyi 
21151,400957,河西,Hexi 
21152,400958,朝邑,Chaoyi 
21153,400959,白水,Baishui 
21154,400960,澄城,Chengcheng 
21155,400961,长宁,Changning 
21156,400962,郃阳,Xiayang 
21157,400963,河西,Hexi 
21158,400964,韩城,Hancheng 
21159,400965,韩原,Hanyuan 
21160,400966,西韩州,Xihan Zhou
21161,400967,兴德府,Xingde Fu
21162,400968,兴德府,Xingde Fu
21163,400969,郑县,Zheng Xian
21164,400970,仙掌,Xianzhang 
21165,400971,太阴,Taiyin 
21166,400972,潼津,Tongjin 
21167,400973,商州,Shang Zhou
21168,400974,上洛郡,Shangluo Jun
21169,400975,商州,Shang Zhou
21170,400976,上洛郡,Shangluo Jun
21171,400977,商州,Shang Zhou
21172,400978,上洛,Shangluo 
21173,400979,洛南,Luonan 
21174,400980,商洛,Shangluo 
21175,400981,长利,Changli 
21176,400982,上州,Shang Zhou
21177,400983,金州,Jin Zhou
21178,400984,汉阴郡,Hanyin Jun
21179,400985,金州,Jin Zhou
21180,400986,西城,Xicheng 
21181,400987,洵城,Xuncheng 
21182,400988,驴川,Lvchuan 
21183,400989,黄土,Huangtu 
21184,400990,石泉,Shiquan 
21185,400991,武安,Wuan 
21186,400992,宁都,Ningdu 
21187,400993,广德,Guangde 
21188,400994,洵州,Xun Zhou
21189,400995,西安州,Xian Zhou
21190,400996,直州,Zhi Zhou
21191,400997,凤翔郡,Fengxiang Jun
21192,400998,雍县,Yong Xian
21193,400999,凤翔,Fengxiang 
21194,401000,岐山,Qishan 
21195,401001,围川,Weichuan 
21196,401002,郿县,Mei Xian
21197,401003,凤泉,Fengquan 
21198,401004,虢县,Guo Xian
21199,401005,虢县,Guo Xian
21200,401006,普润,Purun 
21201,401007,行上邽,Xingshanggui 
21202,401008,麟游,Linyou 
21203,401009,郇州,Xun Zhou
21204,401010,西麟州,Xilin Zhou
21205,401011,行秦州,Xingqin Zhou
21206,401012,豳州,Bin Zhou
21207,401013,新平郡,Xinping Jun
21208,401014,新平,Xinping 
21209,401015,三水,Sanshui 
21210,401016,金州总管府,Jinzhou
21211,401017,兴平节度使,Xingping Jiedushi
21212,401018,武关内外四州防御观察使,Wuwanneiwaisizhou Fangyuguanchashi
21213,401019,金商都防御使,Jinshang Dufangyushi
21214,401020,金商节度使,Jinshang Jiedushi
21215,401021,昭信军防御使,Zhaoxinjun Fangyushi
21216,401022,昭信军节度使,Zhaoxinjun Jiedushi
21217,401023,凤翔防御使,Fengxiang Fangyushi
21218,401024,凤翔秦陇防御使,Fengxiangqinlong Fangyushi
21219,401025,凤翔节度使,Fengxiang Jiedushi
21220,401026,保义军节度使,Baoyijun Jiedushi
21221,401027,凤翔节度使,Fengxiang Jiedushi
21222,401028,凤翔陇右都团练观察防御使,Fengxianglongyou Dutuanlianguanchafangyushi
21223,401029,凤翔陇右节度使,Fengxianglongyou Jiedushi
21224,401030,邠宁节度使,Binning Jiedushi
21225,401031,邠宁节度使,Binning Jiedushi
21226,401032,静难军节度使,Jingnanjun Jiedushi
21227,401033,镇国军节度使,Zhenguojun Jiedushi
21228,401034,镇国军节度使,Zhenguojun Jiedushi
21229,401035,镇国军节度使,Zhenguojun Jiedushi
21230,401036,镇国军节度使,Zhenguojun Jiedushi
21231,401037,感化军节度使,Ganhuajun Jiedushi
21232,401038,镇国军节度使,Zhenguojun Jiedushi
21233,401039,奉诚军节度使,Fengchengjun Jiedushi
21234,401040,匡国军节度使,Kuangguojun Jiedushi
21235,401041,陇右经略使,Longyou Jinglueshi
21236,401042,威胜军节度使,Weishengjun Jiedushi
21237,401043,义胜军节度使,Yishengjun Jiedushi
21238,401044,大汉国,Dahan Guo
21239,401045,大齐国,Daqi Guo
21240,401046,关内道,Wannei Dao
21241,401047,坊州,Fang Zhou
21242,401048,坊州,Fang Zhou
21243,401049,内部,Neibu 
21244,401050,中部,Zhongbu 
21245,401051,鄜城,Lucheng 
21246,401052,翟州,Zhai Zhou
21247,401053,鄜州,Lu Zhou
21248,401054,洛交郡,Luojiao Jun
21249,401055,鄜州,Lu Zhou
21250,401056,洛交,Luojiao 
21251,401057,洛川,Luochuan 
21252,401058,三川,Sanchuan 
21253,401059,直罗,Zhiluo 
21254,401060,丹延都团练观察使,Danyan Dutuanlianguanchashi
21255,401061,保塞军节度使,Baosaijun Jiedushi
21256,401062,宁塞军节度使,Ningsaijun Jiedushi
21257,401063,卫国军节度使,Weiguojun Jiedushi
21258,401064,延州,Yan Zhou
21259,401065,延州,Yan Zhou
21260,401066,肤施,Fushi 
21261,401067,行上,Xingshang 
21262,401068,行云中,Xingyunzhong 
21263,401069,行榆林,Xingyulin 
21264,401070,义门,Yimen 
21265,401071,行上,Xingshang 
21266,401072,义乡,Yixiang 
21267,401073,齐明,Qiming 
21268,401074,安民,Anmin 
21269,401075,弘风,Hongfeng 
21270,401076,桑原,Sangyuan 
21271,401077,修文,Xiuwen 
21272,401078,因城,Yincheng 
21273,401079,土塠,Tudui 
21274,401080,洛槃,Luopan 
21275,401081,新昌,Xinchang 
21276,401082,开远,Kaiyuan 
21277,401083,全义,Quanyi 
21278,401084,崇德,Chongde 
21279,401085,永安,Yongan 
21280,401086,定义,Dingyi 
21281,401087,东夏州,Dongxia Zhou
21282,401088,南平州,Nanping Zhou
21283,401089,基州,Ji Zhou
21284,401090,北基州,Beiji Zhou
21285,401091,西和州,Xihe Zhou
21286,401092,北广州,Beiguang Zhou
21287,401093,北连州,Beilian Zhou
21288,401094,北武州,Beiwu Zhou
21289,401095,北仁州,Beiren Zhou
21290,401096,行绥州,Xingsui Zhou
21291,401097,行云州,Xingyun Zhou
21292,401098,上郡,Shang Jun
21293,401099,石罗,Shiluo 
21294,401100,开善,Kaishan 
21295,401101,万福,Wanfu 
21296,401102,归义,Guiyi 
21297,401103,洛阳,Luoyang 
21298,401104,安定,Anding 
21299,401105,源泉,Yuanquan 
21300,401106,风乡,Fengxiang 
21301,401107,义良,Yiliang 
21302,401108,信义,Xinyi 
21303,401109,淳义,Chunyi 
21304,401110,魏平,Weiping 
21305,401111,行大斌,Xingdabin 
21306,401112,安故,Angu 
21307,401113,安泉,Anquan 
21308,401114,魏州,Wei Zhou
21309,401115,匡州,Kuang Zhou
21310,401116,罗州,Luo Zhou
21311,401117,北吉州,Beiji Zhou
21312,401118,龙州,Long Zhou
21313,401119,行云州,Xingyun Zhou
21314,401120,丹州,Dan Zhou
21315,401121,咸宁郡,Xianning Jun
21316,401122,丹州,Dan Zhou
21317,401123,义川,Yichuan 
21318,401124,汾川,Fenchuan 
21319,401125,咸宁,Xianning 
21320,401126,云岩,Yunyan 
21321,401127,丹州总管府,Danzhou
21322,401128,鄜州都督府,Luzhou
21323,401129,渭北鄜坊节度使,Weibeilufang Jiedushi
21324,401130,鄜坊都防御使,Lufang Dufangyushi
21325,401131,渭北鄜坊节度使,Weibeilufang Jiedushi
21326,401132,渭北鄜坊丹延都团练观察使,Weibeilufangdanyan Dutuanlianguanchashi
21327,401133,渭北鄜坊节度使,Weibeilufang Jiedushi
21328,401134,鄜坊丹延都防御观察使,Lufangdanyandu Fangyuguanchashi
21329,401135,渭北鄜坊丹延节度使,Weibeilufangdanyan Jiedushi
21330,401136,渭北鄜坊丹延观察使,Weibeilufangdanyan Guanchashi
21331,401137,渭北鄜坊丹延节度使,Weibeilufangdanyan Jiedushi
21332,401138,保大军节度使,Baodajun Jiedushi
21333,401139,关内节度使,Wannei Jiedushi
21334,401140,庆州,Qing Zhou
21335,401141,安化郡,Anhua Jun
21336,401142,顺化郡,Shunhua Jun
21337,401143,庆州,Qing Zhou
21338,401144,弘化,Honghua 
21339,401145,合水,Heshui 
21340,401146,合川,Hechuan 
21341,401147,合水,Heshui 
21342,401148,乐蟠,Lepan 
21343,401149,三泉,Sanquan 
21344,401150,同川,Tongchuan 
21345,401151,马岭,Maling 
21346,401152,弘州,Hong Zhou
21347,401153,永州,Yong Zhou
21348,401154,北永州,Beiyong Zhou
21349,401155,林州,Lin Zhou
21350,401156,彭原郡,Pengyuan Jun
21351,401157,定安,Dingan 
21352,401158,襄乐,Xiangle 
21353,401159,真宁,Zhenning 
21354,401160,归义,Guiyi 
21355,401161,彭州,Peng Zhou
21356,401162,衍州,Yan Zhou
21357,401163,林州总管府,Linzhou
21358,401164,原州都督府,Yuanzhou
21359,401165,泾原节度使,Jingyuan Jiedushi
21360,401166,原州,Yuan Zhou
21361,401167,平凉郡,Pingliang Jun
21362,401168,原州,Yuan Zhou
21363,401169,原州,Yuan Zhou
21364,401170,原州,Yuan Zhou
21365,401171,平高,Pinggao 
21366,401172,平高,Pinggao 
21367,401173,平高,Pinggao 
21368,401174,默亭,Moting 
21369,401175,百泉,Baiquan 
21370,401176,百泉,Baiquan 
21371,401177,百泉,Baiquan 
21372,401178,平凉,Pingliang 
21373,401179,平凉,Pingliang 
21374,401180,他楼,Talou 
21375,401181,亭州,Ting Zhou
21376,401182,武州,Wu Zhou
21377,401183,行渭州,Xingwei Zhou
21378,401184,泾州,Jing Zhou
21379,401185,保定郡,Baoding Jun
21380,401186,泾州,Jing Zhou
21381,401187,安定,Anding 
21382,401188,保定,Baoding 
21383,401189,行平高,Xingpinggao 
21384,401190,良原,Liangyuan 
21385,401191,阴槃,Yinpan 
21386,401192,行萧关,Xingxiaowan 
21387,401193,临泾,Linjing 
21388,401194,行原州,Xingyuan Zhou
21389,401195,行原州,Xingyuan Zhou
21390,401196,行武州,Xingwu Zhou
21391,401197,陇州,Long Zhou
21392,401198,汧阳郡,Qianyang Jun
21393,401199,陇州,Long Zhou
21394,401200,汧源,Qianyuan 
21395,401201,汧阳,Qianyang 
21396,401202,长蛇,Changshe 
21397,401203,吴山,Wushan 
21398,401204,华山,Huashan 
21399,401205,吴山,Wushan 
21400,401206,南由,Nanyou 
21401,401207,华亭,Huating 
21402,401208,亭川,Tingchuan 
21403,401209,华亭,Huating 
21404,401210,西会州,Xihui Zhou
21405,401211,粟州,Su Zhou
21406,401212,会宁郡,Huining Jun
21407,401213,会宁,Huining 
21408,401214,会宁,Huining 
21409,401215,凉川,Liangchuan 
21410,401216,乌兰,Wulan 
21411,401217,乌兰,Wulan 
21412,401218,奉义军节度使,Fengyijun Jiedushi
21413,401219,保胜军节度使,Baoshengjun Jiedushi
21414,401220,朔方节度使,Shuofang Jiedushi
21415,401221,灵州,Ling Zhou
21416,401222,灵武郡,Lingwu Jun
21417,401223,灵州,Ling Zhou
21418,401224,回乐,Huile 
21419,401225,行五原,Xingwuyuan 
21420,401226,行兴宁,Xingxingning 
21421,401227,丰安,Fengan 
21422,401228,昌化,Changhua 
21423,401229,灵武,Lingwu 
21424,401230,定远,Dingyuan 
21425,401231,弘静,Hongjing 
21426,401232,行盐州,Xingyan Zhou
21427,401233,回州,Hui Zhou
21428,401234,静州,Jing Zhou
21429,401235,回州,Hui Zhou
21430,401236,环州,Huan Zhou
21431,401237,威州,Wei Zhou
21432,401238,雄州,Xiong Zhou
21433,401239,警州,Jing Zhou
21434,401240,五原郡,Wuyuan Jun
21435,401241,夏绥银节度使,Xiasuiyin Jiedushi
21436,401242,定难军节度使,Dingnanjun Jiedushi
21437,401243,朔方郡,Shuofang Jun
21438,401244,岩绿,Yanlv 
21439,401245,宁塞,Ningsai 
21440,401246,宁塞,Ningsai 
21441,401247,南夏州,Nanxia Zhou
21442,401248,银川郡,Yinchuan Jun
21443,401249,真乡,Zhenxiang 
21444,401250,匡州,Kuang Zhou
21445,401251,匡州,Kuang Zhou
21446,401252,宁朔郡,Ningshuo Jun
21447,401253,怀德郡,Huaide Jun
21448,401254,怀德,Huaide 
21449,401255,怀德,Huaide 
21450,401256,长泉,Changquan 
21451,401257,长泉,Changquan 
21452,401258,归仁,Guiren 
21453,401259,归仁,Guiren 
21454,401260,长州,Chang Zhou
21455,401261,长州,Chang Zhou
21456,401262,行绥州总管府,Xingsuizhou
21457,401263,行绥州都督府,Xingsuizhou
21458,401264,云州总管府,Yunzhou
21459,401265,云州,Yun Zhou
21460,401266,胜州,Sheng Zhou
21461,401267,榆林郡,Yulin Jun
21462,401268,胜州,Sheng Zhou
21463,401269,榆林,Yulin 
21464,401270,富昌,Fuchang 
21465,401271,云州,Yun Zhou
21466,401272,威州,Wei Zhou
21467,401273,新秦郡,Xinqin Jun
21468,401274,铁麟,Tielin 
21469,401275,燕然都护府,Yanran Duhufu
21470,401276,瀚海都护府,Hanhai Duhufu
21471,401277,安北都护府,Anbei Duhufu
21472,401278,安北都护府,Anbei Duhufu
21473,401279,镇北都护府,Zhenbei Duhufu
21474,401280,天德军都防御使,Tiandejun Dufangyushi
21475,401281,大同,Datong 
21476,401282,天山,Tianshan 
21477,401283,丰安,Fengan 
21478,401284,横塞军,Hengsai Jun
21479,401285,天安军,Tianan Jun
21480,401286,天德军,Tiande Jun
21481,401287,中受降城,Zhongshouxiang Cheng
21482,401288,阴山,Yinshan 
21483,401289,西受降城,Xishouxiang Cheng
21484,401290,长宁,Changning 
21485,401291,丰州总管府,Fengzhou
21486,401292,丰州都督府,Fengzhou
21487,401293,瀚海都护府,Hanhai Duhufu
21488,401294,云中都护府,Yunzhong Duhufu
21489,401295,单于都护府,Danyu Duhufu
21490,401296,单于都护府,Danyu Duhufu
21491,401297,振武麟胜等军州节度观察处置使暨单于都护府,Zhenwulinshengdengjunzhoujieduguanchachuzhishijidanyu Duhufu
21492,401298,单于都护府,Danyu Duhufu
21493,401299,振武麟胜等军州节度观察处置使暨单于都护府,Zhenwulinshengdengjunzhoujieduguanchachuzhishijidanyu Duhufu
21494,401300,振武麟胜等军州节度观察处置使暨后安北都护府,Zhenwulinshengdengjunzhoujieduguanchachuzhishijihouanbei Duhufu
21495,401301,云州,Yun Zhou
21496,401302,单于镇守军,Danyuzhenshou Jun
21497,401303,大利,Dali 
21498,401304,定襄,Dingxiang 
21499,401305,云中城,Yunzhong Cheng
21500,401306,单于城,Danyu Cheng
21501,401307,振武军,Zhenwu Jun
21502,401308,东受降城,Dongshouxiang Cheng
21503,401309,梁国,Liang Guo
21504,401310,灵州大都督府,Lingzhou
21505,401311,河东道行台,Hedongdao Xingtai
21506,401312,并州上总管府,Bingzhoushang
21507,401313,并州大总管府,Bingzhou
21508,401314,并州大都督府,Bingzhou
21509,401315,蒲州总管府,Puzhou
21510,401316,蒲州都督府,Puzhou
21511,401317,河中防御使,Hezhong Fangyushi
21512,401318,河中节度使,Hezhong Jiedushi
21513,401319,河中五州都团练使,Hezhongwuzhou Dutuanlianshi
21514,401320,河中节度使,Hezhong Jiedushi
21515,401321,河中五州都防御观察使,Hezhongwuzhoudu Fangyuguanchashi
21516,401322,河中节度使,Hezhong Jiedushi
21517,401323,河中都防御观察使,Hezhongdu Fangyuguanchashi
21518,401324,河中节度使,Hezhong Jiedushi
21519,401325,河中都防御观察使,Hezhongdu Fangyuguanchashi
21520,401326,河中节度使,Hezhong Jiedushi
21521,401327,护国军节度使,Huguojun Jiedushi
21522,401328,受阳,Shouyang 
21523,401329,抚城,Fucheng 
21524,401330,乌河,Wuhe 
21525,401331,武兴,Wuxing 
21526,401332,灵川,Lingchuan 
21527,401333,阳直,Yangzhi 
21528,401334,汾阳,Fenyang 
21529,401335,罗阴,Luoyin 
21530,401336,行灵丘,Xinglingqiu 
21531,401337,燕然,Yanran 
21532,401338,受州,Shou Zhou
21533,401339,太州,Tai Zhou
21534,401340,行蔚州,Xingwei Zhou
21535,401341,桑泉,Sangquan 
21536,401342,猗氏,Yishi 
21537,401343,兴乐,Xingle 
21538,401344,虢州,Guo Zhou
21539,401345,虢州,Guo Zhou
21540,401346,恒农,Hengnong 
21541,401347,玉城,Yucheng 
21542,401348,卢氏,Lushi 
21543,401349,鼎州,Ding Zhou
21544,401350,绛州,Jiang Zhou
21545,401351,绛郡,Jiang Jun
21546,401352,绛州,Jiang Zhou
21547,401353,正平,Zhengping 
21548,401354,曲沃,Quwo 
21549,401355,浍川,Huichuan 
21550,401356,小乡,Xiaoxiang 
21551,401357,亳城,Bocheng 
21552,401358,清廉,Qinglian 
21553,401359,闻喜,Wenxi 
21554,401360,桐乡,Tongxiang 
21555,401361,龙门,Longmen 
21556,401362,万春,Wanchun 
21557,401363,稷山,Jishan 
21558,401364,太平,Taiping 
21559,401365,浍州,Hui Zhou
21560,401366,北浍州,Beihui Zhou
21561,401367,浍州,Hui Zhou
21562,401368,北浍州,Beihui Zhou
21563,401369,邵州,Shao Zhou
21564,401370,泰州,Tai Zhou
21565,401371,晋州,Jin Zhou
21566,401372,晋州,Jin Zhou
21567,401373,洪洞,Hongdong 
21568,401374,冀氏,Jishi 
21569,401375,浮山,Fushan 
21570,401376,神山,Shenshan 
21571,401377,吕州,Lv Zhou
21572,401378,汾州,Fen Zhou
21573,401379,南汾州,Nanfen Zhou
21574,401380,平昌,Pingchang 
21575,401381,隰州,Xi Zhou
21576,401382,大宁郡,Daning Jun
21577,401383,隰州,Xi Zhou
21578,401384,隰川,Xichuan 
21579,401385,长寿,Changshou 
21580,401386,常安,Changan 
21581,401387,昌原,Changyuan 
21582,401388,大义,Dayi 
21583,401389,白龙,Bailong 
21584,401390,楼山,Loushan 
21585,401391,临河,Linhe 
21586,401392,新城,Xincheng 
21587,401393,高唐,Gaotang 
21588,401394,昌州,Chang Zhou
21589,401395,中州,Zhong Zhou
21590,401396,东和州,Donghe Zhou
21591,401397,西德州,Xide Zhou
21592,401398,北温州,Beiwen Zhou
21593,401399,浩州,Hao Zhou
21594,401400,汾州,Fen Zhou
21595,401401,汾州,Fen Zhou
21596,401402,隰城,Xicheng 
21597,401403,永安,Yongan 
21598,401404,石州,Shi Zhou
21599,401405,昌化郡,Changhua Jun
21600,401406,石州,Shi Zhou
21601,401407,离石,Lishi 
21602,401408,平夷,Pingyi 
21603,401409,孟门,Mengmen 
21604,401410,方州,Fang Zhou
21605,401411,西定州,Xiding Zhou
21606,401412,北和州,Beihe Zhou
21607,401413,岚城,Lancheng 
21608,401414,宜芳,Yifang 
21609,401415,丰润,Fengrun 
21610,401416,合会,Hehui 
21611,401417,汾阳,Fenyang 
21612,401418,六度,Liudu 
21613,401419,玄池,Xuanchi 
21614,401420,天池,Tianchi 
21615,401421,临津,Linjin 
21616,401422,太和,Taihe 
21617,401423,苛岚,Kelan 
21618,401424,管州,Guan Zhou
21619,401425,北管州,Beiguan Zhou
21620,401426,东会州,Donghui Zhou
21621,401427,箕州,Ji Zhou
21622,401428,乐平郡,Leping Jun
21623,401429,辽山,Liaoshan 
21624,401430,偃武,Yanwu 
21625,401431,义兴,Yixing 
21626,401432,榆州,Yu Zhou
21627,401433,隰州总管府,Xizhou
21628,401434,岚州总管府,Lanzhou
21629,401435,石州总管府,Shizhou
21630,401436,岚州总管府,Lanzhou
21631,401437,石州总管府,Shizhou
21632,401438,石州都督府,Shizhou
21633,401439,晋州总管府,Jinzhou
21634,401440,晋州都督府,Jinzhou
21635,401441,晋慈隰节度使,Jincixi Jiedushi
21636,401442,晋慈都防御观察使,Jincidu Fangyuguanchashi
21637,401443,晋慈都团练观察使,Jinci Dutuanlianguanchashi
21638,401444,保义军节度使,Baoyijun Jiedushi
21639,401445,并州总管府,Bingzhou
21640,401446,并州都督府,Bingzhou
21641,401447,并州都督府,Bingzhou
21642,401448,河东节度使,Hedong Jiedushi
21643,401449,保宁军节度使,Baoningjun Jiedushi
21644,401450,河东节度使,Hedong Jiedushi
21645,401451,泽潞沁节度使,Zeluqin Jiedushi
21646,401452,泽潞节度使,Zelu Jiedushi
21647,401453,昭义军节度使,Zhaoyijun Jiedushi
21648,401454,潞州,Lu Zhou
21649,401455,上党郡,Shangdang Jun
21650,401456,潞州,Lu Zhou
21651,401457,甲水,Jiashui 
21652,401458,武乡,Wuxiang 
21653,401459,武乡,Wuxiang 
21654,401460,泽州,Ze Zhou
21655,401461,泽州,Ze Zhou
21656,401462,高都,Gaodu 
21657,401463,盖城,Gaicheng 
21658,401464,盖州,Gai Zhou
21659,401465,建州,Jian Zhou
21660,401466,沁州,Qin Zhou
21661,401467,阳城郡,Yangcheng Jun
21662,401468,沁州,Qin Zhou
21663,401469,沁源,Qinyuan 
21664,401470,招远,Zhaoyuan 
21665,401471,和川,Hechuan 
21666,401472,绵上,Mianshang 
21667,401473,雁门节度使,Yanmen Jiedushi
21668,401474,代北节度使,Daibei Jiedushi
21669,401475,代州,Dai Zhou
21670,401476,雁门郡,Yanmen Jun
21671,401477,代州,Dai Zhou
21672,401478,雁门,Yanmen 
21673,401479,行灵丘,Xinglingqiu 
21674,401480,怀化,Huaihua 
21675,401481,武延,Wuyan 
21676,401482,崞县,Guo Xian
21677,401483,行蔚州,Xingwei Zhou
21678,401484,定襄郡,Dingxiang Jun
21679,401485,行灵丘,Xinglingqiu 
21680,401486,行蔚州,Xingwei Zhou
21681,401487,善阳,Shanyang 
21682,401488,常宁,Changning 
21683,401489,神武,Shenwu 
21684,401490,金城,Jincheng 
21685,401491,金城,Jincheng 
21686,401492,恒州,Heng Zhou
21687,401493,北恒州,Beiheng Zhou
21688,401494,恒州,Heng Zhou
21689,401495,云中郡,Yunzhong Jun
21690,401496,云内,Yunnei 
21691,401497,定襄,Dingxiang 
21692,401498,浑源,Hunyuan 
21693,401499,安边郡,Anbian Jun
21694,401500,兴唐郡,Xingtang Jun
21695,401501,灵丘,Lingqiu 
21696,401502,灵丘,Lingqiu 
21697,401503,蔚州总管府,Weizhou
21698,401504,朔州总管府,Shuozhou
21699,401505,蔚朔节度使,Weishuo Jiedushi
21700,401506,河东节度使,Hedong Jiedushi
21701,401507,大同军都团练使,Datongjun Dutuanlianshi
21702,401508,大同军都防御使,Datongjun Dufangyushi
21703,401509,大同军节度使,Datongjun Jiedushi
21704,401510,大同军都防御使,Datongjun Dufangyushi
21705,401511,云蔚防御使,Yunwei Fangyushi
21706,401512,定杨国,Dingyang Guo
21707,401513,隋国,Sui Guo
21708,401514,恒州道行台,Hengzhoudao Xingtai
21709,401515,山东道行台,Shandongdao Xingtai
21710,401516,洺州大总管府,Mingzhou
21711,401517,定州大总管府,Dingzhou
21712,401518,幽州大都督府,Youzhou
21713,401519,范阳节度使,Fanyang Jiedushi
21714,401520,范阳卢龙节度使,Fanyanglulong Jiedushi
21715,401521,幽州卢龙节度使,Youzhoululong Jiedushi
21716,401522,幽州,You Zhou
21717,401523,范阳郡,Fanyang Jun
21718,401524,范阳府,Fanyang Fu
21719,401525,范阳郡,Fanyang Jun
21720,401526,幽州,You Zhou
21721,401527,范阳府,Fanyang Fu
21722,401528,幽州,You Zhou
21723,401529,蓟县,Ji Xian
21724,401530,广宁,Guangning 
21725,401531,行辽西,Xingliaoxi 
21726,401532,临泃,Linju 
21727,401533,雍奴,Yongnu 
21728,401534,武隆,Wulong 
21729,401535,会昌,Huichang 
21730,401536,涿县,Zhuo Xian
21731,401537,良乡,Liangxiang 
21732,401538,固节,Gujie 
21733,401539,良乡,Liangxiang 
21734,401540,昌平,Changping 
21735,401541,行辽西,Xingliaoxi 
21736,401542,行怀远,Xinghuaiyuan 
21737,401543,行燕州,Xingyan Zhou
21738,401544,逎县,Qiu Xian
21739,401545,全忠,Quanzhong 
21740,401546,行飞狐,Xingfeihu 
21741,401547,五回,Wuhui 
21742,401548,北义州,Beiyi Zhou
21743,401549,燕州,Yan Zhou
21744,401550,北燕州,Beiyan Zhou
21745,401551,燕州,Yan Zhou
21746,401552,北燕州,Beiyan Zhou
21747,401553,永兴,Yongxing 
21748,401554,矾山,Fanshan 
21749,401555,龙门,Longmen 
21750,401556,怀安,Huaian 
21751,401557,文德,Wende 
21752,401558,妫川,Guichuan 
21753,401559,缙山,Jinshan 
21754,401560,新州,Xin Zhou
21755,401561,武州,Wu Zhou
21756,401562,儒州,Ru Zhou
21757,401563,燕州,Yan Zhou
21758,401564,归德郡,Guide Jun
21759,401565,燕州,Yan Zhou
21760,401566,归德郡,Guide Jun
21761,401567,燕州,Yan Zhou
21762,401568,归德郡,Guide Jun
21763,401569,燕州,Yan Zhou
21764,401570,辽西,Liaoxi 
21765,401571,顺州,Shun Zhou
21766,401572,顺义郡,Shunyi Jun
21767,401573,顺州,Shun Zhou
21768,401574,顺义郡,Shunyi Jun
21769,401575,顺州,Shun Zhou
21770,401576,顺义郡,Shunyi Jun
21771,401577,顺州,Shun Zhou
21772,401578,宾义,Binyi 
21773,401579,宾义,Binyi 
21774,401580,归化郡,Guihua Jun
21775,401581,归化郡,Guihua Jun
21776,401582,归化郡,Guihua Jun
21777,401583,檀州,Tan Zhou
21778,401584,密云郡,Miyun Jun
21779,401585,檀州,Tan Zhou
21780,401586,密云郡,Miyun Jun
21781,401587,檀州,Tan Zhou
21782,401588,密云郡,Miyun Jun
21783,401589,檀州,Tan Zhou
21784,401590,密云,Miyun 
21785,401591,渔阳郡,Yuyang Jun
21786,401592,行营州,Xingying Zhou
21787,401593,渔阳郡,Yuyang Jun
21788,401594,渔阳郡,Yuyang Jun
21789,401595,渔阳郡,Yuyang Jun
21790,401596,行柳城,Xingliucheng 
21791,401597,无终,Wuzhong 
21792,401598,无终,Wuzhong 
21793,401599,行燕州总管府,Xingyanzhou
21794,401600,行燕州都督府,Xingyanzhou
21795,401601,行营州都督府,Xingyingzhou
21796,401602,营州都督府,Yingzhou
21797,401603,魏州总管府,Weizhou
21798,401604,魏州都督府,Weizhou
21799,401605,冀州都督府,Jizhou
21800,401606,魏博等州都防御使,Weibodengzhou Dufangyushi
21801,401607,魏博节度使,Weibo Jiedushi
21802,401608,天雄军节度使,Tianxiongjun Jiedushi
21803,401609,魏博节度使,Weibo Jiedushi
21804,401610,天雄军节度使,Tianxiongjun Jiedushi
21805,401611,武阳郡,Wuyang Jun
21806,401612,冀州,Ji Zhou
21807,401613,莘亭,Shenting 
21808,401614,武阳,Wuyang 
21809,401615,顿丘,Dunqiu 
21810,401616,繁水,Fanshui 
21811,401617,漳阴,Zhangyin 
21812,401618,毛州,Mao Zhou
21813,401619,莘州,Shen Zhou
21814,401620,凡城,Fancheng 
21815,401621,博望,Bowang 
21816,401622,清淇,Qingqi 
21817,401623,清淇,Qingqi 
21818,401624,义州,Yi Zhou
21819,401625,共州,Gong Zhou
21820,401626,黎州,Li Zhou
21821,401627,相州,Xiang Zhou
21822,401628,相州,Xiang Zhou
21823,401629,成安府,Chengan Fu
21824,401630,相州,Xiang Zhou
21825,401631,零泉,Lingquan 
21826,401632,相县,Xiang Xian
21827,401633,荡源,Tangyuan 
21828,401634,汤阴,Tangyin 
21829,401635,临水,Linshui 
21830,401636,邺县,Ye Xian
21831,401637,临漳,Linzhang 
21832,401638,斥丘,Chiqiu 
21833,401639,尧城,Yaocheng 
21834,401640,繁阳,Fanyang 
21835,401641,澶渊,Chanyuan 
21836,401642,澶水,Chanshui 
21837,401643,岩州,Yan Zhou
21838,401644,惠州,Hui Zhou
21839,401645,洺州,Ming Zhou
21840,401646,洺州,Ming Zhou
21841,401647,广平郡,Guangping Jun
21842,401648,洺州,Ming Zhou
21843,401649,永年,Yongnian 
21844,401650,平恩,Pingen 
21845,401651,普乐,Pule 
21846,401652,紫州,Zi Zhou
21847,401653,黄州,Huang Zhou
21848,401654,邢州,Xing Zhou
21849,401655,巨鹿郡,Julu Jun
21850,401656,邢州,Xing Zhou
21851,401657,巨鹿郡,Julu Jun
21852,401658,邢州,Xing Zhou
21853,401659,龙冈,Longgang 
21854,401660,内丘,Neiqiu 
21855,401661,白起,Baiqi 
21856,401662,和州,He Zhou
21857,401663,温州,Wen Zhou
21858,401664,东龙州,Donglong Zhou
21859,401665,起州,Qi Zhou
21860,401666,封州,Feng Zhou
21861,401667,廮陶,Yingtao 
21862,401668,大陆,Dalu 
21863,401669,象城,Xiangcheng 
21864,401670,房子,Fangzi 
21865,401671,房子,Fangzi 
21866,401672,栾氏,Luanshi 
21867,401673,栾州,Luan Zhou
21868,401674,平山郡,Pingshan Jun
21869,401675,恒山,Hengshan 
21870,401676,信义,Xinyi 
21871,401677,新市,Xinshi 
21872,401678,槀城,Kaocheng 
21873,401679,槀平,Kaoping 
21874,401680,柏肆,Baisi 
21875,401681,新丰,Xinfeng 
21876,401682,宜安,Yian 
21877,401683,鹿泉,Luquan 
21878,401684,鹿泉,Luquan 
21879,401685,蒲吾,Puwu 
21880,401686,苇泽,Weize 
21881,401687,章武,Zhangwu 
21882,401688,王城,Wangcheng 
21883,401689,滋阳,Ziyang 
21884,401690,岳州,Yue Zhou
21885,401691,燕州,Yan Zhou
21886,401692,观州,Guan Zhou
21887,401693,廉州,Lian Zhou
21888,401694,井州,Jing Zhou
21889,401695,泜州,Zhi Zhou
21890,401696,博陵郡,Boling Jun
21891,401697,博陵郡,Boling Jun
21892,401698,博陵郡,Boling Jun
21893,401699,鲜虞,Xianyu 
21894,401700,立节,Lijie 
21895,401701,毋极,Wuji 
21896,401702,隋昌,Suichang 
21897,401703,北平,Beiping 
21898,401704,徇忠,Xunzhong 
21899,401705,鄚州,Mao Zhou
21900,401706,文安郡,Wenan Jun
21901,401707,文安郡,Wenan Jun
21902,401708,文安郡,Wenan Jun
21903,401709,鄚县,Mao Xian
21904,401710,丰利,Fengli 
21905,401711,任丘,Renqiu 
21906,401712,武昌,Wuchang 
21907,401713,河间郡,Hejian Jun
21908,401714,河间郡,Hejian Jun
21909,401715,河间郡,Hejian Jun
21910,401716,武垣,Wuyuan 
21911,401717,蒲州,Pu Zhou
21912,401718,蠡州,Li Zhou
21913,401719,饶阳郡,Raoyang Jun
21914,401720,饶阳郡,Raoyang Jun
21915,401721,饶阳郡,Raoyang Jun
21916,401722,束鹿,Shulu 
21917,401723,芜蒌,Wulou 
21918,401724,魏州,Wei Zhou
21919,401725,尧都,Yaodu 
21920,401726,昌亭,Changting 
21921,401727,观津,Guanjin 
21922,401728,汉阜,Hanfu 
21923,401729,景城郡,Jingcheng Jun
21924,401730,景城郡,Jingcheng Jun
21925,401731,景城郡,Jingcheng Jun
21926,401732,鬲津,Gejin 
21927,401733,浮水,Fushui 
21928,401734,胡苏,Husu 
21929,401735,东盐州,Dongyan Zhou
21930,401736,观州,Guan Zhou
21931,401737,乐安郡,Lean Jun
21932,401738,乐安郡,Lean Jun
21933,401739,乐安郡,Lean Jun
21934,401740,厌次,Yaci 
21935,401741,滳河,Shanghe 
21936,401742,阳信,Yangxin 
21937,401743,蒲台,Putai 
21938,401744,蓚县,Tiao Xian
21939,401745,般县,Ban Xian
21940,401746,斌强,Binqiang 
21941,401747,武城,Wucheng 
21942,401748,历亭,Liting 
21943,401749,清水,Qingshui 
21944,401750,府城,Fucheng 
21945,401751,宗州,Zong Zhou
21946,401752,博平郡,Boping Jun
21947,401753,博平郡,Boping Jun
21948,401754,茌平,Chiping 
21949,401755,灵泉,Lingquan 
21950,401756,崇武,Chongwu 
21951,401757,黎州总管府,Lizhou
21952,401758,相州总管府,Xiangzhou
21953,401759,磁州总管府,Cizhou
21954,401760,相州总管府,Xiangzhou
21955,401761,相州都督府,Xiangzhou
21956,401762,洺州都督府,Mingzhou
21957,401763,相州都督府,Xiangzhou
21958,401764,邺郡节度使,Yejun Jiedushi
21959,401765,相卫节度使,Xiangwei Jiedushi
21960,401766,洺相节度使,Mingxiang Jiedushi
21961,401767,相卫六州节度使,Xiangweiliuzhou Jiedushi
21962,401768,昭义军节度使,Zhaoyijun Jiedushi
21963,401769,相卫澶节度使,Xiangweichan Jiedushi
21964,401770,邢州总管府,Xingzhou
21965,401771,东昭义军节度使,Dongzhaoyijun Jiedushi
21966,401772,邢洺磁都团练使,Xingmingci Dutuanlianshi
21967,401773,邢洺磁节度使,Xingmingci Jiedushi
21968,401774,赵州总管府,Zhaozhou
21969,401775,深赵都团练使,Shenzhao Dutuanlianshi
21970,401776,沧州总管府,Cangzhou
21971,401777,沧州总管府,Cangzhou
21972,401778,景州总管府,Jingzhou
21973,401779,景州都督府,Jingzhou
21974,401780,横海军节度使,Henghaijun Jiedushi
21975,401781,齐德节度使,Qide Jiedushi
21976,401782,横海军节度使,Henghaijun Jiedushi
21977,401783,齐沧德节度使,Qicangde Jiedushi
21978,401784,义昌军节度使,Yichangjun Jiedushi
21979,401785,定州总管府,Dingzhou
21980,401786,定州都督府,Dingzhou
21981,401787,易定沧三州节度使,Yidingcangsanzhou Jiedushi
21982,401788,义武军节度使,Yiwujun Jiedushi
21983,401789,德州总管府,Dezhou
21984,401790,德州都督府,Dezhou
21985,401791,平原节度使,Pingyuan Jiedushi
21986,401792,保信军节度使,Baoxinjun Jiedushi
21987,401793,德棣节度使,Dedi Jiedushi
21988,401794,冀州总管府,Jizhou
21989,401795,冀州都督府,Jizhou
21990,401796,深冀节度使,Shenji Jiedushi
21991,401797,恒阳节度使,Hengyang Jiedushi
21992,401798,成德军节度使,Chengdejun Jiedushi
21993,401799,恒冀都团练观察使,Hengji Dutuanlianguanchashi
21994,401800,成德军节度使,Chengdejun Jiedushi
21995,401801,武顺军节度使,Wushunjun Jiedushi
21996,401802,瀛莫都团练观察使,Yingmo Dutuanlianguanchashi
21997,401803,营州总管府,Yingzhou
21998,401804,平卢军节度使暨安东都护府,Pinglujun Jiedushijiandongdouhufu
21999,401805,营州,Ying Zhou
22000,401806,营州,Ying Zhou
22001,401807,营州,Ying Zhou
22002,401808,柳城郡,Liucheng Jun
22003,401809,营州,Ying Zhou
22004,401810,行威化,Xingweihua 
22005,401811,逢龙,Fenglong 
22006,401812,行昌黎,Xingchangli 
22007,401813,宾徒,Bintu 
22008,401814,威化,Weihua 
22009,401815,龙山,Longshan 
22010,401816,阳师,Yangshi 
22011,401817,辽州,Liao Zhou
22012,401818,昌州,Chang Zhou
22013,401819,北黎州,Beili Zhou
22014,401820,鲜州,Xian Zhou
22015,401821,慎州,Shen Zhou
22016,401822,行辽州,Xingliao Zhou
22017,401823,师州,Shi Zhou
22018,401824,平州,Ping Zhou
22019,401825,平州,Ping Zhou
22020,401826,平州,Ping Zhou
22021,401827,平州,Ping Zhou
22022,401828,肥如,Feiru 
22023,401829,卢龙,Lulong 
22024,401830,抚宁,Funing 
22025,401831,临渝,Linyu 
22026,401832,临渝,Linyu 
22027,401833,辽州总管府,Liaozhou
22028,401834,行辽州总管府,Xingliaozhou
22029,401835,东夷都护府,Dongyi Duhufu
22030,401836,燕州,Yan Zhou
22031,401837,保定军,Baoding Jun
22032,401838,辽西,Liaoxi 
22033,401839,泸河,Luhe 
22034,401840,怀远,Huaiyuan 
22035,401841,怀远军,Huaiyuan Jun
22036,401842,泊汋城,Bozhuo Cheng
22037,401843,平壤城,Pingrang Cheng
22038,401844,辽州,Liao Zhou
22039,401845,盖州,Gai Zhou
22040,401846,岩州,Yan Zhou
22041,401847,扶余都护府,Fuyu Duhufu
22042,401848,大乘国,Dacheng Guo
22043,401849,燕国,Yan Guo
22044,401850,大许国,Dahu Guo
22045,401851,大魏国,Dawei Guo
22046,401852,大夏国,Daxia Guo
22047,401853,汉东国,Handong Guo
22048,401854,大燕国,Dayan Guo
22049,401855,陕东道行台,Shandongdao Xingtai
22050,401856,东畿,Dongji 
22051,401857,洛州总管府,Luozhou
22052,401858,东畿观察使,Dongji Guanchashi
22053,401859,河南节度使,Henan Jiedushi
22054,401860,东畿观察使,Dongji Guanchashi
22055,401861,东畿观察使,Dongji Guanchashi
22056,401862,东畿汝州节度使,Dongjiruzhou Jiedushi
22057,401863,东畿汝唐邓都防御使,Dongjirutangdeng Dufangyushi
22058,401864,东畿汝州都防御观察使,Dongjiruzhoudu Fangyuguanchashi
22059,401865,东畿汝州都防御使,Dongjiruzhou Dufangyushi
22060,401866,东畿汝州都防御使,Dongjiruzhou Dufangyushi
22061,401867,东畿汝州都防御使,Dongjiruzhou Dufangyushi
22062,401868,东畿汝州观察防遏使,Dongjiruzhou Guanchafangeshi
22063,401869,佑国军节度使,Youguojun Jiedushi
22064,401870,东畿观察防遏使,Dongji Guanchafangeshi
22065,401871,司州,Si Zhou
22066,401872,轘辕,Huanyuan 
22067,401873,偃师,Yanshi 
22068,401874,巩县,Gong Xian
22069,401875,罗川,Luochuan 
22070,401876,广武,Guangwu 
22071,401877,零水,Lingshui 
22072,401878,洧源,Weiyuan 
22073,401879,溱水,Qinshui 
22074,401880,阳邑,Yangyi 
22075,401881,康城,Kangcheng 
22076,401882,嵩阳,Songyang 
22077,401883,嵩城,Songcheng 
22078,401884,嵩阳,Songyang 
22079,401885,嵩阳,Songyang 
22080,401886,武林,Wulin 
22081,401887,武临,Wulin 
22082,401888,颍阳,Yingyang 
22083,401889,伊阙,Yique 
22084,401890,陆浑,Luhun 
22085,401891,行寿安,Xingshouan 
22086,401892,兴泰,Xingtai 
22087,401893,东垣,Dongyuan 
22088,401894,长泉,Changquan 
22089,401895,邵伯,Shaobo 
22090,401896,蒸川,Zhengchuan 
22091,401897,邵原,Shaoyuan 
22092,401898,溴阳,Xiuyang 
22093,401899,轵县,Zhi Xian
22094,401900,柏崖,Baiya 
22095,401901,集城,Jicheng 
22096,401902,谷旦,Gudan 
22097,401903,谷州,Gu Zhou
22098,401904,西济州,Xiji Zhou
22099,401905,溱州,Qin Zhou
22100,401906,密州,Mi Zhou
22101,401907,嵩州,Song Zhou
22102,401908,平州,Ping Zhou
22103,401909,辕州,Yuan Zhou
22104,401910,南韩州,Nanhan Zhou
22105,401911,函州,Han Zhou
22106,401912,行怀州,Xinghuai Zhou
22107,401913,盟州,Meng Zhou
22108,401914,河内郡,Henei Jun
22109,401915,河内郡,Henei Jun
22110,401916,河内郡,Henei Jun
22111,401917,太行,Taihang 
22112,401918,忠义,Zhongyi 
22113,401919,紫陵,Ziling 
22114,401920,安昌,Anchang 
22115,401921,行修武,Xingxiuwu 
22116,401922,怀县,Huai Xian
22117,401923,殷州,Yin Zhou
22118,401924,陟州,Zhi Zhou
22119,401925,北义州,Beiyi Zhou
22120,401926,德州,De Zhou
22121,401927,清池,Qingchi 
22122,401928,须水,Xushui 
22123,401929,圃田,Putian 
22124,401930,新郑,Xinzheng 
22125,401931,荥阳,Yingyang 
22126,401932,荥阳,Yingyang 
22127,401933,荥阳,Yingyang 
22128,401934,成皋,Chenggao 
22129,401935,武泰,Wutai 
22130,401936,荥泽,Yingze 
22131,401937,原武,Yuanwu 
22132,401938,原陵,Yuanling 
22133,401939,原武,Yuanwu 
22134,401940,管州,Guan Zhou
22135,401941,荥州,Ying Zhou
22136,401942,牟州,Mou Zhou
22137,401943,伊州,Yi Zhou
22138,401944,承休,Chengxiu 
22139,401945,郏城,Jiacheng 
22140,401946,期城,Qicheng 
22141,401947,汝坟,Rufen 
22142,401948,仙凫,Xianfu 
22143,401949,武兴,Wuxing 
22144,401950,中兴,Zhongxing 
22145,401951,犫城,Choucheng 
22146,401952,滍阳,Zhiyang 
22147,401953,鲁州,Lu Zhou
22148,401954,叶州,Ye Zhou
22149,401955,仙州,Xian Zhou
22150,401956,仙州,Xian Zhou
22151,401957,陕州,Shan Zhou
22152,401958,陕州,Shan Zhou
22153,401959,陕州,Shan Zhou
22154,401960,兴唐府,Xingtang Fu
22155,401961,陕县,Shan Xian
22156,401962,崤县,Xiao Xian
22157,401963,峡石,Xiashi 
22158,401964,桃林,Taolin 
22159,401965,河北,Hebei 
22160,401966,芮州,Rui Zhou
22161,401967,伊州总管府,Yizhou
22162,401968,管州总管府,Guanzhou
22163,401969,淮西节度使,Huaixi Jiedushi
22164,401970,郑陈节度使,Zhengchen Jiedushi
22165,401971,陕州总管府,Shanzhou
22166,401972,陕州都督府,Shanzhou
22167,401973,陕虢华节度使,Shanguohua Jiedushi
22168,401974,陕西节度使,Shanxi Jiedushi
22169,401975,陕虢都防御观察使,Shanguodu Fangyuguanchashi
22170,401976,陕虢节度使,Shanguo Jiedushi
22171,401977,陕虢都防御观察使,Shanguodu Fangyuguanchashi
22172,401978,陕虢节度使,Shanguo Jiedushi
22173,401979,保义军节度使,Baoyijun Jiedushi
22174,401980,行怀州总管府,Xinghuaizhou
22175,401981,怀州总管府,Huaizhou
22176,401982,怀州都督府,Huaizhou
22177,401983,河阳三城节度使,Heyangsancheng Jiedushi
22178,401984,河阳节度使,Heyang Jiedushi
22179,401985,河阳怀都团练使,Heyanghuai Dutuanlianshi
22180,401986,河阳节度使,Heyang Jiedushi
22181,401987,大郑国,Dazheng Guo
22182,401988,大燕国,Dayan Guo
22183,401989,杞州总管府,Qizhou
22184,401990,河南节度使,Henan Jiedushi
22185,401991,汴州都防御使,Bianzhou Dufangyushi
22186,401992,汴滑节度使,Bianhua Jiedushi
22187,401993,陈留节度使,Chenliu Jiedushi
22188,401994,河南节度使,Henan Jiedushi
22189,401995,淮西节度使,Huaixi Jiedushi
22190,401996,永平军节度使,Yongpingjun Jiedushi
22191,401997,宣武军节度使,Xuanwujun Jiedushi
22192,401998,小黄,Xiaohuang 
22193,401999,新里,Xinli 
22194,402000,雍丘,Yongqiu 
22195,402001,圉城,Yucheng 
22196,402002,外黄,Waihuang 
22197,402003,封丘,Fengqiu 
22198,402004,康阴,Kangyin 
22199,402005,宛陵,Wanling 
22200,402006,新汲,Xinji 
22201,402007,尉州,Wei Zhou
22202,402008,洧州,Wei Zhou
22203,402009,杞州,Qi Zhou
22204,402010,南汴州,Nanbian Zhou
22205,402011,杞州,Qi Zhou
22206,402012,杞州,Qi Zhou
22207,402013,灵昌郡,Lingchang Jun
22208,402014,灵昌郡,Lingchang Jun
22209,402015,灵昌郡,Lingchang Jun
22210,402016,灵昌郡,Lingchang Jun
22211,402017,白马,Baima 
22212,402018,行历城,Xinglicheng 
22213,402019,守节,Shoujie 
22214,402020,胙城,Zuocheng 
22215,402021,南燕,Nanyan 
22216,402022,灵昌,Lingchang 
22217,402023,韦城,Weicheng 
22218,402024,匡城,Kuangcheng 
22219,402025,长垣,Changyuan 
22220,402026,燕州,Yan Zhou
22221,402027,胙州,Zuo Zhou
22222,402028,兴州,Xing Zhou
22223,402029,东梁州,Dongliang Zhou
22224,402030,行齐州,Xingqi Zhou
22225,402031,济阴郡,Jiyin Jun
22226,402032,济阴郡,Jiyin Jun
22227,402033,济阴郡,Jiyin Jun
22228,402034,济阴郡,Jiyin Jun
22229,402035,定陶,Dingtao 
22230,402036,蒙泽,Mengze 
22231,402037,阳晋,Yangjin 
22232,402038,梁州,Liang Zhou
22233,402039,东梁州,Dongliang Zhou
22234,402040,濮阳郡,Puyang Jun
22235,402041,濮阳郡,Puyang Jun
22236,402042,濮阳郡,Puyang Jun
22237,402043,永定,Yongding 
22238,402044,廪城,Lincheng 
22239,402045,长城,Changcheng 
22240,402046,昆吾,Kunwu 
22241,402047,范州,Fan Zhou
22242,402048,乘丘,Chengqiu 
22243,402049,万安,Wanan 
22244,402050,寿良,Shouliang 
22245,402051,阳谷,Yanggu 
22246,402052,美政,Meizheng 
22247,402053,谷城,Gucheng 
22248,402054,冀丘,Jiqiu 
22249,402055,孝感,Xiaogan 
22250,402056,昌州,Chang Zhou
22251,402057,麟州,Lin Zhou
22252,402058,寿州,Shou Zhou
22253,402059,济北郡,Jibei Jun
22254,402060,济阳郡,Jiyang Jun
22255,402061,齐郡,Qi Jun
22256,402062,齐州,Qi Zhou
22257,402063,济南郡,Jinan Jun
22258,402064,齐州,Qi Zhou
22259,402065,济南郡,Jinan Jun
22260,402066,齐州,Qi Zhou
22261,402067,历城,Licheng 
22262,402068,平陵,Pingling 
22263,402069,营城,Yingcheng 
22264,402070,章丘,Zhangqiu 
22265,402071,昌城,Changcheng 
22266,402072,济北,Jibei 
22267,402073,源阳,Yuanyang 
22268,402074,邹州,Ju Zhou
22269,402075,谭州,Tan Zhou
22270,402076,淄州,Zi Zhou
22271,402077,淄川郡,Zichuan Jun
22272,402078,淄州,Zi Zhou
22273,402079,长白,Changbai 
22274,402080,北海郡,Beihai Jun
22275,402081,东阳,Dongyang 
22276,402082,平寿,Pingshou 
22277,402083,都昌,Duchang 
22278,402084,下密,Xiami 
22279,402085,寒水,Hanshui 
22280,402086,连水,Lianshui 
22281,402087,訾亭,Ziting 
22282,402088,潍水,Weishui 
22283,402089,城平,Chengping 
22284,402090,营丘,Yingqiu 
22285,402091,汶阳,Wenyang 
22286,402092,般阳,Banyang 
22287,402093,时水,Shishui 
22288,402094,安平,Anping 
22289,402095,乐安,Lean 
22290,402096,新河,Xinhe 
22291,402097,华苑,Huayuan 
22292,402098,华池,Huachi 
22293,402099,纪州,Ji Zhou
22294,402100,潍州,Wei Zhou
22295,402101,乘州,Cheng Zhou
22296,402102,东莱郡,Donglai Jun
22297,402103,东莱郡,Donglai Jun
22298,402104,曲城,Qucheng 
22299,402105,曲台,Qutai 
22300,402106,当利,Dangli 
22301,402107,观阳,Guanyang 
22302,402108,卢乡,Luxiang 
22303,402109,胶东,Jiaodong 
22304,402110,牟州,Mou Zhou
22305,402111,东牟郡,Dongmou Jun
22306,402112,廓定,Kuoding 
22307,402113,清阳,Qingyang 
22308,402114,高密郡,Gaomi Jun
22309,402115,高密郡,Gaomi Jun
22310,402116,胶西,Jiaoxi 
22311,402117,郚城,Yucheng 
22312,402118,昌安,Changan 
22313,402119,龙沮,Longju 
22314,402120,曲阳,Quyang 
22315,402121,赣榆,Ganyu 
22316,402122,石城,Shicheng 
22317,402123,青山,Qingshan 
22318,402124,厚丘,Houqiu 
22319,402125,新乐,Xinle 
22320,402126,祝其,Zhuqi 
22321,402127,利城,Licheng 
22322,402128,沭州,Shu Zhou
22323,402129,环州,Huan Zhou
22324,402130,下邳郡,Xiapi Jun
22325,402131,临淮郡,Linhuai Jun
22326,402132,夏丘,Xiaqiu 
22327,402133,淮阳,Huaiyang 
22328,402134,良城,Liangcheng 
22329,402135,郯县,Tan Xian
22330,402136,宿豫,Suyu 
22331,402137,金城,Jincheng 
22332,402138,涟州,Lian Zhou
22333,402139,仁州,Ren Zhou
22334,402140,邳州,Pi Zhou
22335,402141,诸阳,Zhuyang 
22336,402142,谷阳,Guyang 
22337,402143,龙亢,Longkang 
22338,402144,谷熟,Gushu 
22339,402145,凿城,Zaocheng 
22340,402146,高乡,Gaoxiang 
22341,402147,南谷州,Nangu Zhou
22342,402148,东虞州,Dongyu Zhou
22343,402149,谯郡,Qiao Jun
22344,402150,谯郡,Qiao Jun
22345,402151,山桑,Shansang 
22346,402152,焦夷,Jiaoyi 
22347,402153,药城,Yaocheng 
22348,402154,文城,Wencheng 
22349,402155,谷阳,Guyang 
22350,402156,真源,Zhenyuan 
22351,402157,仙源,Xianyuan 
22352,402158,真源,Zhenyuan 
22353,402159,鹿邑,Luyi 
22354,402160,涡州,Wo Zhou
22355,402161,成州,Cheng Zhou
22356,402162,文州,Wen Zhou
22357,402163,北谯州,Beiqiao Zhou
22358,402164,谯州,Qiao Zhou
22359,402165,颍州,Ying Zhou
22360,402166,信州,Xin Zhou
22361,402167,颍州,Ying Zhou
22362,402168,汝阴郡,Ruyin Jun
22363,402169,颍州,Ying Zhou
22364,402170,清丘,Qingqiu 
22365,402171,颍阳,Yingyang 
22366,402172,高唐,Gaotang 
22367,402173,永安,Yongan 
22368,402174,永乐,Yongle 
22369,402175,舒城,Shucheng 
22370,402176,涡州,Wo Zhou
22371,402177,北荆州,Beijing Zhou
22372,402178,陈州,Chen Zhou
22373,402179,陈州,Chen Zhou
22374,402180,陈留郡,Chenliu Jun
22375,402181,陈州,Chen Zhou
22376,402182,宛丘,Wanqiu 
22377,402183,新平,Xinping 
22378,402184,颍东,Yingdong 
22379,402185,光武,Guangwu 
22380,402186,扶苏,Fusu 
22381,402187,箕城,Jicheng 
22382,402188,武城,Wucheng 
22383,402189,箕城,Jicheng 
22384,402190,太康,Taikang 
22385,402191,扶乐,Fule 
22386,402192,夏州,Xia Zhou
22387,402193,沈州,Shen Zhou
22388,402194,汝南郡,Runan Jun
22389,402195,鲖阳,Tongyang 
22390,402196,苞孚,Baofu 
22391,402197,长陵,Changling 
22392,402198,淮阳,Huaiyang 
22393,402199,淮川,Huaichuan 
22394,402200,行吴房,Xingwufang 
22395,402201,北舞,Beiwu 
22396,402202,邵陵,Shaoling 
22397,402203,行郾城,Xingyancheng 
22398,402204,舆州,Yu Zhou
22399,402205,舒州,Shu Zhou
22400,402206,北朗州,Beilang Zhou
22401,402207,道州,Dao Zhou
22402,402208,颍川郡,Yingchuan Jun
22403,402209,颍川郡,Yingchuan Jun
22404,402210,颍川郡,Yingchuan Jun
22405,402211,颍川,Yingchuan 
22406,402212,?强,Yinqiang 
22407,402213,黄台,Huangtai 
22408,402214,临颍,Linying 
22409,402215,繁昌,Fanchang 
22410,402216,随州,Sui Zhou
22411,402217,北陈州,Beichen Zhou
22412,402218,梁州总管府,Liangzhou
22413,402219,济州总管府,Jizhou
22414,402220,河南道行台,Henandao Xingtai
22415,402221,济州总管府,Jizhou
22416,402222,谭州总管府,Tanzhou
22417,402223,潍州总管府,Weizhou
22418,402224,滑州总管府,Huazhou
22419,402225,河南节度使,Henan Jiedushi
22420,402226,滑汴节度使,Huabian Jiedushi
22421,402227,滑汴郑节度使,Huabianzheng Jiedushi
22422,402228,滑卫节度使,Huawei Jiedushi
22423,402229,滑亳节度使,Huabo Jiedushi
22424,402230,永平军节度使,Yongpingjun Jiedushi
22425,402231,曹州总管府,Caozhou
22426,402232,曹濮都团练观察使,Caopu Dutuanlianguanchashi
22427,402233,郓州总管府,Yunzhou
22428,402234,郓州都督府,Yunzhou
22429,402235,郓齐兖都防御使,Yunqiyan Dufangyushi
22430,402236,淄青平卢节度使,Ziqingpinglu Jiedushi
22431,402237,郓曹濮节度使,Yuncaopu Jiedushi
22432,402238,天平军节度使,Tianpingjun Jiedushi
22433,402239,齐州总管府,Qizhou
22434,402240,齐州都督府,Qizhou
22435,402241,齐兖郓都防御使,Qiyanyun Dufangyushi
22436,402242,淄沂节度使,Ziyi Jiedushi
22437,402243,武肃军防御使,Wusujun Fangyushi
22438,402244,青州总管府,Qingzhou
22439,402245,青州都督府,Qingzhou
22440,402246,青密节度使,Qingmi Jiedushi
22441,402247,淄青平卢节度使,Ziqingpinglu Jiedushi
22442,402248,淄青都团练观察使,Ziqing Dutuanlianguanchashi
22443,402249,淄青平卢节度使,Ziqingpinglu Jiedushi
22444,402250,淄青平卢节度使,Ziqingpinglu Jiedushi
22445,402251,海州总管府,Haizhou
22446,402252,海州都督府,Haizhou
22447,402253,海沂密都防御使,Haiyimi Dufangyushi
22448,402254,徐州总管府,Xuzhou
22449,402255,徐州都督府,Xuzhou
22450,402256,河南节度使,Henan Jiedushi
22451,402257,徐海沂密都团练观察使,Xuhaiyimi Dutuanlianguanchashi
22452,402258,徐泗濠节度使,Xusihao Jiedushi
22453,402259,徐州节度使,Xuzhou Jiedushi
22454,402260,徐州观察使,Xuzhou Guanchashi
22455,402261,徐州都团练防御使,Xuzhoudutuanlian Fangyushi
22456,402262,徐州观察使,Xuzhou Guanchashi
22457,402263,感化军节度使,Ganhuajun Jiedushi
22458,402264,感化军节度使,Ganhuajun Jiedushi
22459,402265,感化军节度使,Ganhuajun Jiedushi
22460,402266,宋州总管府,Songzhou
22461,402267,亳州总管府,Bozhou
22462,402268,亳州都督府,Bozhou
22463,402269,河南节度使,Henan Jiedushi
22464,402270,睢阳节度使,Suiyang Jiedushi
22465,402271,宋亳颍节度使,Songboying Jiedushi
22466,402272,宣武军节度使,Xuanwujun Jiedushi
22467,402273,豫州总管府,Yuzhou
22468,402274,豫州都督府,Yuzhou
22469,402275,豫许汝节度使,Yuhuru Jiedushi
22470,402276,蔡汝节度使,Cairu Jiedushi
22471,402277,淮西节度使,Huaixi Jiedushi
22472,402278,淮宁军节度使,Huainingjun Jiedushi
22473,402279,淮西节度使,Huaixi Jiedushi
22474,402280,彰义军节度使,Zhangyijun Jiedushi
22475,402281,彰义军节度使,Zhangyijun Jiedushi
22476,402282,淮西节度使,Huaixi Jiedushi
22477,402283,奉国军防御使,Fengguojun Fangyushi
22478,402284,奉国军节度使,Fengguojun Jiedushi
22479,402285,许州都督府,Huzhou
22480,402286,淮西节度使,Huaixi Jiedushi
22481,402287,陈许节度使,Chenhu Jiedushi
22482,402288,忠武军节度使,Zhongwujun Jiedushi
22483,402289,泗濠观察使,Sihao Guanchashi
22484,402290,宿泗都团练观察使,Susi Dutuanlianguanchashi
22485,402291,兖州道行台,Yanzhoudao Xingtai
22486,402292,兖郓节度使,Yanyun Jiedushi
22487,402293,沂海都团练观察使,Yihai Dutuanlianguanchashi
22488,402294,兖海都团练观察使,Yanhai Dutuanlianguanchashi
22489,402295,兖海节度使,Yanhai Jiedushi
22490,402296,兖海观察使,Yanhai Guanchashi
22491,402297,兖海节度使,Yanhai Jiedushi
22492,402298,泰宁军节度使,Tainingjun Jiedushi
22493,402299,瑕丘,Xiaqiu 
22494,402300,方与,Fangyu 
22495,402301,昌邑,Changyi 
22496,402302,龚丘,Gongqiu 
22497,402303,梁父,Liangfu 
22498,402304,岱县,Dai Xian
22499,402305,肥城,Feicheng 
22500,402306,嬴县,Ying Xian
22501,402307,戴州,Dai Zhou
22502,402308,金州,Jin Zhou
22503,402309,东泰州,Dongtai Zhou
22504,402310,琅邪郡,Langxie Jun
22505,402311,琅邪郡,Langxie Jun
22506,402312,临沭,Linshu 
22507,402313,兰山,Lanshan 
22508,402314,昌乐,Changle 
22509,402315,鄫城,Zengcheng 
22510,402316,颛臾,Zhuanyu 
22511,402317,鄫州,Zeng Zhou
22512,402318,莒州,Ju Zhou
22513,402319,大楚国,Dachu Guo
22514,402320,东南道行台,Dongnandao Xingtai
22515,402321,扬州大都督府,Yangzhou
22516,402322,淮南道,Huainan Dao
22517,402323,扬州总管府,Yangzhou
22518,402324,淮南节度使,Huainan Jiedushi
22519,402325,江都郡,Jiangdu Jun
22520,402326,兖州,Yan Zhou
22521,402327,邗州,Han Zhou
22522,402328,广陵郡,Guangling Jun
22523,402329,石梁,Shiliang 
22524,402330,吴陵,Wuling 
22525,402331,海安,Haian 
22526,402332,吴州,Wu Zhou
22527,402333,方州,Fang Zhou
22528,402334,历阳郡,Liyang Jun
22529,402335,南和州,Nanhe Zhou
22530,402336,和州,He Zhou
22531,402337,历阳郡,Liyang Jun
22532,402338,和州,He Zhou
22533,402339,历阳,Liyang 
22534,402340,武寿,Wushou 
22535,402341,乌江,Wujiang 
22536,402342,滁州,Chu Zhou
22537,402343,滁州,Chu Zhou
22538,402344,全椒,Quanjiao 
22539,402345,和州总管府,Hezhou
22540,402346,淮南西道节度使,Huainanxidao Jiedushi
22541,402347,舒庐寿都团练使,Shulushou Dutuanlianshi
22542,402348,濠寿庐都团练观察使,Haoshoulu Dutuanlianguanchashi
22543,402349,淮南郡,Huainan Jun
22544,402350,寿州,Shou Zhou
22545,402351,寿州,Shou Zhou
22546,402352,寿春,Shouchun 
22547,402353,小黄,Xiaohuang 
22548,402354,肥陵,Feiling 
22549,402355,武昌,Wuchang 
22550,402356,渒水,Paishui 
22551,402357,应城,Yingcheng 
22552,402358,潜城,Qiancheng 
22553,402359,开化,Kaihua 
22554,402360,潜县,Qian Xian
22555,402361,松滋,Songzi 
22556,402362,蓼州,Liao Zhou
22557,402363,霍州,Huo Zhou
22558,402364,钟离郡,Zhongli Jun
22559,402365,钟离郡,Zhongli Jun
22560,402366,钟离,Zhongli 
22561,402367,涂山,Tushan 
22562,402368,化明,Huaming 
22563,402369,济阴,Jiyin 
22564,402370,睢陵,Suiling 
22565,402371,临濠,Linhao 
22566,402372,定远,Dingyuan 
22567,402373,化州,Hua Zhou
22568,402374,东楚州,Dongchu Zhou
22569,402375,淮阴郡,Huaiyin Jun
22570,402376,射阳,Sheyang 
22571,402377,安乐,Anle 
22572,402378,新安,Xinan 
22573,402379,建中,Jianzhong 
22574,402380,射州,She Zhou
22575,402381,仓州,Cang Zhou
22576,402382,西楚州,Xichu Zhou
22577,402383,庐江郡,Lujiang Jun
22578,402384,庐州,Lu Zhou
22579,402385,庐江郡,Lujiang Jun
22580,402386,庐州,Lu Zhou
22581,402387,慎县,Shen Xian
22582,402388,襄安,Xiangan 
22583,402389,开成,Kaicheng 
22584,402390,扶阳,Fuyang 
22585,402391,巢州,Chao Zhou
22586,402392,同安郡,Tongan Jun
22587,402393,同安郡,Tongan Jun
22588,402394,盛唐郡,Shengtang Jun
22589,402395,皖城,Wancheng 
22590,402396,安乐,Anle 
22591,402397,梅城,Meicheng 
22592,402398,皖阳,Wanyang 
22593,402399,青城,Qingcheng 
22594,402400,荆阳,Jingyang 
22595,402401,同安,Tongan 
22596,402402,高州,Gao Zhou
22597,402403,智州,Zhi Zhou
22598,402404,严州,Yan Zhou
22599,402405,蕲春郡,Qichun Jun
22600,402406,蕲春郡,Qichun Jun
22601,402407,蕲水,Qishui 
22602,402408,义丰,Yifeng 
22603,402409,长吉,Changji 
22604,402410,塘阳,Tangyang 
22605,402411,新蔡,Xincai 
22606,402412,浠水,Xishui 
22607,402413,罗田,Luotian 
22608,402414,南晋州,Nanjin Zhou
22609,402415,永安郡,Yongan Jun
22610,402416,黄州,Huang Zhou
22611,402417,齐安郡,Qian Jun
22612,402418,黄州,Huang Zhou
22613,402419,木兰,Mulan 
22614,402420,堡城,Baocheng 
22615,402421,阳城,Yangcheng 
22616,402422,南司州,Nansi Zhou
22617,402423,亭州,Ting Zhou
22618,402424,义阳郡,Yiyang Jun
22619,402425,义阳郡,Yiyang Jun
22620,402426,淮源,Huaiyuan 
22621,402427,钟山,Zhongshan 
22622,402428,南罗州,Nanluo Zhou
22623,402429,光州,Guang Zhou
22624,402430,光州,Guang Zhou
22625,402431,光州,Guang Zhou
22626,402432,固始,Gushi 
22627,402433,乐安,Lean 
22628,402434,宋安,Songan 
22629,402435,弦州,Xian Zhou
22630,402436,义州,Yi Zhou
22631,402437,谷州,Gu Zhou
22632,402438,黄州总管府,Huangzhou
22633,402439,黄州都督府,Huangzhou
22634,402440,光州总管府,Guangzhou
22635,402441,光州都督府,Guangzhou
22636,402442,庐州总管府,Luzhou
22637,402443,西楚州总管府,Xichuzhou
22638,402444,西楚州都督府,Xichuzhou
22639,402445,舒州总管府,Shuzhou
22640,402446,舒州都督府,Shuzhou
22641,402447,舒庐滁和都团练使,Shuluchuhe Dutuanlianshi
22642,402448,淮南西道节度使,Huainanxidao Jiedushi
22643,402449,安黄节度使,Anhuang Jiedushi
22644,402450,奉义军节度使,Fengyijun Jiedushi
22645,402451,安陆郡,Anlu Jun
22646,402452,安州,An Zhou
22647,402453,安陆郡,Anlu Jun
22648,402454,安州,An Zhou
22649,402455,礼山,Lishan 
22650,402456,澴阳,Xuanyang 
22651,402457,应阳,Yingyang 
22652,402458,应州,Ying Zhou
22653,402459,澴州,Xuan Zhou
22654,402460,汊川,Chachuan 
22655,402461,竟陵郡,Jingling Jun
22656,402462,富水郡,Fushui Jun
22657,402463,蓝水,Lanshui 
22658,402464,温州,Wen Zhou
22659,402465,随州,Sui Zhou
22660,402466,随州,Sui Zhou
22661,402467,安贵,Angui 
22662,402468,顺义,Shunyi 
22663,402469,平林,Pinglin 
22664,402470,清潭,Qingtan 
22665,402471,舂陵,Chongling 
22666,402472,舂陵郡,Chongling Jun
22667,402473,昌州,Chang Zhou
22668,402474,唐州,Tang Zhou
22669,402475,随州总管府,Suizhou
22670,402476,大吴国,Dawu Guo
22671,402477,东南道行台,Dongnandao Xingtai
22672,402478,扬州大都督府,Yangzhou
22673,402479,江南道,Jiangnan Dao
22674,402480,苏州总管府,Suzhou
22675,402481,江南东道节度使,Jiangnandongdao Jiedushi
22676,402482,江东防御使,Jiangdong Fangyushi
22677,402483,浙江西道节度使,Zhejiangxidao Jiedushi
22678,402484,浙江西道观察使,Zhejiangxidao Guanchashi
22679,402485,浙江东西道都团练观察使,Zhejiangdongxidao Dutuanlianguanchashi
22680,402486,浙江西道都团练观察使,Zhejiangxidao Dutuanlianguanchashi
22681,402487,浙江东西道都团练观察使,Zhejiangdongxidao Dutuanlianguanchashi
22682,402488,苏杭等州都团练观察使,Suhangdengzhou Dutuanlianguanchashi
22683,402489,忠国军节度使,Zhongguojun Jiedushi
22684,402490,镇海军节度使,Zhenhaijun Jiedushi
22685,402491,昆山,Kunshan 
22686,402492,金山,Jinshan 
22687,402493,金山,Jinshan 
22688,402494,琅瑘,Langya 
22689,402495,归化,Guihua 
22690,402496,金陵,Jinling 
22691,402497,白下,Baixia 
22692,402498,安业,Anye 
22693,402499,云州,Yun Zhou
22694,402500,简州,Jian Zhou
22695,402501,茅州,Mao Zhou
22696,402502,扬州,Yang Zhou
22697,402503,蒋州,Jiang Zhou
22698,402504,扬州,Yang Zhou
22699,402505,江宁郡,Jiangning Jun
22700,402506,毗陵郡,Piling Jun
22701,402507,国山,Guoshan 
22702,402508,临津,Linjin 
22703,402509,暨阳,Jiyang 
22704,402510,利城,Licheng 
22705,402511,暨州,Ji Zhou
22706,402512,鹅州,E Zhou
22707,402513,南兴州,Nanxing Zhou
22708,402514,武源,Wuyuan 
22709,402515,原乡,Yuanxiang 
22710,402516,故鄣,Guzhang 
22711,402517,义乡,Yixiang 
22712,402518,长州,Chang Zhou
22713,402519,绥州,Sui Zhou
22714,402520,雉州,Zhi Zhou
22715,402521,武州,Wu Zhou
22716,402522,东武州,Dongwu Zhou
22717,402523,余杭郡,Yuhang Jun
22718,402524,余杭郡,Yuhang Jun
22719,402525,钱唐,Qiantang 
22720,402526,紫溪,Zixi 
22721,402527,武隆,Wulong 
22722,402528,紫溪,Zixi 
22723,402529,武隆,Wulong 
22724,402530,武崇,Wuchong 
22725,402531,临水,Linshui 
22726,402532,潜州,Qian Zhou
22727,402533,东睦州,Dongmu Zhou
22728,402534,新定郡,Xinding Jun
22729,402535,雉山,Zhishan 
22730,402536,新安,Xinan 
22731,402537,武盛,Wusheng 
22732,402538,昭德,Zhaode 
22733,402539,严州,Yan Zhou
22734,402540,新安郡,Xinan Jun
22735,402541,归德,Guide 
22736,402542,阊门,Changmen 
22737,402543,北野,Beiye 
22738,402544,梁安,Liangan 
22739,402545,润州都督府,Runzhou
22740,402546,江南东道节度使,Jiangnandongdao Jiedushi
22741,402547,丹阳防御使,Danyang Fangyushi
22742,402548,江南防御使,Jiangnan Fangyushi
22743,402549,浙江西道节度使,Zhejiangxidao Jiedushi
22744,402550,江南东道节度使,Jiangnandongdao Jiedushi
22745,402551,浙江西道节度使,Zhejiangxidao Jiedushi
22746,402552,镇海军节度使,Zhenhaijun Jiedushi
22747,402553,浙江西道都团练观察使,Zhejiangxidao Dutuanlianguanchashi
22748,402554,镇海军节度使,Zhenhaijun Jiedushi
22749,402555,浙江西道都团练观察使,Zhejiangxidao Dutuanlianguanchashi
22750,402556,镇海军节度使,Zhenhaijun Jiedushi
22751,402557,浙江西道都团练观察使,Zhejiangxidao Dutuanlianguanchashi
22752,402558,镇海军节度使,Zhenhaijun Jiedushi
22753,402559,浙江西道都团练观察使,Zhejiangxidao Dutuanlianguanchashi
22754,402560,镇海军节度使,Zhenhaijun Jiedushi
22755,402561,浙江西道都团练观察使,Zhejiangxidao Dutuanlianguanchashi
22756,402562,镇海军节度使,Zhenhaijun Jiedushi
22757,402563,歙州总管府,Xizhou
22758,402564,歙州都督府,Xizhou
22759,402565,歙婺衢睦都团练观察使,Xiwuqumu Dutuanlianguanchashi
22760,402566,浙江东道节度使,Zhejiangdongdao Jiedushi
22761,402567,浙江东道都团练观察使,Zhejiangdongdao Dutuanlianguanchashi
22762,402568,义胜军节度使,Yishengjun Jiedushi
22763,402569,威胜军节度使,Weishengjun Jiedushi
22764,402570,镇东军节度使,Zhendongjun Jiedushi
22765,402571,会稽郡,Huiji Jun
22766,402572,会稽郡,Huiji Jun
22767,402573,剡城,Yancheng 
22768,402574,暨阳,Jiyang 
22769,402575,姚州,Yao Zhou
22770,402576,嵊州,Sheng Zhou
22771,402577,鄞州,Yin Zhou
22772,402578,句章,Gouzhang 
22773,402579,海州,Hai Zhou
22774,402580,台州,Tai Zhou
22775,402581,临海郡,Linhai Jun
22776,402582,台州,Tai Zhou
22777,402583,章安,Zhangan 
22778,402584,黄岩,Huangyan 
22779,402585,始丰,Shifeng 
22780,402586,东阳郡,Dongyang Jun
22781,402587,东阳郡,Dongyang Jun
22782,402588,金山,Jinshan 
22783,402589,长山,Changshan 
22784,402590,白石,Baishi 
22785,402591,乌伤,Wushang 
22786,402592,乌孝,Wuxiao 
22787,402593,华川,Huachuan 
22788,402594,绸州,Chou Zhou
22789,402595,丽州,Li Zhou
22790,402596,太末,Taimo 
22791,402597,龙丘,Longqiu 
22792,402598,武安,Wuan 
22793,402599,定阳,Dingyang 
22794,402600,縠州,Hu Zhou
22795,402601,永嘉郡,Yongjia Jun
22796,402602,括仓,Kuocang 
22797,402603,松州,Song Zhou
22798,402604,东嘉州,Dongjia Zhou
22799,402605,永嘉郡,Yongjia Jun
22800,402606,乐成,Lecheng 
22801,402607,瑞安,Ruian 
22802,402608,括州总管府,Kuozhou
22803,402609,括州都督府,Kuozhou
22804,402610,丰州都督府,Fengzhou
22805,402611,福建经略使,Fujian Jinglueshi
22806,402612,福建都防御使,Fujian Dufangyushi
22807,402613,福建节度使,Fujian Jiedushi
22808,402614,福建都团练观察使,Fujian Dutuanlianguanchashi
22809,402615,威武军节度使,Weiwujun Jiedushi
22810,402616,闽州,Min Zhou
22811,402617,长乐郡,Changle Jun
22812,402618,新宁,Xinning 
22813,402619,万安,Wanan 
22814,402620,候官,Houguan 
22815,402621,候官,Houguan 
22816,402622,梅溪,Meixi 
22817,402623,温麻,Wenma 
22818,402624,温麻,Wenma 
22819,402625,丰州,Feng Zhou
22820,402626,武荣州,Wurong Zhou
22821,402627,清源郡,Qingyuan Jun
22822,402628,清源,Qingyuan 
22823,402629,仙游,Xianyou 
22824,402630,新罗,Xinluo 
22825,402631,龙岩,Longyan 
22826,402632,黄连,Huanglian 
22827,402633,绥城,Suicheng 
22828,402634,吴兴,Wuxing 
22829,402635,唐兴,Tangxing 
22830,402636,唐兴,Tangxing 
22831,402637,武宁,Wuning 
22832,402638,唐兴,Tangxing 
22833,402639,吴国,Wu Guo
22834,402640,梁国,Liang Guo
22835,402641,大宋国,Dasong Guo
22836,402642,西南道行台,Xinandao Xingtai
22837,402643,江南西道节度使,Jiangnanxidao Jiedushi
22838,402644,洪吉都防御团练观察处置使,Hongji Dufangyutuanlianguanchachuzhishi
22839,402645,江南西道都防御团练观察处置使,Jiangnanxidao Dufangyutuanlianguanchachuzhishi
22840,402646,江南西道节度使,Jiangnanxidao Jiedushi
22841,402647,江南西道都团练观察使,Jiangnanxidao Dutuanlianguanchashi
22842,402648,镇南军节度使,Zhennanjun Jiedushi
22843,402649,江南西道都团练观察使,Jiangnanxidao Dutuanlianguanchashi
22844,402650,镇南军节度使,Zhennanjun Jiedushi
22845,402651,江南西道都团练观察使,Jiangnanxidao Dutuanlianguanchashi
22846,402652,镇南军节度使,Zhennanjun Jiedushi
22847,402653,钟陵,Zhongling 
22848,402654,钟陵,Zhongling 
22849,402655,建城,Jiancheng 
22850,402656,华阳,Huayang 
22851,402657,望蔡,Wangcai 
22852,402658,宜丰,Yifeng 
22853,402659,阳乐,Yangle 
22854,402660,永修,Yongxiu 
22855,402661,龙安,Longan 
22856,402662,南昌州,Nanchang Zhou
22857,402663,孙州,Sun Zhou
22858,402664,靖州,Jing Zhou
22859,402665,米州,Mi Zhou
22860,402666,筠州,Jun Zhou
22861,402667,米州,Mi Zhou
22862,402668,永城,Yongcheng 
22863,402669,东兴,Dongxing 
22864,402670,宜黄,Yihuang 
22865,402671,巴山,Bashan 
22866,402672,庐陵郡,Luling Jun
22867,402673,兴城,Xingcheng 
22868,402674,太和,Taihe 
22869,402675,东昌,Dongchang 
22870,402676,广兴,Guangxing 
22871,402677,安复,Anfu 
22872,402678,南平州,Nanping Zhou
22873,402679,颖州,Ying Zhou
22874,402680,新渝,Xinyu 
22875,402681,始平,Shiping 
22876,402682,广丰,Guangfeng 
22877,402683,西吴州,Xiwu Zhou
22878,402684,南昌州总管府,Nanchangzhou
22879,402685,袁州总管府,Yuanzhou
22880,402686,衡州防御使,Hengzhou Fangyushi
22881,402687,湖南都团练观察使,Hunan Dutuanlianguanchashi
22882,402688,钦化军节度使,Qinhuajun Jiedushi
22883,402689,武安军节度使,Wuanjun Jiedushi
22884,402690,新康,Xinkang 
22885,402691,衡阳郡,Hengyang Jun
22886,402692,临蒸,Linzheng 
22887,402693,黄杨,Huangyang 
22888,402694,重安,Zhongan 
22889,402695,新城,Xincheng 
22890,402696,安乐,Anle 
22891,402697,阴山,Yinshan 
22892,402698,新兴,Xinxing 
22893,402699,建宁,Jianning 
22894,402700,耒阴,Leiyin 
22895,402701,新宁,Xinning 
22896,402702,南云州,Nanyun Zhou
22897,402703,郴州,Chen Zhou
22898,402704,桂阳郡,Guiyang Jun
22899,402705,郴州,Chen Zhou
22900,402706,郴县,Chen Xian
22901,402707,晋兴,Jinxing 
22902,402708,卢阳,Luyang 
22903,402709,高平,Gaoping 
22904,402710,隆武,Longwu 
22905,402711,南平,Nanping 
22906,402712,桂阳监,Guiyang Jian
22907,402713,安陵,Anling 
22908,402714,连山郡,Lianshan Jun
22909,402715,营州,Ying Zhou
22910,402716,南营州,Nanying Zhou
22911,402717,永阳,Yongyang 
22912,402718,弘道,Hongdao 
22913,402719,梁兴,Liangxing 
22914,402720,唐兴,Tangxing 
22915,402721,武盛,Wusheng 
22916,402722,唐兴,Tangxing 
22917,402723,营道,Yingdao 
22918,402724,云溪,Yunxi 
22919,402725,永阳,Yongyang 
22920,402726,永阳,Yongyang 
22921,402727,建州,Jian Zhou
22922,402728,南梁州,Nanliang Zhou
22923,402729,邵陵,Shaoling 
22924,402730,建兴,Jianxing 
22925,402731,武攸,Wuyou 
22926,402732,宣歙饶观察使,Xuanxirao Guanchashi
22927,402733,宣歙饶节度使,Xuanxirao Jiedushi
22928,402734,宣歙池都团练观察使,Xuanxichi Dutuanlianguanchashi
22929,402735,宣歙池都团练观察使,Xuanxichi Dutuanlianguanchashi
22930,402736,宁国军节度使,Ningguojun Jiedushi
22931,402737,宣歙池都团练观察使,Xuanxichi Dutuanlianguanchashi
22932,402738,绥安,Suian 
22933,402739,桐陈,Tongchen 
22934,402740,怀德,Huaide 
22935,402741,怀安,Huaian 
22936,402742,安吴,Anwu 
22937,402743,南阳,Nanyang 
22938,402744,义安,Yian 
22939,402745,义安,Yian 
22940,402746,桃州,Tao Zhou
22941,402747,南徐州,Nanxu Zhou
22942,402748,南豫州,Nanyu Zhou
22943,402749,鄱阳郡,Poyang Jun
22944,402750,广晋,Guangjin 
22945,402751,新平,Xinping 
22946,402752,玉亭,Yuting 
22947,402753,长城,Changcheng 
22948,402754,浔阳郡,Xunyang Jun
22949,402755,湓城,Pencheng 
22950,402756,楚城,Chucheng 
22951,402757,浩州,Hao Zhou
22952,402758,江夏郡,Jiangxia Jun
22953,402759,巴州,Ba Zhou
22954,402760,罗县,Luo Xian
22955,402761,容城,Rongcheng 
22956,402762,江州总管府,Jiangzhou
22957,402763,江州都督府,Jiangzhou
22958,402764,鄂岳沔都团练观察使,Eyuemian Dutuanlianguanchashi
22959,402765,鄂岳都团练观察使,Eyue Dutuanlianguanchashi
22960,402766,鄂岳都团练观察防御使,Eyue Dutuanlianguanchafangyushi
22961,402767,鄂岳都团练观察使,Eyue Dutuanlianguanchashi
22962,402768,武昌军节度使,Wuchangjun Jiedushi
22963,402769,鄂岳都团练观察使,Eyue Dutuanlianguanchashi
22964,402770,武昌军节度使,Wuchangjun Jiedushi
22965,402771,鄂岳都团练观察使,Eyue Dutuanlianguanchashi
22966,402772,武昌军节度使,Wuchangjun Jiedushi
22967,402773,鄂岳都团练观察使,Eyue Dutuanlianguanchashi
22968,402774,武昌军节度使,Wuchangjun Jiedushi
22969,402775,鄂岳都团练观察使,Eyue Dutuanlianguanchashi
22970,402776,武昌军节度使,Wuchangjun Jiedushi
22971,402777,鄂岳都团练观察使,Eyue Dutuanlianguanchashi
22972,402778,大楚国,Dachu Guo
22973,402779,广州大都督府,Guangzhou
22974,402780,岭南节度使,Lingnan Jiedushi
22975,402781,岭南东道节度使,Lingnandongdao Jiedushi
22976,402782,清海军节度使,Qinghaijun Jiedushi
22977,402783,南海郡,Nanhai Jun
22978,402784,宝安,Baoan 
22979,402785,化穆,Huamu 
22980,402786,化蒙,Huameng 
22981,402787,新招,Xinzhao 
22982,402788,化注,Huazhu 
22983,402789,永固,Yonggu 
22984,402790,兴平,Xingping 
22985,402791,霍清,Huoqing 
22986,402792,威成,Weicheng 
22987,402793,宣乐,Xuanle 
22988,402794,宋昌,Songchang 
22989,402795,政宾,Zhengbin 
22990,402796,真阳,Zhenyang 
22991,402797,浈阳,Zhenyang 
22992,402798,齐州,Qi Zhou
22993,402799,南绥州,Nansui Zhou
22994,402800,浈州,Zhen Zhou
22995,402801,威州,Wei Zhou
22996,402802,洭州,Kuang Zhou
22997,402803,番州,Fan Zhou
22998,402804,东衡州,Dongheng Zhou
22999,402805,始兴郡,Shixing Jun
23000,402806,临泷,Linlong 
23001,402807,良化,Lianghua 
23002,402808,浈昌,Zhenchang 
23003,402809,海丰郡,Haifeng Jun
23004,402810,罗阳,Luoyang 
23005,402811,石城,Shicheng 
23006,402812,龙川,Longchuan 
23007,402813,齐昌,Qichang 
23008,402814,潮阳郡,Chaoyang Jun
23009,402815,万川,Wanchuan 
23010,402816,漳州,Zhang Zhou
23011,402817,漳浦郡,Zhangpu Jun
23012,402818,怀恩,Huaien 
23013,402819,冈州,Gang Zhou
23014,402820,义宁郡,Yining Jun
23015,402821,冈州,Gang Zhou
23016,402822,封平,Fengping 
23017,402823,封乐,Fengle 
23018,402824,高要郡,Gaoyao Jun
23019,402825,博林,Bolin 
23020,402826,清泰,Qingtai 
23021,402827,南康州,Nankang Zhou
23022,402828,南康州,Nankang Zhou
23023,402829,晋康郡,Jinkang Jun
23024,402830,乐城,Lecheng 
23025,402831,抚纳,Funa 
23026,402832,安遂,Ansui 
23027,402833,南建州,Nanjian Zhou
23028,402834,药州,Yao Zhou
23029,402835,临封郡,Linfeng Jun
23030,402836,封兴,Fengxing 
23031,402837,开阳郡,Kaiyang Jun
23032,402838,正义,Zhengyi 
23033,402839,正义,Zhengyi 
23034,402840,安南,Annan 
23035,402841,永熙,Yongxi 
23036,402842,永宁,Yongning 
23037,402843,铜陵郡,Tongling Jun
23038,402844,云浮郡,Yunfu Jun
23039,402845,新昌郡,Xinchang Jun
23040,402846,新兴郡,Xinxing Jun
23041,402847,单牒,Dandie 
23042,402848,索卢,Suolu 
23043,402849,新昌,Xinchang 
23044,402850,恩平郡,Enping Jun
23045,402851,海安,Haian 
23046,402852,齐安,Qian 
23047,402853,高凉,Gaoliang 
23048,402854,西平,Xiping 
23049,402855,杜原,Duyuan 
23050,402856,南陵郡,Nanling Jun
23051,402857,流南,Liunan 
23052,402858,流南,Liunan 
23053,402859,西城,Xicheng 
23054,402860,高凉郡,Gaoliang Jun
23055,402861,连江,Lianjiang 
23056,402862,保安,Baoan 
23057,402863,南潘郡,Nanpan Jun
23058,402864,毛山,Maoshan 
23059,402865,南合州,Nanhe Zhou
23060,402866,东合州,Donghe Zhou
23061,402867,海康郡,Haikang Jun
23062,402868,隋康,Suikang 
23063,402869,铁杷,Tiepa 
23064,402870,扇沙,Shansha 
23065,402871,椹川,Zhenchuan 
23066,402872,珠崖郡,Zhuya Jun
23067,402873,颜卢,Yanlu 
23068,402874,颜城,Yancheng 
23069,402875,武德,Wude 
23070,402876,平昌,Pingchang 
23071,402877,临机,Linji 
23072,402878,琼山郡,Qiongshan Jun
23073,402879,容琼,Rongqiong 
23074,402880,忠州,Zhong Zhou
23075,402881,万全郡,Wanquan Jun
23076,402882,万全,Wanquan 
23077,402883,延德郡,Yande Jun
23078,402884,临振郡,Linzhen Jun
23079,402885,落屯,Luotun 
23080,402886,昌化郡,Changhua Jun
23081,402887,毗善,Pishan 
23082,402888,富罗,Fuluo 
23083,402889,吉安,Jian 
23084,402890,镇宁,Zhenning 
23085,402891,镇州,Zhen Zhou
23086,402892,高州总管府,Gaozhou
23087,402893,高州都督府,Gaozhou
23088,402894,南康州总管府,Nankangzhou
23089,402895,南康州都督府,Nankangzhou
23090,402896,循州总管府,Xunzhou
23091,402897,循州都督府,Xunzhou
23092,402898,崖州都督府,Yazhou
23093,402899,琼州管内招讨游奕使,Qiongzhouguannei Zhaotaoyouyishi
23094,402900,韶连郴都团练使,Shaolianchen Dutuanlianshi
23095,402901,容州管内经略使,Rongzhouguannei Jinglueshi
23096,402902,容州管内经略都防御使,Rongzhouguanneijinglue Dufangyushi
23097,402903,容州管内观察经略等使,Rongzhouguannei Guanchajingluedengshi
23098,402904,宁远军节度使,Ningyuanjun Jiedushi
23099,402905,铜州,Tong Zhou
23100,402906,普宁郡,Puning Jun
23101,402907,宕昌,Dangchang 
23102,402908,宁民,Ningmin 
23103,402909,贺川,Hechuan 
23104,402910,新安,Xinan 
23105,402911,罗窦,Luodu 
23106,402912,感义郡,Ganyi Jun
23107,402913,罗风,Luofeng 
23108,402914,隋安,Suian 
23109,402915,安昌,Anchang 
23110,402916,淳民,Chunmin 
23111,402917,南义州,Nanyi Zhou
23112,402918,连城郡,Liancheng Jun
23113,402919,龙城,Longcheng 
23114,402920,义城,Yicheng 
23115,402921,安义,Anyi 
23116,402922,安义,Anyi 
23117,402923,南扶州,Nanfu Zhou
23118,402924,怀德郡,Huaide Jun
23119,402925,南石州,Nanshi Zhou
23120,402926,辩州,Bian Zhou
23121,402927,陵水郡,Lingshui Jun
23122,402928,辩州,Bian Zhou
23123,402929,勋州,Xun Zhou
23124,402930,罗肥,Luofei 
23125,402931,慈廉,Cilian 
23126,402932,东峨州,Donge Zhou
23127,402933,温水郡,Wenshui Jun
23128,402934,豪石,Haoshi 
23129,402935,罗辩,Luobian 
23130,402936,南州,Nan Zhou
23131,402937,白州,Bai Zhou
23132,402938,南昌郡,Nanchang Jun
23133,402939,朗平,Langping 
23134,402940,淳良,Chunliang 
23135,402941,合州,He Zhou
23136,402942,越州,Yue Zhou
23137,402943,合浦郡,Hepu Jun
23138,402944,安昌,Anchang 
23139,402945,珠池,Zhuchi 
23140,402946,行常乐,Xingchangle 
23141,402947,东罗,Dongluo 
23142,402948,龙苏,Longsu 
23143,402949,姜州,Jiang Zhou
23144,402950,行岩州,Xingyan Zhou
23145,402951,行交州,Xingjiao Zhou
23146,402952,岩州,Yan Zhou
23147,402953,安乐郡,Anle Jun
23148,402954,常乐郡,Changle Jun
23149,402955,岩州,Yan Zhou
23150,402956,安乐,Anle 
23151,402957,安乐,Anle 
23152,402958,石岩,Shiyan 
23153,402959,思封,Sifeng 
23154,402960,高城,Gaocheng 
23155,402961,高城,Gaocheng 
23156,402962,南宕州,Nandang Zhou
23157,402963,定川郡,Dingchuan Jun
23158,402964,思城,Sicheng 
23159,402965,宕川,Dangchuan 
23160,402966,宁仁郡,Ningren Jun
23161,402967,怀仁,Huairen 
23162,402968,抚康,Fukang 
23163,402969,宁仁,Ningren 
23164,402970,善文,Shanwen 
23165,402971,平琴州,Pingqin Zhou
23166,402972,平琴州,Pingqin Zhou
23167,402973,平琴郡,Pingqin Jun
23168,402974,平琴州,Pingqin Zhou
23169,402975,安仁,Anren 
23170,402976,福阳,Fuyang 
23171,402977,古符,Gufu 
23172,402978,郁州,Yu Zhou
23173,402979,郁州,Yu Zhou
23174,402980,郁林州,Yulin Zhou
23175,402981,郁林郡,Yulin Jun
23176,402982,郁林州,Yulin Zhou
23177,402983,郁林,Yulin 
23178,402984,林州,Lin Zhou
23179,402985,常林郡,Changlin Jun
23180,402986,归诚,Guicheng 
23181,402987,卢越,Luyue 
23182,402988,行安南都护府,Xingannan Duhufu
23183,402989,交州总管府,Jiaozhou
23184,402990,宋州总管府,Songzhou
23185,402991,交州总管府,Jiaozhou
23186,402992,交州都督府,Jiaozhou
23187,402993,安南管内经略使暨安南都护府,Annanguanneijinglueshijiannan Duhufu
23188,402994,镇南管内经略使暨镇南都护府,Zhennanguanneijinglueshijizhennan Duhufu
23189,402995,镇南管内节度使暨镇南都护府,Zhennanguannei Jiedushijizhennandouhufu
23190,402996,镇南管内都防御观察经略使暨镇南都护府,Zhennanguanneidufangyuguanchajinglueshijizhennan Duhufu
23191,402997,安南管内都防御观察经略使暨安南都护府,Annanguanneidufangyuguanchajinglueshijiannan Duhufu
23192,402998,安南管内观察经略等使暨安南都护府,Annanguanneiguanchajingluedengshijiannan Duhufu
23193,402999,静海军节度使暨安南都护府,Jinghaijun Jiedushijiannandouhufu
23194,403000,交州,Jiao Zhou
23195,403001,宋平,Songping 
23196,403002,弘教,Hongjiao 
23197,403003,南定,Nanding 
23198,403004,南定,Nanding 
23199,403005,交趾,Jiaozhi 
23200,403006,南定,Nanding 
23201,403007,怀德,Huaide 
23202,403008,龙编,Longbian 
23203,403009,武宁,Wuning 
23204,403010,平乐,Pingle 
23205,403011,朱鸢,Zhuyuan 
23206,403012,高陵,Gaoling 
23207,403013,定安,Dingan 
23208,403014,交趾,Jiaozhi 
23209,403015,慈廉,Cilian 
23210,403016,交趾,Jiaozhi 
23211,403017,乌延,Wuyan 
23212,403018,武立,Wuli 
23213,403019,隆平,Longping 
23214,403020,太平,Taiping 
23215,403021,义廉,Yilian 
23216,403022,平道,Pingdao 
23217,403023,昌国,Changguo 
23218,403024,武平,Wuping 
23219,403025,宋州,Song Zhou
23220,403026,南宋州,Nansong Zhou
23221,403027,慈州,Ci Zhou
23222,403028,南慈州,Nanci Zhou
23223,403029,隆州,Long Zhou
23224,403030,南隆州,Nanlong Zhou
23225,403031,道州,Dao Zhou
23226,403032,南道州,Nandao Zhou
23227,403033,仙州,Xian Zhou
23228,403034,龙州,Long Zhou
23229,403035,鸢州,Yuan Zhou
23230,403036,郡州,Jun Zhou
23231,403037,郡州,Jun Zhou
23232,403038,郡口,Junkou 
23233,403039,郡口,Junkou 
23234,403040,安乐,Anle 
23235,403041,安乐,Anle 
23236,403042,庞州,Pang Zhou
23237,403043,武安州,Wuan Zhou
23238,403044,庞州,Pang Zhou
23239,403045,武曲郡,Wuqu Jun
23240,403046,武安州,Wuan Zhou
23241,403047,武安,Wuan 
23242,403048,临江,Linjiang 
23243,403049,长州,Chang Zhou
23244,403050,文阳郡,Wenyang Jun
23245,403051,长州,Chang Zhou
23246,403052,文阳,Wenyang 
23247,403053,长山,Changshan 
23248,403054,铜蔡,Tongcai 
23249,403055,其常,Qichang 
23250,403056,爱州,Ai Zhou
23251,403057,九真郡,Jiuzhen Jun
23252,403058,爱州,Ai Zhou
23253,403059,九真,Jiuzhen 
23254,403060,胥浦,Xupu 
23255,403061,攀龙,Panlong 
23256,403062,如侯,Ruhou 
23257,403063,博犊,Bodu 
23258,403064,镇星,Zhenxing 
23259,403065,杨山,Yangshan 
23260,403066,安预,Anyu 
23261,403067,松源,Songyuan 
23262,403068,安顺,Anshun 
23263,403069,东河,Donghe 
23264,403070,建昌,Jianchang 
23265,403071,边河,Bianhe 
23266,403072,龙池,Longchi 
23267,403073,建初,Jianchu 
23268,403074,无编,Wubian 
23269,403075,长林,Changlin 
23270,403076,隆安,Longan 
23271,403077,崇安,Chongan 
23272,403078,崇平,Chongping 
23273,403079,教山,Jiaoshan 
23274,403080,建道,Jiandao 
23275,403081,都握,Duwo 
23276,403082,冈山,Gangshan 
23277,403083,真润,Zhenrun 
23278,403084,古安,Guan 
23279,403085,西安, Xian
23280,403086,军安,Junan 
23281,403087,军宁,Junning 
23282,403088,移风,Yifeng 
23283,403089,武兴,Wuxing 
23284,403090,武兴,Wuxing 
23285,403091,古都,Gudu 
23286,403092,古都,Gudu 
23287,403093,九皋,Jiugao 
23288,403094,建正,Jianzheng 
23289,403095,真宁,Zhenning 
23290,403096,日南,Rinan 
23291,403097,积善,Jishan 
23292,403098,津梧,Jinwu 
23293,403099,方载,Fangzai 
23294,403100,安州,An Zhou
23295,403101,山州,Shan Zhou
23296,403102,胥州,Xu Zhou
23297,403103,真州,Zhen Zhou
23298,403104,永州,Yong Zhou
23299,403105,都州,Du Zhou
23300,403106,贡州,Gong Zhou
23301,403107,积州,Ji Zhou
23302,403108,南陵州,Nanling Zhou
23303,403109,真州,Zhen Zhou
23304,403110,德州,De Zhou
23305,403111,南德州,Nande Zhou
23306,403112,德州,De Zhou
23307,403113,驩州,Huan Zhou
23308,403114,日南郡,Rinan Jun
23309,403115,驩州,Huan Zhou
23310,403116,九德,Jiude 
23311,403117,光安,Guangan 
23312,403118,水源,Shuiyuan 
23313,403119,安银,Anyin 
23314,403120,河龙,Helong 
23315,403121,长江,Changjiang 
23316,403122,昙罗,Tanluo 
23317,403123,安远,Anyuan 
23318,403124,浦阳,Puyang 
23319,403125,浦阳,Puyang 
23320,403126,越裳,Yuechang 
23321,403127,万安,Wanan 
23322,403128,明弘,Minghong 
23323,403129,明定,Mingding 
23324,403130,交谷,Jiaogu 
23325,403131,咸驩,Xianhuan 
23326,403132,怀恩,Huaien 
23327,403133,怀驩,Huaihuan 
23328,403134,安人,Anren 
23329,403135,西源,Xiyuan 
23330,403136,相景,Xiangjing 
23331,403137,扶演,Fuyan 
23332,403138,无鞍,Wuan 
23333,403139,忠义,Zhongyi 
23334,403140,思农,Sinong 
23335,403141,武郎,Wulang 
23336,403142,武容,Wurong 
23337,403143,武金,Wujin 
23338,403144,源州,Yuan Zhou
23339,403145,阿州,A Zhou
23340,403146,明州,Ming Zhou
23341,403147,智州,Zhi Zhou
23342,403148,南智州,Nanzhi Zhou
23343,403149,智州,Zhi Zhou
23344,403150,驩州,Huan Zhou
23345,403151,演州,Yan Zhou
23346,403152,忠义郡,Zhongyi Jun
23347,403153,演州,Yan Zhou
23348,403154,匕州,Bi Zhou
23349,403155,南景州,Nanjing Zhou
23350,403156,景州,Jing Zhou
23351,403157,安武州,Anwu Zhou
23352,403158,福禄州,Fulu Zhou
23353,403159,福禄郡,Fulu Jun
23354,403160,唐林郡,Tanglin Jun
23355,403161,唐林州,Tanglin Zhou
23356,403162,新镇,Xinzhen 
23357,403163,由文,Youwen 
23358,403164,安武,Anwu 
23359,403165,安远,Anyuan 
23360,403166,柔远,Rouyuan 
23361,403167,朱吾,Zhuwu 
23362,403168,北景,Beijing 
23363,403169,福禄,Fulu 
23364,403170,阇员,Sheyuan 
23365,403171,林邑,Linyi 
23366,403172,唐林,Tanglin 
23367,403173,金宁,Jinning 
23368,403174,金龙,Jinlong 
23369,403175,海界,Haijie 
23370,403176,林州,Lin Zhou
23371,403177,海州,Hai Zhou
23372,403178,峰州,Feng Zhou
23373,403179,承化郡,Chenghua Jun
23374,403180,峰州,Feng Zhou
23375,403181,嘉宁,Jianing 
23376,403182,石堤,Shidi 
23377,403183,封溪,Fengxi 
23378,403184,新昌,Xinchang 
23379,403185,竹辂,Zhulu 
23380,403186,安仁,Anren 
23381,403187,承化,Chenghua 
23382,403188,嵩山,Songshan 
23383,403189,珠绿,Zhulv 
23384,403190,武峨州,Wue Zhou
23385,403191,武峨郡,Wue Jun
23386,403192,武峨州,Wue Zhou
23387,403193,武峨,Wue 
23388,403194,武夷,Wuyi 
23389,403195,梁山,Liangshan 
23390,403196,如马,Ruma 
23391,403197,武劳,Wulao 
23392,403198,武缘,Wuyuan 
23393,403199,武定州,Wuding Zhou
23394,403200,扶耶,Fuye 
23395,403201,潭湍,Tantuan 
23396,403202,汤州,Tang Zhou
23397,403203,汤泉郡,Tangquan Jun
23398,403204,汤州,Tang Zhou
23399,403205,汤泉,Tangquan 
23400,403206,罗韶,Luoshao 
23401,403207,绿水,Lvshui 
23402,403208,谅州,Liang Zhou
23403,403209,文谅,Wenliang 
23404,403210,长上,Changshang 
23405,403211,玉州,Yu Zhou
23406,403212,陆州,Lu Zhou
23407,403213,玉山郡,Yushan Jun
23408,403214,陆州,Lu Zhou
23409,403215,乌雷,Wulei 
23410,403216,安海,Anhai 
23411,403217,宁海,Ninghai 
23412,403218,海平,Haiping 
23413,403219,玉山,Yushan 
23414,403220,华清,Huaqing 
23415,403221,苏茂州,Sumao Zhou
23416,403222,归化,Guihua 
23417,403223,宾阳,Binyang 
23418,403224,安德,Ande 
23419,403225,南德州总管府,Nandezhou
23420,403226,南德州都督府,Nandezhou
23421,403227,德州都督府,Dezhou
23422,403228,驩州都督府,Huanzhou
23423,403229,贵州都督府,Guizhou
23424,403230,邕州管内都防御经略使,Yongzhouguanneidu Fangyujinglueshi
23425,403231,邕州管内都防御经略使,Yongzhouguanneidu Fangyujinglueshi
23426,403232,邕州管内节度使,Yongzhouguannei Jiedushi
23427,403233,邕州管内经略使,Yongzhouguannei Jinglueshi
23428,403234,邕州管内经略使,Yongzhouguannei Jinglueshi
23429,403235,邕州管内经略使,Yongzhouguannei Jinglueshi
23430,403236,岭南西道节度使,Lingnanxidao Jiedushi
23431,403237,南晋州,Nanjin Zhou
23432,403238,朗宁郡,Langning Jun
23433,403239,横山,Hengshan 
23434,403240,朗宁,Langning 
23435,403241,安城郡,Ancheng Jun
23436,403242,岭方郡,Lingfang Jun
23437,403243,领方,Lingfang 
23438,403244,思干,Sigan 
23439,403245,琅邪,Langxie 
23440,403246,安城,Ancheng 
23441,403247,南方州,Nanfang Zhou
23442,403248,贺水郡,Heshui Jun
23443,403249,修德郡,Xiude Jun
23444,403250,文安,Wenan 
23445,403251,乐沙,Lesha 
23446,403252,怀义,Huaiyi 
23447,403253,归德,Guide 
23448,403254,修德,Xiude 
23449,403255,南定州,Nanding Zhou
23450,403256,南尹州,Nanyin Zhou
23451,403257,怀泽郡,Huaize Jun
23452,403258,郁平,Yuping 
23453,403259,马度,Madu 
23454,403260,马岭,Maling 
23455,403261,简州,Jian Zhou
23456,403262,南简州,Nanjian Zhou
23457,403263,宁浦郡,Ningpu Jun
23458,403264,蒙泽,Mengze 
23459,403265,淳风,Chunfeng 
23460,403266,从化,Conghua 
23461,403267,淳州,Chun Zhou
23462,403268,淳州,Chun Zhou
23463,403269,永定郡,Yongding Jun
23464,403270,淳州,Chun Zhou
23465,403271,峦州,Luan Zhou
23466,403272,宁越郡,Ningyue Jun
23467,403273,保京,Baojing 
23468,403274,南宾,Nanbin 
23469,403275,南亭州,Nanting Zhou
23470,403276,山州,Shan Zhou
23471,403277,龙池郡,Longchi Jun
23472,403278,山州,Shan Zhou
23473,403279,抱成,Baocheng 
23474,403280,大都,Dadu 
23475,403281,龙池,Longchi 
23476,403282,盆山,Penshan 
23477,403283,招义郡,Zhaoyi Jun
23478,403284,石城,Shicheng 
23479,403285,零绿,Linglv 
23480,403286,招义,Zhaoyi 
23481,403287,干水,Ganshui 
23482,403288,临潭郡,Lintan Jun
23483,403289,临江,Linjiang 
23484,403290,波零,Boling 
23485,403291,扶南郡,Funan Jun
23486,403292,武勒,Wule 
23487,403293,武观,Wuguan 
23488,403294,龙赖,Longlai 
23489,403295,罗笼,Luolong 
23490,403296,武江,Wujiang 
23491,403297,武礼,Wuli 
23492,403298,横山郡,Hengshan Jun
23493,403299,都救,Dujiu 
23494,403300,横山,Hengshan 
23495,403301,惠佳,Huijia 
23496,403302,如赖,Rulai 
23497,403303,钦州总管府,Qinzhou
23498,403304,钦州都督府,Qinzhou
23499,403305,桂州管内经略使,Guizhouguannei Jinglueshi
23500,403306,桂州管内经略使,Guizhouguannei Jinglueshi
23501,403307,桂邕都防御观察使,Guiyongdu Fangyuguanchashi
23502,403308,桂州管内都防御观察经略等使,Guizhouguannei Dufangyuguanchajingluedengshi
23503,403309,静江军节度使,Jingjiangjun Jiedushi
23504,403310,始安郡,Shian Jun
23505,403311,建陵郡,Jianling Jun
23506,403312,始安,Shian 
23507,403313,福禄,Fulu 
23508,403314,临源,Linyuan 
23509,403315,归义,Guiyi 
23510,403316,丰水,Fengshui 
23511,403317,崇仁,Chongren 
23512,403318,修仁,Xiuren 
23513,403319,兴安,Xingan 
23514,403320,理定,Liding 
23515,403321,宣风,Xuanfeng 
23516,403322,纯化,Chunhua 
23517,403323,古县,Gu Xian
23518,403324,荔州,Li Zhou
23519,403325,晏州,Yan Zhou
23520,403326,乐州,Le Zhou
23521,403327,平乐郡,Pingle Jun
23522,403328,沙亭,Shating 
23523,403329,沙亭,Shating 
23524,403330,贺州,He Zhou
23525,403331,临贺郡,Linhe Jun
23526,403332,贺州,He Zhou
23527,403333,富水,Fushui 
23528,403334,苍梧郡,Cangwu Jun
23529,403335,绥越,Suiyue 
23530,403336,戎成,Rongcheng 
23531,403337,猛陵,Mengling 
23532,403338,静州,Jing Zhou
23533,403339,富州,Fu Zhou
23534,403340,开江郡,Kaijiang Jun
23535,403341,富州,Fu Zhou
23536,403342,安乐,Anle 
23537,403343,博劳,Bolao 
23538,403344,归化,Guihua 
23539,403345,思勤,Siqin 
23540,403346,马江,Majiang 
23541,403347,豪静,Haojing 
23542,403348,武安州,Wuan Zhou
23543,403349,南恭州,Nangong Zhou
23544,403350,蒙山郡,Mengshan Jun
23545,403351,隋化,Suihua 
23546,403352,钦政,Qinzheng 
23547,403353,纯义,Chunyi 
23548,403354,燕州,Yan Zhou
23549,403355,临江郡,Linjiang Jun
23550,403356,长恭,Changgong 
23551,403357,泰川,Taichuan 
23552,403358,池阳,Chiyang 
23553,403359,承恩,Chengen 
23554,403360,西平,Xiping 
23555,403361,阳建,Yangjian 
23556,403362,归政,Guizheng 
23557,403363,思和,Sihe 
23558,403364,龙阳,Longyang 
23559,403365,安基,Anji 
23560,403366,梁石,Liangshi 
23561,403367,新乐,Xinle 
23562,403368,泰州,Tai Zhou
23563,403369,燕州,Yan Zhou
23564,403370,思唐州,Sitang Zhou
23565,403371,思唐州,Sitang Zhou
23566,403372,浔江郡,Xunjiang Jun
23567,403373,陵江,Lingjiang 
23568,403374,象郡,Xiang Jun
23569,403375,长风,Changfeng 
23570,403376,长风,Changfeng 
23571,403377,西宁,Xining 
23572,403378,武德,Wude 
23573,403379,昆州,Kun Zhou
23574,403380,南昆州,Nankun Zhou
23575,403381,龙城郡,Longcheng Jun
23576,403382,新平,Xinping 
23577,403383,洛曹,Luocao 
23578,403384,柳岭,Liuling 
23579,403385,龙州,Long Zhou
23580,403386,忻城郡,Xincheng Jun
23581,403387,富录,Fulu 
23582,403388,都云,Duyun 
23583,403389,粤州,Yue Zhou
23584,403390,粤州,Yue Zhou
23585,403391,龙水郡,Longshui Jun
23586,403392,龙池郡,Longchi Jun
23587,403393,融水郡,Rongshui Jun
23588,403394,义熙,Yixi 
23589,403395,安修,Anxiu 
23590,403396,临牂,Linzang 
23591,403397,临牂,Linzang 
23592,403398,黄水,Huangshui 
23593,403399,古州,Gu Zhou
23594,403400,乐兴郡,Lexing Jun
23595,403401,古州,Gu Zhou
23596,403402,古州,Gu Zhou
23597,403403,乐预,Leyu 
23598,403404,乐古,Legu 
23599,403405,乐古,Legu 
23600,403406,古书,Gushu 
23601,403407,古书,Gushu 
23602,403408,乐兴,Lexing 
23603,403409,乐兴,Lexing 
23604,403410,龚州都督府,Gongzhou
23605,403411,黔中节度使暨黔中郡都督府,Qianzhongjiedushijiqianzhongjun
23606,403412,黔中节度使暨黔州都督,Qianzhong Jiedushijiqianzhoudoudu
23607,403413,黔中经略观察使暨黔州都督,Qianzhongjinglueguanchashijiqianzhou Dudu
23608,403414,黔中经略观察使,Qianzhong Jinglueguanchashi
23609,403415,黔中节度使,Qianzhong Jiedushi
23610,403416,武泰军节度使,Wutaijun Jiedushi
23611,403417,黔中郡,Qianzhong Jun
23612,403418,石城,Shicheng 
23613,403419,高富,Gaofu 
23614,403420,伏远,Fuyuan 
23615,403421,思义,Siyi 
23616,403422,丰乐,Fengle 
23617,403423,盈隆,Yinglong 
23618,403424,盈川,Yingchuan 
23619,403425,信安,Xinan 
23620,403426,务州,Wu Zhou
23621,403427,宁夷郡,Ningyi Jun
23622,403428,相永,Xiangyong 
23623,403429,万资,Wanzi 
23624,403430,丹阳,Danyang 
23625,403431,宣慈,Xuanci 
23626,403432,慈岳,Ciyue 
23627,403433,神泉,Shenquan 
23628,403434,丹川,Danchuan 
23629,403435,涪川郡,Fuchuan Jun
23630,403436,感化,Ganhua 
23631,403437,充州,Chong Zhou
23632,403438,梓姜,Zijiang 
23633,403439,梓姜,Zijiang 
23634,403440,思渝,Siyu 
23635,403441,辰水,Chenshui 
23636,403442,矩州,Ju Zhou
23637,403443,平蛮,Pingman 
23638,403444,韶明,Shaoming 
23639,403445,东陵,Dongling 
23640,403446,东停,Dongting 
23641,403447,应州,Ying Zhou
23642,403448,都尚,Dushang 
23643,403449,罗恭,Luogong 
23644,403450,陀隆,Tuolong 
23645,403451,婆览,Polan 
23646,403452,应江,Yingjiang 
23647,403453,义泉郡,Yiquan Jun
23648,403454,绥养,Suiyang 
23649,403455,明阳,Mingyang 
23650,403456,鸡翁,Jiweng 
23651,403457,宜林,Yilin 
23652,403458,宜林,Yilin 
23653,403459,义州,Yi Zhou
23654,403460,智州,Zhi Zhou
23655,403461,牢州,Lao Zhou
23656,403462,麟州,Lin Zhou
23657,403463,郎州,Lang Zhou
23658,403464,播川郡,Bochuan Jun
23659,403465,恭水,Gongshui 
23660,403466,恭水,Gongshui 
23661,403467,罗蒙,Luomeng 
23662,403468,贡山,Gongshan 
23663,403469,贡山,Gongshan 
23664,403470,胡江,Hujiang 
23665,403471,高山,Gaoshan 
23666,403472,高山,Gaoshan 
23667,403473,舍月,Sheyue 
23668,403474,释燕,Shiyan 
23669,403475,释燕,Shiyan 
23670,403476,胡刀,Hudao 
23671,403477,柯盈,Keying 
23672,403478,柯盈,Keying 
23673,403479,邪施,Xieshi 
23674,403480,邪施,Xieshi 
23675,403481,罗为,Luowei 
23676,403482,瑘川,Yachuan 
23677,403483,邘州,Yu Zhou
23678,403484,柯州,Ke Zhou
23679,403485,牂柯,Zangke 
23680,403486,新兴,Xinxing 
23681,403487,南寿州,Nanshou Zhou
23682,403488,庄州,Zhuang Zhou
23683,403489,石牛,Shiniu 
23684,403490,轻水,Qingshui 
23685,403491,新安,Xinan 
23686,403492,多乐,Duole 
23687,403493,石城,Shicheng 
23688,403494,清兰,Qinglan 
23689,403495,南阳,Nanyang 
23690,403496,琰州,Yan Zhou
23691,403497,武侯,Wuhou 
23692,403498,来南,Lainan 
23693,403499,隆昆,Longkun 
23694,403500,降昆,Jiangkun 
23695,403501,望江,Wangjiang 
23696,403502,始安,Shian 
23697,403503,琰川,Yanchuan 
23698,403504,蛮州,Man Zhou
23699,403505,巴江,Bajiang 
23700,403506,乐安,Lean 
23701,403507,宾化,Binhua 
23702,403508,夜郎郡,Yelang Jun
23703,403509,岚山,Lanshan 
23704,403510,荣德,Rongde 
23705,403511,乐源,Leyuan 
23706,403512,都牢,Dulao 
23707,403513,溱溪郡,Qinxi Jun
23708,403514,当山,Dangshan 
23709,403515,归德,Guide 
23710,403516,乐来,Lelai 
23711,403517,扶化,Fuhua 
23712,403518,汶溪,Wenxi 
23713,403519,南川郡,Nanchuan Jun
23714,403520,隆阳,Longyang 
23715,403521,隆巫,Longwu 
23716,403522,灵水,Lingshui 
23717,403523,丹溪,Danxi 
23718,403524,涪陵郡,Fuling Jun
23719,403525,隆化,Longhua 
23720,403526,永安,Yongan 
23721,403527,温山,Wenshan 
23722,403528,温山,Wenshan 
23723,403529,南潾州,Nanlin Zhou
23724,403530,清江郡,Qingjiang Jun
23725,403531,开夷,Kaiyi 
23726,403532,业州,Ye Zhou
23727,403533,牂州都督府,Zangzhou
23728,403534,庄州都督府,Zhuangzhou
23729,403535,播州都督府,Bozhou
23730,403536,充州都督府,Chongzhou
23731,403537,辰溪等州都团练观察使,Chenxidengzhou Dutuanlianguanchashi
23732,403538,溆浦,Xupu 
23733,403539,龙门,Longmen 
23734,403540,巫州,Wu Zhou
23735,403541,沅州,Yuan Zhou
23736,403542,巫州,Wu Zhou
23737,403543,潭阳郡,Tanyang Jun
23738,403544,巫州,Wu Zhou
23739,403545,思征,Sizheng 
23740,403546,舞州,Wu Zhou
23741,403547,鹤州,He Zhou
23742,403548,业州,Ye Zhou
23743,403549,龙溪郡,Longxi Jun
23744,403550,业州,Ye Zhou
23745,403551,夜郎,Yelang 
23746,403552,卢阳郡,Luyang Jun
23747,403553,万安,Wanan 
23748,403554,招喻,Zhaoyu 
23749,403555,灵溪郡,Lingxi Jun
23750,403556,荆州大总管府,Jingzhou
23751,403557,荆州大都督府,Jingzhou
23752,403558,山南道,Shannan Dao
23753,403559,山南东道节度使,Shannandongdao Jiedushi
23754,403560,忠义军节度使,Zhongyijun Jiedushi
23755,403561,山南东道节度使,Shannandongdao Jiedushi
23756,403562,襄州,Xiang Zhou
23757,403563,襄州,Xiang Zhou
23758,403564,常平,Changping 
23759,403565,汉南,Hannan 
23760,403566,上洪,Shanghong 
23761,403567,荆山,Jingshan 
23762,403568,渠阳,Quyang 
23763,403569,重阳,Zhongyang 
23764,403570,平阳,Pingyang 
23765,403571,谷城,Gucheng 
23766,403572,阴城,Yincheng 
23767,403573,重州,Zhong Zhou
23768,403574,鄀州,Ruo Zhou
23769,403575,沮州,Ju Zhou
23770,403576,华州,Hua Zhou
23771,403577,酂州,Zan Zhou
23772,403578,显州,Xian Zhou
23773,403579,泌州,Mi Zhou
23774,403580,比阳,Biyang 
23775,403581,显冈,Xiangang 
23776,403582,真昌,Zhenchang 
23777,403583,慈丘,Ciqiu 
23778,403584,淯阳郡,Yuyang Jun
23779,403585,北澧州,Beili Zhou
23780,403586,鲁州,Lu Zhou
23781,403587,湖州,Hu Zhou
23782,403588,纯州,Chun Zhou
23783,403589,邓州,Deng Zhou
23784,403590,邓州,Deng Zhou
23785,403591,淉阳,Guoyang 
23786,403592,平晋,Pingjin 
23787,403593,冠军,Guanjun 
23788,403594,顺阳,Shunyang 
23789,403595,南乡,Nanxiang 
23790,403596,默水,Moshui 
23791,403597,淅川,Xichuan 
23792,403598,淅阳,Xiyang 
23793,403599,丹水,Danshui 
23794,403600,武清,Wuqing 
23795,403601,武台,Wutai 
23796,403602,云阳,Yunyang 
23797,403603,上宛,Shangwan 
23798,403604,安固,Angu 
23799,403605,淅州,Xi Zhou
23800,403606,郦州,Li Zhou
23801,403607,弘州,Hong Zhou
23802,403608,新州,Xin Zhou
23803,403609,宛州,Wan Zhou
23804,403610,淯州,Yu Zhou
23805,403611,武当郡,Wudang Jun
23806,403612,平陵,Pingling 
23807,403613,安福,Anfu 
23808,403614,堵阳,Duyang 
23809,403615,黄沙,Huangsha 
23810,403616,固城,Gucheng 
23811,403617,白沙,Baisha 
23812,403618,南丰州,Nanfeng Zhou
23813,403619,迁州,Qian Zhou
23814,403620,房州,Fang Zhou
23815,403621,房陵郡,Fangling Jun
23816,403622,房州,Fang Zhou
23817,403623,光迁,Guangqian 
23818,403624,受阳,Shouyang 
23819,403625,淅川,Xichuan 
23820,403626,土门,Tumen 
23821,403627,归义,Guiyi 
23822,403628,武陵,Wuling 
23823,403629,上庸,Shangyong 
23824,403630,房州,Fang Zhou
23825,403631,归州,Gui Zhou
23826,403632,巴东郡,Badong Jun
23827,403633,归州,Gui Zhou
23828,403634,秭归,Zigui 
23829,403635,巴东,Badong 
23830,403636,信州,Xin Zhou
23831,403637,夔州,Kui Zhou
23832,403638,云安郡,Yunan Jun
23833,403639,夔州,Kui Zhou
23834,403640,人复,Renfu 
23835,403641,云安,Yunan 
23836,403642,大昌,Dachang 
23837,403643,巫山,Wushan 
23838,403644,南浦州,Nanpu Zhou
23839,403645,浦州,Pu Zhou
23840,403646,南浦郡,Nanpu Jun
23841,403647,临州,Lin Zhou
23842,403648,云安郡,Yunan Jun
23843,403649,丰都,Fengdu 
23844,403650,信州总管府,Xinzhou
23845,403651,夔州总管府,Kuizhou
23846,403652,夔州都督府,Kuizhou
23847,403653,夔州防御守捉使,Kuizhou Fangyushouzhuoshi
23848,403654,夔峡节度使,Kuixia Jiedushi
23849,403655,夔忠等州都防御使,Kuizhongdengzhou Dufangyushi
23850,403656,镇江军节度使,Zhenjiangjun Jiedushi
23851,403657,邓州总管府,Dengzhou
23852,403658,南阳防御使,Nanyang Fangyushi
23853,403659,山南东道节度使,Shannandongdao Jiedushi
23854,403660,唐随邓节度使,Tangsuideng Jiedushi
23855,403661,显州总管府,Xianzhou
23856,403662,显州都督府,Xianzhou
23857,403663,唐随邓节度使,Tangsuideng Jiedushi
23858,403664,彰义军节度使,Zhangyijun Jiedushi
23859,403665,襄州都督府,Xiangzhou
23860,403666,戎昭军节度使,Rongzhaojun Jiedushi
23861,403667,峡州总管府,Xiazhou
23862,403668,荆州总管府,Jingzhou
23863,403669,荆州都督府,Jingzhou
23864,403670,山南东道防御使,Shannandongdao Fangyushi
23865,403671,江陵防御使,Jiangling Fangyushi
23866,403672,荆南节度使,Jingnan Jiedushi
23867,403673,紫陵,Ziling 
23868,403674,安兴,Anxing 
23869,403675,长宁,Changning 
23870,403676,临沮,Linju 
23871,403677,章山,Zhangshan 
23872,403678,平州,Ping Zhou
23873,403679,玉州,Yu Zhou
23874,403680,基州,Ji Zhou
23875,403681,夷陵郡,Yiling Jun
23876,403682,夷陵郡,Yiling Jun
23877,403683,夷陵,Yiling 
23878,403684,远安,Yuanan 
23879,403685,宜昌,Yichang 
23880,403686,夷道,Yidao 
23881,403687,盐水,Yanshui 
23882,403688,江州,Jiang Zhou
23883,403689,峡州,Xia Zhou
23884,403690,江州,Jiang Zhou
23885,403691,东松州,Dongsong Zhou
23886,403692,睦州,Mu Zhou
23887,403693,澧阳郡,Liyang Jun
23888,403694,孱陵,Chanling 
23889,403695,崇义,Chongyi 
23890,403696,崇州,Chong Zhou
23891,403697,武陵郡,Wuling Jun
23892,403698,沔阳郡,Mianyang Jun
23893,403699,澧朗溪都团练使,Lilangxi Dutuanlianshi
23894,403700,澧朗峡都团练使,Lilangxia Dutuanlianshi
23895,403701,武贞军节度使,Wuzhenjun Jiedushi
23896,403702,大梁国,Daliang Guo
23897,403703,楚国,Chu Guo
23898,403704,显州道行台,Xianzhoudao Xingtai
23899,403705,襄州行台,Xiangzhou Xingtai
23900,403706,山南道行台,Shannandao Xingtai
23901,403707,安州大都督府,Anzhou
23902,403708,山南西道防御使,Shannanxidao Fangyushi
23903,403709,山南西道节度使,Shannanxidao Jiedushi
23904,403710,褒州,Bao Zhou
23905,403711,汉中郡,Hanzhong Jun
23906,403712,嘉牟,Jiamou 
23907,403713,褒中,Baozhong 
23908,403714,唐固,Tanggu 
23909,403715,白云,Baiyun 
23910,403716,褒州,Bao Zhou
23911,403717,南安州,Nanan Zhou
23912,403718,洋州,Yang Zhou
23913,403719,洋川郡,Yangchuan Jun
23914,403720,洋州,Yang Zhou
23915,403721,兴势,Xingshi 
23916,403722,始宁郡,Shining Jun
23917,403723,集州,Ji Zhou
23918,403724,符阳郡,Fuyang Jun
23919,403725,集州,Ji Zhou
23920,403726,长池,Changchi 
23921,403727,平桑,Pingsang 
23922,403728,狄平,Diping 
23923,403729,静州,Jing Zhou
23924,403730,武定军节度使,Wudingjun Jiedushi
23925,403731,昭武军节度使,Zhaowujun Jiedushi
23926,403732,利州节度使,Lizhou Jiedushi
23927,403733,利阆节度使,Lilang Jiedushi
23928,403734,通州,Tong Zhou
23929,403735,通川郡,Tongchuan Jun
23930,403736,洋州,Yang Zhou
23931,403737,思来,Silai 
23932,403738,三冈,Sangang 
23933,403739,三冈,Sangang 
23934,403740,恒丰,Hengfeng 
23935,403741,东关,Dongwan 
23936,403742,下蒲,Xiapu 
23937,403743,石鼓,Shigu 
23938,403744,石鼓,Shigu 
23939,403745,昌乐,Changle 
23940,403746,南并州,Nanbing Zhou
23941,403747,南石州,Nanshi Zhou
23942,403748,开州,Kai Zhou
23943,403749,盛山郡,Shengshan Jun
23944,403750,开州,Kai Zhou
23945,403751,西流,Xiliu 
23946,403752,新浦,Xinpu 
23947,403753,万世,Wanshi 
23948,403754,渝州,Yu Zhou
23949,403755,南平郡,Nanping Jun
23950,403756,清谷,Qinggu 
23951,403757,白溪,Baixi 
23952,403758,昆川,Kunchuan 
23953,403759,周泉,Zhouquan 
23954,403760,和山,Heshan 
23955,403761,瀛山,Yingshan 
23956,403762,万春,Wanchun 
23957,403763,南平州,Nanping Zhou
23958,403764,霸州,Ba Zhou
23959,403765,合州,He Zhou
23960,403766,巴川郡,Bachuan Jun
23961,403767,渠州,Qu Zhou
23962,403768,潾山郡,Linshan Jun
23963,403769,渠州,Qu Zhou
23964,403770,义兴,Yixing 
23965,403771,賨城,Congcheng 
23966,403772,盐泉,Yanquan 
23967,403773,丰乐,Fengle 
23968,403774,潾州,Lin Zhou
23969,403775,蓬州,Peng Zhou
23970,403776,咸安郡,Xianan Jun
23971,403777,蓬山郡,Pengshan Jun
23972,403778,蓬州,Peng Zhou
23973,403779,伏虞,Fuyu 
23974,403780,方州,Fang Zhou
23975,403781,巴州,Ba Zhou
23976,403782,清化郡,Qinghua Jun
23977,403783,巴州,Ba Zhou
23978,403784,化城,Huacheng 
23979,403785,其章,Qizhang 
23980,403786,其章,Qizhang 
23981,403787,始宁,Shining 
23982,403788,七槃,Qipan 
23983,403789,槃道,Pandao 
23984,403790,槃道,Pandao 
23985,403791,利州,Li Zhou
23986,403792,益昌郡,Yichang Jun
23987,403793,利州,Li Zhou
23988,403794,绵谷,Miangu 
23989,403795,葭萌,Jiameng 
23990,403796,益昌,Yichang 
23991,403797,方维,Fangwei 
23992,403798,沙州,Sha Zhou
23993,403799,兴州,Xing Zhou
23994,403800,顺政郡,Shunzheng Jun
23995,403801,兴州,Xing Zhou
23996,403802,顺政,Shunzheng 
23997,403803,凤州,Feng Zhou
23998,403804,凤州,Feng Zhou
23999,403805,梁泉,Liangquan 
24000,403806,河池,Hechi 
24001,403807,两当,Liangdang 
24002,403808,黄花,Huanghua 
24003,403809,通州总管府,Tongzhou
24004,403810,通州都督府,Tongzhou
24005,403811,巴渠开都团练使,Baqukai Dutuanlianshi
24006,403812,兴凤都团练使守捉使,Xingfengdu Tuanlianshishouzhuoshi
24007,403813,兴凤都防御使,Xingfeng Dufangyushi
24008,403814,感义军节度使,Ganyijun Jiedushi
24009,403815,兴文节度使,Xingwen Jiedushi
24010,403816,西南道行台,Xinandao Xingtai
24011,403817,益州大都督府,Yizhou
24012,403818,剑南道行台,Jiannandao Xingtai
24013,403819,剑南道节度使,Jiannandao Jiedushi
24014,403820,西川节度使,Xichuan Jiedushi
24015,403821,剑南道节度使,Jiannandao Jiedushi
24016,403822,东西川节度使,Dongxichuan Jiedushi
24017,403823,西川节度使,Xichuan Jiedushi
24018,403824,益州,Yi Zhou
24019,403825,蜀县,Shu Xian
24020,403826,东阳,Dongyang 
24021,403827,万春,Wanchun 
24022,403828,阳安郡,Yangan Jun
24023,403829,仁寿郡,Renshou Jun
24024,403830,唐福,Tangfu 
24025,403831,犍为郡,Jianwei Jun
24026,403832,龙游,Longyou 
24027,403833,乐都,Ledu 
24028,403834,沐州,Mu Zhou
24029,403835,通义郡,Tongyi Jun
24030,403836,隆山,Longshan 
24031,403837,南安,Nanan 
24032,403838,南安,Nanan 
24033,403839,平乡,Pingxiang 
24034,403840,犍州,Jian Zhou
24035,403841,义州,Yi Zhou
24036,403842,临邛郡,Linqiong Jun
24037,403843,行越巂,Xingyuexi 
24038,403844,行巂州,Xingxi Zhou
24039,403845,行巂州,Xingxi Zhou
24040,403846,唐安郡,Tangan Jun
24041,403847,唐兴郡,Tangxing Jun
24042,403848,清城,Qingcheng 
24043,403849,唐隆,Tanglong 
24044,403850,武隆,Wulong 
24045,403851,唐隆,Tanglong 
24046,403852,唐安,Tangan 
24047,403853,蒙州,Meng Zhou
24048,403854,蒙阳郡,Mengyang Jun
24049,403855,九陇,Jiulong 
24050,403856,周昌,Zhouchang 
24051,403857,槃龙,Panlong 
24052,403858,灌宁,Guanning 
24053,403859,德阳郡,Deyang Jun
24054,403860,巴西郡,Baxi Jun
24055,403861,兴圣,Xingsheng 
24056,403862,万安,Wanan 
24057,403863,金山,Jinshan 
24058,403864,昌隆,Changlong 
24059,403865,显武,Xianwu 
24060,403866,兴圣,Xingsheng 
24061,403867,文义,Wenyi 
24062,403868,邛南防御使,Qiongnan Fangyushi
24063,403869,定边军节度使,Dingbianjun Jiedushi
24064,403870,永平军节度使,Yongpingjun Jiedushi
24065,403871,威戎军节度使,Weirongjun Jiedushi
24066,403872,东川节度使,Dongchuan Jiedushi
24067,403873,东川都防御观察使,Dongchuandu Fangyuguanchashi
24068,403874,东川节度使,Dongchuan Jiedushi
24069,403875,梓潼郡,Zitong Jun
24070,403876,玄武,Xuanwu 
24071,403877,西龙州,Xilong Zhou
24072,403878,江油郡,Jiangyou Jun
24073,403879,应灵郡,Yingling Jun
24074,403880,平武,Pingwu 
24075,403881,马槃,Mapan 
24076,403882,马槃,Mapan 
24077,403883,普成,Pucheng 
24078,403884,隆州,Long Zhou
24079,403885,阆州,Lang Zhou
24080,403886,阆中郡,Langzhong Jun
24081,403887,思恭,Sigong 
24082,403888,新城,Xincheng 
24083,403889,岐坪,Qiping 
24084,403890,岐坪,Qiping 
24085,403891,西平州,Xiping Zhou
24086,403892,果州,Guo Zhou
24087,403893,南充郡,Nanchong Jun
24088,403894,果州,Guo Zhou
24089,403895,充州,Chong Zhou
24090,403896,遂宁郡,Suining Jun
24091,403897,唐兴,Tangxing 
24092,403898,武丰,Wufeng 
24093,403899,唐兴,Tangxing 
24094,403900,唐安,Tangan 
24095,403901,安岳郡,Anyue Jun
24096,403902,隆康,Longkang 
24097,403903,隆龛,Longkan 
24098,403904,资阳郡,Ziyang Jun
24099,403905,槃石,Panshi 
24100,403906,牛鞞,Niubing 
24101,403907,昌元,Changyuan 
24102,403908,遂州总管府,Suizhou
24103,403909,遂州都督府,Suizhou
24104,403910,遂州都督府,Suizhou
24105,403911,武信军节度使,Wuxinjun Jiedushi
24106,403912,龙剑节度使,Longjian Jiedushi
24107,403913,泸川郡,Luchuan Jun
24108,403914,泾南,Jingnan 
24109,403915,思隶,Sili 
24110,403916,思逢,Sifeng 
24111,403917,富世,Fushi 
24112,403918,来凤,Laifeng 
24113,403919,纳州,Na Zhou
24114,403920,罗围,Luowei 
24115,403921,施阳,Shiyang 
24116,403922,施阳,Shiyang 
24117,403923,都宁,Duning 
24118,403924,都掌,Duzhang 
24119,403925,胡茂,Humao 
24120,403926,罗蓝,Luolan 
24121,403927,播罗,Boluo 
24122,403928,罗当,Luodang 
24123,403929,晏州,Yan Zhou
24124,403930,思峨,Sie 
24125,403931,柯阴,Keyin 
24126,403932,扶来,Fulai 
24127,403933,多冈,Duogang 
24128,403934,罗阳,Luoyang 
24129,403935,新宾,Xinbin 
24130,403936,思晏,Siyan 
24131,403937,薛州,Xue Zhou
24132,403938,枝江,Zhijiang 
24133,403939,黄池,Huangchi 
24134,403940,播陵,Boling 
24135,403941,巩州,Gong Zhou
24136,403942,多楼,Duolou 
24137,403943,波婆,Bopo 
24138,403944,比求,Biqiu 
24139,403945,播郎,Bolang 
24140,403946,和义郡,Heyi Jun
24141,403947,大牢,Dalao 
24142,403948,罗水,Luoshui 
24143,403949,云川,Yunchuan 
24144,403950,胡连,Hulian 
24145,403951,资官,Ziguan 
24146,403952,婆日,Pori 
24147,403953,至如,Zhiru 
24148,403954,隆越,Longyue 
24149,403955,和义,Heyi 
24150,403956,云州,Yun Zhou
24151,403957,南溪郡,Nanxi Jun
24152,403958,僰道,Bodao 
24153,403959,开边,Kaibian 
24154,403960,石门,Shimen 
24155,403961,抚来,Fulai 
24156,403962,盐泉,Yanquan 
24157,403963,??,Cunma
24158,403964,安上,Anshang 
24159,403965,西安, Xian
24160,403966,湖津,Hujin 
24161,403967,南宁州,Nanning Zhou
24162,403968,郎州,Lang Zhou
24163,403969,泉麻,Quanma 
24164,403970,同起,Tongqi 
24165,403971,昆州,Kun Zhou
24166,403972,益宁,Yining 
24167,403973,晋宁,Jinning 
24168,403974,安宁,Anning 
24169,403975,秦臧,Qinzang 
24170,403976,云南郡,Yunnan Jun
24171,403977,泸南,Lunan 
24172,403978,髳州,Rou Zhou
24173,403979,濮水,Pushui 
24174,403980,青蛉,Qingling 
24175,403981,岐星,Qixing 
24176,403982,尹州,Yin Zhou
24177,403983,马邑,Mayi 
24178,403984,盐泉,Yanquan 
24179,403985,天池,Tianchi 
24180,403986,甘泉,Ganquan 
24181,403987,涌泉,Yongquan 
24182,403988,曾州,Ceng Zhou
24183,403989,曾县,Ceng Xian
24184,403990,长和,Changhe 
24185,403991,神泉,Shenquan 
24186,403992,龙亭,Longting 
24187,403993,三部,Sanbu 
24188,403994,宗州,Zong Zhou
24189,403995,宗居,Zongju 
24190,403996,河西,Hexi 
24191,403997,石塔,Shita 
24192,403998,匡州,Kuang Zhou
24193,403999,勃弄,Bonong 
24194,404000,匡川,Kuangchuan 
24195,404001,褒州,Bao Zhou
24196,404002,阳褒,Yangbao 
24197,404003,强乐,Qiangle 
24198,404004,微州,Wei Zhou
24199,404005,深利,Shenli 
24200,404006,十部,Shibu 
24201,404007,靡州,Mi Zhou
24202,404008,磨豫,Moyu 
24203,404009,七部,Qibu 
24204,404010,槃州,Pan Zhou
24205,404011,槃水,Panshui 
24206,404012,梨州,Li Zhou
24207,404013,梁水,Liangshui 
24208,404014,绛县,Jiang Xian
24209,404015,钩州,Gou Zhou
24210,404016,望水,Wangshui 
24211,404017,唐封,Tangfeng 
24212,404018,靖州,Jing Zhou
24213,404019,靖川,Jingchuan 
24214,404020,分协,Fenxie 
24215,404021,南通州,Nantong Zhou
24216,404022,贤州,Xian Zhou
24217,404023,弄州,Nong Zhou
24218,404024,汤罗,Tangluo 
24219,404025,升麻,Shengma 
24220,404026,汤麻,Tangma 
24221,404027,界江,Jiejiang 
24222,404028,南宁州总管府,Nanningzhou
24223,404029,南宁州都督府,Nanningzhou
24224,404030,郎州都督府,Langzhou
24225,404031,姚州都督府,Yaozhou
24226,404032,云南郡都督府,Yunnanjun
24227,404033,巂州,Xi Zhou
24228,404034,越巂郡,Yuexi Jun
24229,404035,巂州,Xi Zhou
24230,404036,越巂,Yuexi 
24231,404037,越巂,Yuexi 
24232,404038,邛都,Qiongdu 
24233,404039,松外,Songwai 
24234,404040,昌明,Changming 
24235,404041,寻声,Xunsheng 
24236,404042,林开,Linkai 
24237,404043,可泉,Kequan 
24238,404044,牢州,Lao Zhou
24239,404045,登州,Deng Zhou
24240,404046,南登州,Nandeng Zhou
24241,404047,汉源郡,Hanyuan Jun
24242,404048,飞越,Feiyue 
24243,404049,飞越,Feiyue 
24244,404050,阳山,Yangshan 
24245,404051,和集,Heji 
24246,404052,卢山郡,Lushan Jun
24247,404053,长松,Changsong 
24248,404054,阳启,Yangqi 
24249,404055,嘉良,Jialiang 
24250,404056,卢山,Lushan 
24251,404057,灵关,Lingwan 
24252,404058,大利,Dali 
24253,404059,大渡,Dadu 
24254,404060,蒙阳,Mengyang 
24255,404061,剑南西山防御使,Jiannanxishan Fangyushi
24256,404062,会州,Hui Zhou
24257,404063,南会州,Nanhui Zhou
24258,404064,通化郡,Tonghua Jun
24259,404065,行真符,Xingzhenfu 
24260,404066,行嘉诚,Xingjiacheng 
24261,404067,行薛城,Xingxuecheng 
24262,404068,行归化,Xingguihua 
24263,404069,归化,Guihua 
24264,404070,北川,Beichuan 
24265,404071,向州,Xiang Zhou
24266,404072,贝左,Beizuo 
24267,404073,向贰,Xianger 
24268,404074,涂州,Tu Zhou
24269,404075,干州,Qian Zhou
24270,404076,临涂,Lintu 
24271,404077,婆览,Polan 
24272,404078,招武,Zhaowu 
24273,404079,端源,Duanyuan 
24274,404080,宁远,Ningyuan 
24275,404081,行真州,Xingzhen Zhou
24276,404082,行松州,Xingsong Zhou
24277,404083,行维州,Xingwei Zhou
24278,404084,行霸州,Xingba Zhou
24279,404085,维川郡,Weichuan Jun
24280,404086,金川,Jinchuan 
24281,404087,小封,Xiaofeng 
24282,404088,小封,Xiaofeng 
24283,404089,行云山,Xingyunshan 
24284,404090,云山,Yunshan 
24285,404091,笮州,Ze Zhou
24286,404092,遂都,Suidu 
24287,404093,穹州,Qiong Zhou
24288,404094,小川,Xiaochuan 
24289,404095,当博,Dangbo 
24290,404096,彻当,Chedang 
24291,404097,璧川,Bichuan 
24292,404098,恭耳,Gonger 
24293,404099,炎州,Yan Zhou
24294,404100,大封,Dafeng 
24295,404101,义川,Yichuan 
24296,404102,慕川,Muchuan 
24297,404103,彻州,Che Zhou
24298,404104,文彻,Wenche 
24299,404105,俄耳,Eer 
24300,404106,文进,Wenjin 
24301,404107,冉州,Ran Zhou
24302,404108,冉山,Ranshan 
24303,404109,磨山,Moshan 
24304,404110,玉溪,Yuxi 
24305,404111,金水,Jinshui 
24306,404112,行保州,Xingbao Zhou
24307,404113,古州,Gu Zhou
24308,404114,奉州,Feng Zhou
24309,404115,云山郡,Yunshan Jun
24310,404116,天保郡,Tianbao Jun
24311,404117,保州,Bao Zhou
24312,404118,北思,Beisi 
24313,404119,云山,Yunshan 
24314,404120,亭劝,Tingquan 
24315,404121,安居,Anju 
24316,404122,归顺,Guishun 
24317,404123,霸州,Ba Zhou
24318,404124,静戎郡,Jingrong Jun
24319,404125,霸州,Ba Zhou
24320,404126,归化,Guihua 
24321,404127,安信,Anxin 
24322,404128,互利,Huli 
24323,404129,保宁,Baoning 
24324,404130,交川郡,Jiaochuan Jun
24325,404131,盐泉,Yanquan 
24326,404132,临翼郡,Linyi Jun
24327,404133,翼针,Yizhen 
24328,404134,行柘,Xingzhe 
24329,404135,行通轨,Xingtonggui 
24330,404136,行悉唐,Xingxitang 
24331,404137,行柘州,Xingzhe Zhou
24332,404138,行当州,Xingdang Zhou
24333,404139,行静州,Xingjing Zhou
24334,404140,文州,Wen Zhou
24335,404141,阴平郡,Yinping Jun
24336,404142,文州,Wen Zhou
24337,404143,正西,Zhengxi 
24338,404144,扶州,Fu Zhou
24339,404145,同昌郡,Tongchang Jun
24340,404146,扶州,Fu Zhou
24341,404147,同昌,Tongchang 
24342,404148,帖夷,Tieyi 
24343,404149,武进,Wujin 
24344,404150,帖夷,Tieyi 
24345,404151,钳川,Qianchuan 
24346,404152,钳川,Qianchuan 
24347,404153,万全,Wanquan 
24348,404154,江源郡,Jiangyuan Jun
24349,404155,归诚郡,Guicheng Jun
24350,404156,蓬山郡,Pengshan Jun
24351,404157,柘县,Zhe Xian
24352,404158,南和州,Nanhe Zhou
24353,404159,静川郡,Jingchuan Jun
24354,404160,恭化郡,Gonghua Jun
24355,404161,清边,Qingbian 
24356,404162,广平,Guangping 
24357,404163,和集,Heji 
24358,404164,博恭,Bogong 
24359,404165,烈山,Lieshan 
24360,404166,昭德郡,Zhaode Jun
24361,404167,行悉州,Xingxi Zhou
24362,404168,行左封,Xingzuofeng 
24363,404169,行和集,Xingheji 
24364,404170,行恭州,Xinggong Zhou
24365,404171,翼州都督府,Yizhou
24366,404172,保宁都护府,Baoning Duhufu
24367,404173,故洪城,Guhong Cheng
24368,404174,明威城,Mingwei Cheng
24369,404175,柔远城,Rouyuan Cheng
24370,404176,平戎城,Pingrong Cheng
24371,404177,万安城,Wanan Cheng
24372,404178,陇右节度使,Longyou Jiedushi
24373,404179,金城郡,Jincheng Jun
24374,404180,金城,Jincheng 
24375,404181,金城,Jincheng 
24376,404182,金城,Jincheng 
24377,404183,狄道郡,Didao Jun
24378,404184,安乐,Anle 
24379,404185,安乡郡,Anxiang Jun
24380,404186,索恭,Suogong 
24381,404187,乌城,Wucheng 
24382,404188,安乡,Anxiang 
24383,404189,安乡,Anxiang 
24384,404190,行安乡,Xinganxiang 
24385,404191,密恭,Migong 
24386,404192,密恭,Migong 
24387,404193,西盐州,Xiyan Zhou
24388,404194,儒州,Ru Zhou
24389,404195,行儒州,Xingru Zhou
24390,404196,乌州,Wu Zhou
24391,404197,淳州,Chun Zhou
24392,404198,宁塞郡,Ningsai Jun
24393,404199,化隆,Hualong 
24394,404200,化成,Huacheng 
24395,404201,广威,Guangwei 
24396,404202,广威,Guangwei 
24397,404203,米州,Mi Zhou
24398,404204,鄯城郡,Shancheng Jun
24399,404205,临蕃,Linfan 
24400,404206,浇河郡,Jiaohe Jun
24401,404207,秦成两州经略使,Qinchengliangzhou Jinglueshi
24402,404208,天雄军节度使,Tianxiongjun Jiedushi
24403,404209,冀城,Jicheng 
24404,404210,盐泉,Yanquan 
24405,404211,夷宾,Yibin 
24406,404212,长川,Changchuan 
24407,404213,秦岭,Qinling 
24408,404214,交州,Jiao Zhou
24409,404215,伏州,Fu Zhou
24410,404216,邽州,Gui Zhou
24411,404217,成州,Cheng Zhou
24412,404218,同谷郡,Tonggu Jun
24413,404219,成州,Cheng Zhou
24414,404220,上禄,Shanglu 
24415,404221,长道,Changdao 
24416,404222,汉源,Hanyuan 
24417,404223,同谷,Tonggu 
24418,404224,西康州,Xikang Zhou
24419,404225,鄣县,Zhang Xian
24420,404226,武阳,Wuyang 
24421,404227,鄣县,Zhang Xian
24422,404228,首阳,Shouyang 
24423,404229,叠州都督府,Diezhou
24424,404230,旭州,Xu Zhou
24425,404231,临洮郡,Lintao Jun
24426,404232,洮阳,Taoyang 
24427,404233,博陵,Boling 
24428,404234,行密恭,Xingmigong 
24429,404235,和政郡,Hezheng Jun
24430,404236,当夷,Dangyi 
24431,404237,基城,Jicheng 
24432,404238,武都郡,Wudu Jun
24433,404239,行武州,Xingwu Zhou
24434,404240,阶州,Jie Zhou
24435,404241,覆津,Fujin 
24436,404242,建威,Jianwei 
24437,404243,覆津,Fujin 
24438,404244,槃堤,Pandi 
24439,404245,怀道郡,Huaidao Jun
24440,404246,和戎,Herong 
24441,404247,合川郡,Hechuan Jun
24442,404248,叠川,Diechuan 
24443,404249,乐川,Lechuan 
24444,404250,安化,Anhua 
24445,404251,和同,Hetong 
24446,404252,常芳,Changfang 
24447,404253,洮阳郡,Taoyang Jun
24448,404254,行安北都护府,Xinganbei Duhufu
24449,404255,安北都护府,Anbei Duhufu
24450,404256,河西道,Hexi Dao
24451,404257,河西节度使,Hexi Jiedushi
24452,404258,凉州节度使,Liangzhou Jiedushi
24453,404259,武威郡,Wuwei Jun
24454,404260,武威,Wuwei 
24455,404261,武威,Wuwei 
24456,404262,番禾,Fanhe 
24457,404263,番禾,Fanhe 
24458,404264,雄州,Xiong Zhou
24459,404265,行威州,Xingwei Zhou
24460,404266,张掖郡,Zhangye Jun
24461,404267,酒泉郡,Jiuquan Jun
24462,404268,振武,Zhenwu 
24463,404269,肃州都督府,Suzhou
24464,404270,沙州都督府,Shazhou
24465,404271,沙州都督府,Shazhou
24466,404272,河西节度使,Hexi Jiedushi
24467,404273,归义军节度使,Guiyijun Jiedushi
24468,404274,晋昌郡,Jinchang Jun
24469,404275,西沙州,Xisha Zhou
24470,404276,惇煌郡,Dunhuang Jun
24471,404277,惇煌,Dunhuang 
24472,404278,惇煌,Dunhuang 
24473,404279,行张掖,Xingzhangye 
24474,404280,行甘州,Xinggan Zhou
24475,404281,西昌州,Xichang Zhou
24476,404282,西伊州,Xiyi Zhou
24477,404283,伊吾郡,Yiwu Jun
24478,404284,安西四镇节度使暨安西都护府,Anxisizhen Jiedushijianxidouhufu
24479,404285,安西四镇节度使暨镇西都护府,Anxisizhen Jiedushijizhenxidouhufu
24480,404286,安西四镇节度使暨安西都护府,Anxisizhen Jiedushijianxidouhufu
24481,404287,龟玆镇守军,Guizizhenshou Jun
24482,404288,焉耆镇守军,Yanqizhenshou Jun
24483,404289,碎叶镇守军,Suiyezhenshou Jun
24484,404290,保大军,Baoda Jun
24485,404291,碎叶镇守军,Suiyezhenshou Jun
24486,404292,焉耆镇守军,Yanqizhenshou Jun
24487,404293,于阗镇守军,Yutianzhenshou Jun
24488,404294,疏勒镇守军,Shulezhenshou Jun
24489,404295,归仁军,Guiren Jun
24490,404296,金山都护府,Jinshan Duhufu
24491,404297,伊西北庭节度使暨北庭都护府,Yixibeiting Jiedushijibeitingdouhufu
24492,404298,金满,Jinman 
24493,404299,西海,Xihai 
24494,404300,静塞军,Jingsai Jun
24495,404301,大凉国,Daliang Guo
24496,404302,西濮州,Xipu Zhou
24497,404303,西宗州,Xizong Zhou
24498,404304,南云州,Nanyun Zhou
24499,404305,西利州,Xili Zhou
24500,404306,西豫州,Xiyu Zhou
24501,404307,西宁州,Xining Zhou
24502,404308,南龙州,Nanlong Zhou
24503,404309,襄陵,Xiangling
24504,404310,宗城,Zongcheng
24505,404311,郾城,Yancheng 
24506,404312,大竹,Dazhu
24507,404313,雍州,Yong Zhou
24508,404314,雍州,Yong Zhou
24509,404315,京兆府,Jingzhao Fu
24510,404316,万年,Wannian Xian
24511,404317,咸宁,Xianning 
24512,404318,万年,Wannian Xian
24513,404319,明堂,Mingtang Xian
24514,404320,会昌,Huichang 
24515,404321,昭应,Zhaoying Xian
24516,404322,渭南,Weinan Xian
24517,404323,宜寿,Yishou Xian
24518,404324,始平,Shiping 
24519,404325,扶风,Fufeng Xian
24520,404326,武功,Wugong Xian
24521,404327,好畤,Haozhi Xian
24522,404328,云阳县,Yunyang Xian
24523,404329,平陵,Pingling 
24524,404330,华原,Huayuan Xian
24525,404331,华原,Huayuan Xian
24526,404332,美原,Meiyuan Xian
24527,404333,奉先,Fengxian Xian
24528,404334,耀州,Yao Zhou
24529,404335,干州,Qian Zhou
24530,404336,冯翊郡,Fengyi Jun
24531,404337,冯翊郡,Fengyi Jun
24532,404338,河滨,Hebin Xian
24533,404339,夏阳,Xiayang Xian
24534,404340,华州,Hua Zhou
24535,404341,太州,Tai Zhou
24536,404342,华阴郡,Huayin Jun
24537,404343,华州,Hua Zhou
24538,404344,华阴郡,Huayin Jun
24539,404345,华州,Hua Zhou
24540,404346,太州,Tai Zhou
24541,404347,华州,Hua Zhou
24542,404348,华州,Hua Zhou
24543,404349,华州,Hua Zhou
24544,404350,华阴,Huayin Xian
24545,404351,华阴,Huayin Xian
24546,404352,华阴,Huayin Xian
24547,404353,下邽,Xiagui Xian
24548,404354,上津,Shangjin Xian
24549,404355,丰阳,Fengyang Xian
24550,404356,安业,Anye 
24551,404357,乾元,Qianyuan Xian
24552,404358,安康郡,Ankang Jun
24553,404359,洵阳,Xunyang Xian
24554,404360,淯阳,Yuyang Xian
24555,404361,淯阳,Yuyang Xian
24556,404362,石泉,Shiquan 
24557,404363,石泉,Shiquan 
24558,404364,安康,Ankang Xian
24559,404365,汉阴,Hanyin Xian
24560,404366,平利,Pingli Xian
24561,404367,平利,Pingli Xian
24562,404368,岐州,Qi Zhou
24563,404369,扶风郡,Fu Fengjun
24564,404370,凤翔府,Fengxiang Fu
24565,404371,天兴,Tianxing Xian
24566,404372,岐阳,Qiyang Xian
24567,404373,扶风,Fufeng Xian
24568,404374,陈仓,Chencang Xian
24569,404375,宝鸡,Baoji Xian
24570,404376,邠州,Bin Zhou
24571,404377,邠州,Bin Zhou
24572,404378,永寿,Yongshou Xian
24573,404379,宜禄,Yilu Xian
24574,404380,中部郡,Zhongbu Jun
24575,404381,宜君,Yijun Xian
24576,404382,宜君,Yijun Xian
24577,404383,升平,Shengping Xian
24578,404384,伏陆,Fulu Xian
24579,404385,甘泉,Ganquan 
24580,404386,延州总管府,Jinzhou
24581,404387,延州都督府,Luzhou
24582,404388,延州都督府,Luzhou
24583,404389,延安郡,Yanan Jun
24584,404390,丰林,Fenglin Xian
24585,404391,延川,Yanchuan Xian
24586,404392,延安,Yanan Xian
24587,404393,延长,Yanchang Xian
24588,404394,延水,Yanshui Xian
24589,404395,临真,Linzhen Xian
24590,404396,龙泉,Longquan Xian
24591,404397,金城,Jincheng 
24592,404398,敷政,Fuzheng Xian
24593,404399,罢交,Bajiao Xian
24594,404400,延昌,Yanchang Xian
24595,404401,金明,Jinming Xian
24596,404402,绥州,Sui Zhou
24597,404403,绥州,Sui Zhou
24598,404404,上县,Shang Xian
24599,404405,龙泉,Longquan Xian
24600,404406,延福,Yanfu Xian
24601,404407,绥德,Suide Xian
24602,404408,城平,Chengping 
24603,404409,大斌,Dabin Xian
24604,404410,弘州总管府,Jinzhou
24605,404411,庆州总管府,Jinzhou
24606,404412,庆州都督府,Luzhou
24607,404413,宁州都督府,Luzhou
24608,404414,庆州都督府,Luzhou
24609,404415,庆州都督府,Luzhou
24610,404416,安化郡都督府,Luzhou
24611,404417,安化,Anhua 
24612,404418,顺化,Shunhua Xian
24613,404419,白马,Baima 
24614,404420,延庆,Yanqing Xian
24615,404421,华池,Huachi 
24616,404422,蟠交,Panjiao Xian
24617,404423,方渠,Fangqu Xian
24618,404424,怀安,Huaian 
24619,404425,洛源,Luoyuan Xian
24620,404426,宁州,Ning Zhou
24621,404427,宁州,Ning Zhou
24622,404428,罗川,Luochuan 
24623,404429,定平,Dingping Xian
24624,404430,丰义,Fengyi Xian
24625,404431,彭原,Pengyuan Xian
24626,404432,泾州总管府,Jinzhou
24627,404433,平凉郡都督府,Luzhou
24628,404434,彰义军节度使,Jingji Jiedushi
24629,404435,萧关,Xiaowan Xian
24630,404436,萧关,Xiaowan Xian
24631,404437,萧关,Xiaowan Xian
24632,404438,安定郡,Anding Jun
24633,404439,鹑觚,Chungu Xian
24634,404440,灵台,Lingtai Xian
24635,404441,灵台,Lingtai Xian
24636,404442,潘原,Panyuan Xian
24637,404443,潘原,Panyuan Xian
24638,404444,含州,Han Zhou
24639,404445,会州,Hui Zhou
24640,404446,会州,Hui Zhou
24641,404447,会州,Hui Zhou
24642,404448,会州,Hui Zhou
24643,404449,灵州总管府,Jinzhou
24644,404450,灵州都督府,Luzhou
24645,404451,灵武郡都督府,Luzhou
24646,404452,温池,Wenchi Xian
24647,404453,鸣沙,Mingsha Xian
24648,404454,怀远,Huaiyuan 
24649,404455,安静,Anjing Xian
24650,404456,保静,Baojing Xian
24651,404457,兴宁,Xingning Xian
24652,404458,白池,Baichi Xian
24653,404459,白池,Baichi Xian
24654,404460,朔方郡都督府,Luzhou
24655,404461,夏州,Xia Zhou
24656,404462,夏州,Xia Zhou
24657,404463,朔方,Shuofang Xian
24658,404464,德静,Dejing Xian
24659,404465,宁朔,Ningshuo Xian
24660,404466,宁朔,Ningshuo Xian
24661,404467,宁朔,Ningshuo Xian
24662,404468,银州,Yin Zhou
24663,404469,银州,Yin Zhou
24664,404470,儒林,Rulin Xian
24665,404485,丰州,Feng Zhou
24666,404486,九原,Jiuyuan Xian
24667,404487,九原,Jiuyuan Xian
24668,404488,永丰,Yongfeng Xian
24669,404489,金河,Jinhe Xian
24670,404490,金河,Jinhe Xian
24671,404491,河东道,Hedong Dao
24672,404492,并州,Bing Zhou
24673,404493,太原府,Taiyuan Fu
24674,404494,太原,Taiyuan Xian
24675,404495,晋阳,Jinyang Xian
24676,404496,榆次,Yuci Xian
24677,404497,寿阳,Shouyang Xian
24678,404498,寿阳,Shouyang Xian
24679,404499,盂县,Yu Xian
24680,404500,石艾,Shiai Xian
24681,404501,广阳,Guangyang Xian
24682,404502,乐平,Leping Xian
24683,404503,太谷,Taigu Xian
24684,404504,祁县,Qi Xian
24685,404505,文水,Wenshui Xian
24686,404506,文水,Wenshui Xian
24687,404507,交城,Jiaocheng Xian
24688,404508,阳曲,Yangqu Xian
24689,404509,蒲州,Pu Zhou
24690,404510,河中府,Hezhong Fu
24691,404511,蒲州,Pu Zhou
24692,404512,河东郡,Hedong Jun
24693,404513,蒲州,Pu Zhou
24694,404514,河中府,Hezhong Fu
24695,404515,河东,Hedong Xian
24696,404516,河西,Hexi 
24697,404517,河西,Hexi 
24698,404518,临晋,Linjin Xian
24699,404519,温泉,Wenquan Xian
24700,404520,汾阴,Fenyin Xian
24701,404521,宝鼎,Baoding Xian
24702,404522,虞邑,Yuyi Xian
24703,404523,解县,Jie Xian
24704,404524,虞乡,Yuxiang Xian
24705,404525,虞乡,Yuxiang Xian
24706,404526,永乐,Yongle 
24707,404527,虞州,Yu Zhou
24708,404528,弘农郡,Hongnong Jun
24709,404529,弘农,Hongnong Xian
24710,404530,弘农,Hongnong Xian
24711,404531,朱阳,Zhuyang Xian
24712,404532,阌乡,Wenxiang Xian
24713,404533,湖城,Hucheng Xian
24714,404534,天平,Tianping Xian
24715,404535,湖城,Hucheng Xian
24716,404536,翼城,Yicheng Xian
24717,404537,绛县,Jiang Xian
24718,404538,夏县,Xia Xian
24719,404539,万泉,Wanquan Xian
24720,404540,平阳郡,Pingyang Jun
24721,404541,临汾,Linfen Xian
24722,404542,西河,Xihe Xian
24723,404543,赵城,Zhaocheng Xian
24724,404544,汾西,Fenxi Xian
24725,404545,霍邑,Huoyi Xian
24726,404546,岳阳,Yueyang Xian
24727,404547,慈州,Ci Zhou
24728,404548,文城郡,Wencheng Jun
24729,404549,慈州,Ci Zhou
24730,404550,吉昌,Jichang Xian
24731,404551,文城,Wencheng 
24732,404552,屈邑,Quyi Xian
24733,404553,仵城,Wucheng Xian
24734,404554,昌宁,Changning Xian
24735,404555,吕香,Lvxiang Xian
24736,404556,蒲县,Pu Xian
24737,404557,大宁,Daning Xian
24738,404558,永和,Yonghe Xian
24739,404559,石楼,Shilou Xian
24740,404560,温泉,Wenquan Xian
24741,404561,西河郡,Xihe Jun
24742,404562,西河,Xihe Xian
24743,404563,平遥,Pingyao Xian
24744,404564,介休,Jiexiu Xian
24745,404565,灵石,Lingshi Xian
24746,404566,孝义,Xiaoyi Xian
24747,404567,介州,Jie Zhou
24748,404568,定胡,Dinghu Xian
24749,404569,定胡,Dinghu Xian
24750,404570,临泉,Linquan Xian
24751,404571,方山,Fangshan Xian
24752,404572,岚州,Lan Zhou
24753,404573,楼烦郡,Loufan Jun
24754,404574,岚州,Lan Zhou
24755,404575,静乐,Jingle Xian
24756,404576,楼烦,Loufan Xian
24757,404577,临泉,Linquan Xian
24758,404578,合河,Hehe Xian
24759,404579,岚谷,Langu Xian
24760,404580,岚谷,Langu Xian
24761,404581,宪州,Xian Zhou
24762,404582,辽州,Liao Zhou
24763,404583,仪州,Yi Zhou
24764,404584,仪州,Yi Zhou
24765,404585,辽州,Liao Zhou
24766,404586,仪州,Yi Zhou
24767,404587,榆社,Yushe Xian
24768,404588,平城,Pingcheng Xian
24769,404589,和顺,Heshun Xian
24770,404590,绛州总管府,Jiangzhou Zongguanfu
24771,404591,潞州总管府,Luzhou Zongguanfu
24772,404592,潞州都督府,Luzhou Dudufu
24773,404593,上党郡都督府,Shangdangjun Dudufu
24774,404594,上党,Shangdang Xian
24775,404595,壶关,Huwan Xian
24776,404596,长子,Changzi Xian
24777,404597,屯留,Tunliu Xian
24778,404598,铜鞮,Tongdi Xian
24779,404599,乡县,Xiang Xian
24780,404600,乡县,Xiang Xian
24781,404601,潞城,Lucheng Xian
24782,404602,潞子,Luzi Xian
24783,404603,襄垣,Xiangyuan Xian
24784,404604,黎城,Licheng Xian
24785,404605,黎亭,Liting Xian
24786,404606,涉县,She Xian
24787,404607,韩州,Han Zhou
24788,404608,高平郡,Gaoping Jun
24789,404609,晋城,Jincheng Xian
24790,404610,丹川,Danchuan 
24791,404611,濩泽,Huoze Xian
24792,404612,阳城,Yangcheng 
24793,404613,濩泽,Huoze Xian
24794,404614,沁水,Qinshui Xian
24795,404615,端氏,Duanshi Xian
24796,404616,高平,Gaoping 
24797,404617,陵川,Lingchuan Xian
24798,404618,代州总管府,Daizhou Zongguanfu
24799,404619,代州都督府,Daizhou Dudufu
24800,404620,雁门郡都督府,Yanmenjun Dudufu
24801,404621,繁畤,Fanzhi Xian
24802,404622,五台,Wutai Xian
24803,404623,唐林,Tanglin 
24804,404624,忻州,Xin Zhou
24805,404625,忻州,Xin Zhou
24806,404626,秀容,Xiurong Xian
24807,404627,定襄,Dingxiang 
24808,404628,朔州,Shuo Zhou
24809,404629,马邑郡,Mayi Jun
24810,404630,朔州,Shuo Zhou
24811,404631,马邑,Mayi 
24812,404632,应州,Ying Zhou
24813,404633,应州,Ying Zhou
24814,404634,云州,Yun Zhou
24815,404635,云州,Yun Zhou
24816,404636,云州,Yun Zhou
24817,404637,云中,Yunzhong Xian
24818,404638,云中,Yunzhong Xian
24819,404639,蔚州,Wei Zhou
24820,404640,蔚州,Wei Zhou
24821,404641,安边,Anbian Xian
24822,404642,兴唐,Xingtang Xian
24823,404643,飞狐,Feihu Xian
24824,404644,河北道,Hebei Dao
24825,404645,幽州总管府,Youzhou Zongguanfu
24826,404646,幽州都督府,Youzhou Dudufu
24827,404647,范阳郡都督府,Fanyangjun Dudufu
24828,404648,幽都,Youdu Xian
24829,404649,潞县,Lu Xian
24830,404650,武清,Wuqing 
24831,404651,安次,Anci Xian
24832,404652,永清,Yongqing Xian
24833,404653,新昌,Xinchang 
24834,404654,新城,Xincheng 
24835,404655,玄州,Xuan Zhou
24836,404656,涿州,Zhuo Zhou
24837,404657,易州,Yi Zhou
24838,404658,上谷郡,Shanggu Jun
24839,404659,易州,Yi Zhou
24840,404660,上谷郡,Shanggu Jun
24841,404661,易州,Yi Zhou
24842,404662,上谷郡,Shanggu Jun
24843,404663,易州,Yi Zhou
24844,404664,易县,Yi Xian
24845,404665,涞水,Laishui Xian
24846,404666,容城,Rongcheng 
24847,404667,遂城,Suicheng Xian
24848,404668,永乐,Yongle 
24849,404669,满城,Mancheng Xian
24850,404670,楼亭,Louting Xian
24851,404671,板城,Bancheng Xian
24852,404672,妫州,Gui Zhou
24853,404673,妫川郡,Guichuan Jun
24854,404674,妫州,Gui Zhou
24855,404675,妫川郡,Guichuan Jun
24856,404676,妫州,Gui Zhou
24857,404677,妫川郡,Guichuan Jun
24858,404678,妫州,Gui Zhou
24859,404679,怀戎,Huairong Xian
24860,404680,归顺州,Guishun Zhou
24861,404681,归顺州,Guishun Zhou
24862,404682,归顺州,Guishun Zhou
24863,404683,怀柔,Huairou Xian
24864,404684,燕乐,Yanle Xian
24865,404685,营州,Ying Zhou
24866,404686,营州,Ying Zhou
24867,404687,蓟州,Ji Zhou
24868,404688,蓟州,Ji Zhou
24869,404689,蓟州,Ji Zhou
24870,404690,蓟州,Ji Zhou
24871,404691,渔阳,Yuyang Xian
24872,404692,玉田,Yutian Xian
24873,404693,三河,Sanhe Xian
24874,404694,魏州,Wei Zhou
24875,404695,魏州,Wei Zhou
24876,404696,魏州,Wei Zhou
24877,404697,魏郡,Weijun Xian
24878,404698,魏州,Wei Zhou
24879,404699,魏郡,Weijun Xian
24880,404700,魏州,Wei Zhou
24881,404701,贵乡,Guixiang Xian
24882,404702,元城,Yuancheng Xian
24883,404703,元城,Yuancheng Xian
24884,404704,莘县,Shen Xian
24885,404705,武圣,Wusheng Xian
24886,404706,朝城,Chaocheng Xian
24887,404707,清丰,Qingfeng Xian
24888,404708,昌乐,Changle 
24889,404709,魏县,Wei Xian
24890,404710,馆陶,Guantao Xian
24891,404711,冠氏,Guanshi Xian
24892,404712,澶州,Chan Zhou
24893,404713,澶州,Chan Zhou
24894,404714,卫州,Wei Zhou
24895,404715,汲郡,Jijun Xian
24896,404716,卫州,Wei Zhou
24897,404717,汲郡,Jijun Xian
24898,404718,卫州,Wei Zhou
24899,404719,汲郡,Jijun Xian
24900,404720,卫州,Wei Zhou
24901,404721,汲县,Ji Xian
24902,404722,新乡,Xinxiang Xian
24903,404723,共城,Gongcheng Xian
24904,404724,卫县,Wei Xian
24905,404725,黎阳,Liyang Xian
24906,404726,邺郡,Yejun Xian
24907,404727,邺郡,Yejun Xian
24908,404728,安阳,Anyang Xian
24909,404729,林虑,Linlv Xian
24910,404730,昭义,Zhaoyi Xian
24911,404731,成安,Chengan Xian
24912,404732,洹水,Huanshui Xian
24913,404733,永定,Yongding 
24914,404734,洹州,Huan Zhou
24915,404735,磁州,Ci Zhou
24916,404736,磁州,Ci Zhou
24917,404737,广平郡,Guangping Jun
24918,404738,洺水,Mingshui Xian
24919,404739,清漳,Qingzhang Xian
24920,404740,临洺,Linming Xian
24921,404741,鸡泽,Jize Xian
24922,404742,南和,Nanhe Xian
24923,404743,沙河,Shahe Xian
24924,404744,青山,Qingshan 
24925,404745,柏仁,Bairen Xian
24926,404746,尧山,Yaoshan Xian
24927,404747,任县,Ren Xian
24928,404748,巨鹿,Julu Xian
24929,404749,平乡,Pingxiang 
24930,404750,赵州,Zhao Zhou
24931,404751,赵郡,Zhaojun Xian
24932,404752,赵州,Zhao Zhou
24933,404753,赵郡,Zhaojun Xian
24934,404754,赵州,Zhao Zhou
24935,404755,赵郡,Zhaojun Xian
24936,404756,赵州,Zhao Zhou
24937,404757,平棘,Pingji Xian
24938,404758,宁晋,Ningjin Xian
24939,404759,昭庆,Zhaoqing Xian
24940,404760,柏乡,Baixiang Xian
24941,404761,高邑,Gaoyi Xian
24942,404762,临城,Lincheng Xian
24943,404763,赞皇,Zanhuang Xian
24944,404764,元氏,Yuanshi Xian
24945,404765,栾城,Luancheng Xian
24946,404766,恒州,Heng Zhou
24947,404767,常山郡,Changshan Jun
24948,404768,恒州,Heng Zhou
24949,404769,常山郡,Changshan Jun
24950,404770,恒州,Heng Zhou
24951,404771,常山郡,Changshan Jun
24952,404772,恒州,Heng Zhou
24953,404773,镇州,Zhen Zhou
24954,404774,真定,Zhending Xian
24955,404775,中山,Zhongshan Xian
24956,404776,真定,Zhending Xian
24957,404777,九门,Jiumen Xian
24958,404778,石邑,Shiyi Xian
24959,404779,获鹿,Huolu Xian
24960,404780,获鹿,Huolu Xian
24961,404781,井陉,Jingjing Xian
24962,404782,房山,Fangshan Xian
24963,404783,平山,Pingshan Xian
24964,404784,定州,Ding Zhou
24965,404785,定州,Ding Zhou
24966,404786,定州,Ding Zhou
24967,404787,定州,Ding Zhou
24968,404788,安喜,Anxi Xian
24969,404789,义丰,Yifeng 
24970,404790,义丰,Yifeng 
24971,404791,唐昌,Tangchang Xian
24972,404792,陉邑,Jingyi Xian
24973,404793,新乐,Xinle 
24974,404794,曲阳,Quyang 
24975,404795,唐县,Tang Xian
24976,404796,北平,Beiping 
24977,404797,望都,Wangdu Xian
24978,404798,祁州,Qi Zhou
24979,404799,莫州,Mo Zhou
24980,404800,莫州,Mo Zhou
24981,404801,莫州,Mo Zhou
24982,404802,莫州,Mo Zhou
24983,404803,莫县,Mo Xian
24984,404804,文安,Wenan 
24985,404805,长丰,Changfeng Xian
24986,404806,唐兴,Tangxing 
24987,404807,清苑,Qingyuan Xian
24988,404808,瀛州,Ying Zhou
24989,404809,瀛州,Ying Zhou
24990,404810,瀛州,Ying Zhou
24991,404811,瀛州,Ying Zhou
24992,404812,河间,Hejian Xian
24993,404813,乐寿,Leshou Xian
24994,404814,博野,Boye Xian
24995,404815,高阳,Gaoyang Xian
24996,404816,束城,Shucheng Xian
24997,404817,平舒,Pingshu Xian
24998,404818,深州,Shen Zhou
24999,404819,深州,Shen Zhou
25000,404820,深州,Shen Zhou
25001,404821,深州,Shen Zhou
25002,404822,深州,Shen Zhou
25003,404823,陆泽,Luze Xian
25004,404824,鹿城,Lucheng Xian
25005,404825,安平,Anping 
25006,404826,饶阳,Raoyang Xian
25007,404827,冀州,Ji Zhou
25008,404828,冀州,Ji Zhou
25009,404829,信都郡,Xindu Jun
25010,404830,冀州,Ji Zhou
25011,404831,信都郡,Xindu Jun
25012,404832,冀州,Ji Zhou
25013,404833,信都郡,Xindu Jun
25014,404834,冀州,Ji Zhou
25015,404835,信都,Xindu Xian
25016,404836,枣强,Zaoqiang Xian
25017,404837,南宫,Nangong Xian
25018,404838,堂阳,Tangyang Xian
25019,404839,衡水,Hengshui Xian
25020,404840,下博,Xiabo Xian
25021,404841,武强,Wuqiang Xian
25022,404842,武邑,Wuyi Xian
25023,404843,阜城,Fucheng Xian
25024,404844,沧州,Cang Zhou
25025,404845,沧州,Cang Zhou
25026,404846,沧州,Cang Zhou
25027,404847,沧州,Cang Zhou
25028,404848,沧州,Cang Zhou
25029,404849,清池,Qingchi 
25030,404850,盐山,Yanshan Xian
25031,404851,无棣,Wudi Xian
25032,404852,乐陵,Leling Xian
25033,404853,饶安,Raoan Xian
25034,404854,临津,Linjin 
25035,404855,东光,Dongguang Xian
25036,404856,南皮,Nanpi Xian
25037,404857,景城,Jingcheng Xian
25038,404858,长芦,Changlu Xian
25039,404859,鲁城,Lucheng Xian
25040,404860,干符,Qianfu Xian
25041,404861,渤海郡,Bohai Jun
25042,404862,沧州,Cang Zhou
25043,404863,棣州,Di Zhou
25044,404864,棣州,Di Zhou
25045,404865,棣州,Di Zhou
25046,404866,棣州,Di Zhou
25047,404867,渤海,Bohai Xian
25048,404868,德州,De Zhou
25049,404869,平原郡,Pingyuan Jun
25050,404870,德州,De Zhou
25051,404871,平原郡,Pingyuan Jun
25052,404872,德州,De Zhou
25053,404873,平原郡,Pingyuan Jun
25054,404874,德州,De Zhou
25055,404875,安德,Ande 
25056,404876,平原,Pingyuan Xian
25057,404877,长河,Changhe Xian
25058,404878,安陵,Anling 
25059,404879,将陵,Jiangling Xian
25060,404880,平昌,Pingchang 
25061,404881,清河郡,Qinghe Jun
25062,404882,贝州,Bei Zhou
25063,404883,清河郡,Qinghe Jun
25064,404884,贝州,Bei Zhou
25065,404885,清河郡,Qinghe Jun
25066,404886,贝州,Bei Zhou
25067,404887,清河,Qinghe Xian
25068,404888,清阳,Qingyang 
25069,404889,漳南,Zhangnan Xian
25070,404890,鄃县,Shu Xian
25071,404891,博州,Bo Zhou
25072,404892,博州,Bo Zhou
25073,404893,博州,Bo Zhou
25074,404894,聊城,Liaocheng Xian
25075,404895,聊邑,Liaoyi Xian
25076,404896,堂邑,Tangyi Xian
25077,404897,清平,Qingping Xian
25078,404898,博平,Boping Xian
25079,404899,博平,Boping Xian
25080,404900,高唐,Gaotang 
25081,404901,高唐,Gaotang 
25082,404902,营州都督府,Luzhou
25083,404903,营州都督府,Luzhou
25084,404904,营州都督府,Luzhou
25085,404905,柳城郡都督府,Liuchengjun Dudufu
25086,404906,柳城,Liucheng Xian
25087,404907,柳城,Liucheng Xian
25088,404908,昌黎,Changli Xian
25089,404909,昌黎,Changli Xian
25090,404910,崇州,Chong Zhou
25091,404911,北平郡,Beiping Jun
25092,404912,北平郡,Beiping Jun
25093,404913,北平郡,Beiping Jun
25094,404914,石城,Shicheng 
25095,404915,马城,Macheng Xian
25096,404916,燕州总管府,Yanzhou Zongguanfu
25097,404917,安东都护府,Andong Duhufu
25098,404918,都畿,Duji Xian
25099,404919,洛州都督府,Luozhou Dudufu
25100,404920,河南郡,Henan Jun
25101,404921,洛州,Luo Zhou
25102,404922,河南府,Henan Fu
25103,404923,河南,Henan Xian
25104,404924,合宫,Hegong Xian
25105,404925,河南,Henan Xian
25106,404926,合宫,Hegong Xian
25107,404927,河南,Henan Xian
25108,404928,洛阳,Luoyang 
25109,404929,永昌,Yongchang Xian
25110,404930,洛阳,Luoyang 
25111,404931,永昌,Yongchang Xian
25112,404932,缑氏,Goushi Xian
25113,404933,缑氏,Goushi Xian
25114,404934,汜水,Sishui Xian
25115,404935,汜水,Sishui Xian
25116,404936,密县,Mi Xian
25117,404937,阳城,Yangcheng 
25118,404938,告成,Gaocheng Xian
25119,404939,阳城,Yangcheng 
25120,404940,告成,Gaocheng Xian
25121,404941,登封,Dengfeng Xian
25122,404942,登封,Dengfeng Xian
25123,404943,伊阳,Yiyang Xian
25124,404944,长水,Changshui Xian
25125,404945,永宁,Yongning 
25126,404946,福昌,Fuchang Xian
25127,404947,寿安,Shouan Xian
25128,404948,新安,Xinan 
25129,404949,渑池,Shengchi Xian
25130,404950,大基,Daji Xian
25131,404951,大基,Daji Xian
25132,404952,河清,Heqing Xian
25133,404953,河清,Heqing Xian
25134,404954,熊州,Xiong Zhou
25135,404955,孟州,Meng Zhou
25136,404956,怀州,Huai Zhou
25137,404957,怀州,Huai Zhou
25138,404958,怀州,Huai Zhou
25139,404959,怀州,Huai Zhou
25140,404960,河内,Henei Xian
25141,404961,武德,Wude 
25142,404962,修武,Xiuwu Xian
25143,404963,获嘉,Huojia Xian
25144,404964,修武,Xiuwu Xian
25145,404965,武陟,Wuzhi Xian
25146,404966,郑州,Zheng Zhou
25147,404967,荥阳郡,Yingyang Jun
25148,404968,郑州,Zheng Zhou
25149,404969,荥阳郡,Yingyang Jun
25150,404970,郑州,Zheng Zhou
25151,404971,荥阳郡,Yingyang Jun
25152,404972,郑州,Zheng Zhou
25153,404973,管城,Guancheng Xian
25154,404974,中牟,Zhongmou Xian
25155,404975,阳武,Yangwu Xian
25156,404976,汝州,Ru Zhou
25157,404977,临汝郡,Linru Jun
25158,404978,汝州,Ru Zhou
25159,404979,临汝郡,Linru Jun
25160,404980,汝州,Ru Zhou
25161,404981,临汝郡,Linru Jun
25162,404982,汝州,Ru Zhou
25163,404983,梁县,Liang Xian
25164,404984,叶县,Ye Xian
25165,404985,龙兴,Longxing Xian
25166,404986,鲁山,Lushan Xian
25167,404987,临汝,Linru Xian
25168,404988,汝州,Ru Zhou
25169,404989,陕郡,Shanjun Xian
25170,404990,陕郡,Shanjun Xian
25171,404991,灵宝,Lingbao Xian
25172,404992,芮城,Ruicheng Xian
25173,404993,河南道,Henan Dao
25174,404994,汴州总管府,Bianzhou Zongguanfu
25175,404995,汴州都督府,Bianzhou Dudufu
25176,404996,汴州,Bian Zhou
25177,404997,陈留郡,Chenliu Jun
25178,404998,汴州,Bian Zhou
25179,404999,陈留郡,Chenliu Jun
25180,405000,汴州,Bian Zhou
25181,405001,陈留郡,Chenliu Jun
25182,405002,汴州,Bian Zhou
25183,405003,开封,Kaifeng Xian
25184,405004,开封,Kaifeng Xian
25185,405005,浚仪,Xunyi Xian
25186,405006,陈留,Chenliu Xian
25187,405007,尉氏,Weishi Xian
25188,405008,归化,Guihua 
25189,405009,滑州,Hua Zhou
25190,405010,滑州,Hua Zhou
25191,405011,滑州,Hua Zhou
25192,405012,滑州,Hua Zhou
25193,405013,滑州,Hua Zhou
25194,405014,酸枣,Suanzao Xian
25195,405015,卫南,Weinan Xian
25196,405016,曹州,Cao Zhou
25197,405017,曹州,Cao Zhou
25198,405018,曹州,Cao Zhou
25199,405019,曹州,Cao Zhou
25200,405020,济阴,Jiyin 
25201,405021,考城,Kaocheng Xian
25202,405022,冤句,Yuanju Xian
25203,405023,济阳,Jiyang Xian
25204,405024,离狐,Lihu Xian
25205,405025,南华,Nanhua Xian
25206,405026,乘氏,Chengshi Xian
25207,405027,濮州,Pu Zhou
25208,405028,濮州,Pu Zhou
25209,405029,濮州,Pu Zhou
25210,405030,濮州,Pu Zhou
25211,405031,鄄城,Juancheng Xian
25212,405032,雷泽,Leize Xian
25213,405033,临濮,Linpu Xian
25214,405034,安丘,Anqiu Xian
25215,405035,濮阳,Puyang Xian
25216,405036,东平郡,Dongping Jun
25217,405037,郓州,Yun Zhou
25218,405038,东平郡,Dongping Jun
25219,405039,郓州,Yun Zhou
25220,405040,东平郡,Dongping Jun
25221,405041,郓州,Yun Zhou
25222,405042,须昌,Xuchang Xian
25223,405043,宿城,Sucheng Xian
25224,405044,宿城,Sucheng Xian
25225,405045,东平,Dongping Xian
25226,405046,巨野,Juye Xian
25227,405047,郓城,Yuncheng Xian
25228,405048,寿张,Shouzhang Xian
25229,405049,济州,Ji Zhou
25230,405050,临淄郡,Linzi Jun
25231,405051,全节,Quanjie Xian
25232,405052,亭山,Tingshan Xian
25233,405053,山茌,Shanchi Xian
25234,405054,丰齐,Fengqi Xian
25235,405055,祝阿,Zhua Xian
25236,405056,禹城,Yucheng Xian
25237,405057,归化,Guihua 
25238,405058,临济,Linji Xian
25239,405059,淄川,Zichuan Xian
25240,405060,莱芜,Laiwu Xian
25241,405061,长山,Changshan 
25242,405062,济阳,Jiyang Xian
25243,405063,邹平,Juping Xian
25244,405064,高苑,Gaoyuan Xian
25245,405065,青州,Qing Zhou
25246,405066,北海郡,Beihai Jun
25247,405067,青州,Qing Zhou
25248,405068,益都,Yidu Xian
25249,405069,北海,Beihai Xian
25250,405070,临朐,Linqu Xian
25251,405071,临淄,Linzi Xian
25252,405072,博昌,Bochang Xian
25253,405073,千乘,Qiansheng Xian
25254,405074,寿光,Shouguang Xian
25255,405075,莱州,Lai Zhou
25256,405076,莱州,Lai Zhou
25257,405077,掖县,Ye Xian
25258,405078,昌阳,Changyang Xian
25259,405079,即墨,Jimo Xian
25260,405080,胶水,Jiaoshui Xian
25261,405081,登州,Deng Zhou
25262,405082,登州,Deng Zhou
25263,405083,蓬莱,Penglai Xian
25264,405084,牟平,Muping Xian
25265,405085,文登,Wendeng Xian
25266,405086,黄县,Huang Xian
25267,405087,牟平,Muping Xian
25268,405088,登州,Deng Zhou
25269,405089,密州,Mi Zhou
25270,405090,密州,Mi Zhou
25271,405091,诸城,Zhucheng Xian
25272,405092,高密,Gaomi Xian
25273,405093,莒县,Ju Xian
25274,405094,安丘,Anqiu Xian
25275,405095,辅唐,Futang Xian
25276,405096,海州,Hai Zhou
25277,405097,东海郡,Donghai Jun
25278,405098,海州,Hai Zhou
25279,405099,朐山,Qushan Xian
25280,405100,东海,Donghai Xian
25281,405101,沭阳,Shuyang Xian
25282,405102,怀仁,Huairen 
25283,405103,泗州,Si Zhou
25284,405104,泗州,Si Zhou
25285,405105,临淮,Linhuai Xian
25286,405106,徐城,Xucheng Xian
25287,405107,宿预,Suyu Xian
25288,405108,宿迁,Suqian Xian
25289,405109,涟水,Lianshui Xian
25290,405110,彭城郡,Pengcheng Jun
25291,405111,徐州,Xu Zhou
25292,405112,彭城郡,Pengcheng Jun
25293,405113,徐州,Xu Zhou
25294,405114,彭城郡,Pengcheng Jun
25295,405115,徐州,Xu Zhou
25296,405116,彭城,Pengcheng Xian
25297,405117,萧县,Xiao Xian
25298,405118,丰县,Feng Xian
25299,405119,沛县,Pei Xian
25300,405120,滕县,Teng Xian
25301,405121,宋州,Song Zhou
25302,405122,睢阳郡,Suiyang Jun
25303,405123,宋州,Song Zhou
25304,405124,睢阳郡,Suiyang Jun
25305,405125,宋州,Song Zhou
25306,405126,宋城,Songcheng Xian
25307,405127,下邑,Xiayi Xian
25308,405128,柘城,Zhecheng Xian
25309,405129,柘城,Zhecheng Xian
25310,405130,襄邑,Xiangyi Xian
25311,405131,宁陵,Ningling Xian
25312,405132,楚丘,Chuqiu Xian
25313,405133,辉州,Hui Zhou
25314,405134,亳州,Bo Zhou
25315,405135,亳州,Bo Zhou
25316,405136,亳州,Bo Zhou
25317,405137,谯县,Qiao Xian
25318,405138,酂县,Zan Xian
25319,405139,永城,Yongcheng 
25320,405140,蒙城,Mengcheng Xian
25321,405141,城父,Chengfu Xian
25322,405142,汝阴,Ruyin Xian
25323,405143,下蔡,Xiacai Xian
25324,405144,颍上,Yingshang Xian
25325,405145,沈丘,Shenqiu Xian
25326,405146,沈丘,Shenqiu Xian
25327,405147,淮阳郡,Huaiyang Jun
25328,405148,项城,Xiangcheng Xian
25329,405149,南顿,Nandun Xian
25330,405150,南顿,Nandun Xian
25331,405151,西华,Xihua Xian
25332,405152,豫州,Yu Zhou
25333,405153,豫州,Yu Zhou
25334,405154,蔡州,Cai Zhou
25335,405155,汝阳,Ruyang Xian
25336,405156,汝南,Runan Xian
25337,405157,平舆,Pingyu Xian
25338,405158,平舆,Pingyu Xian
25339,405159,新蔡,Xincai 
25340,405160,褒信,Baoxin Xian
25341,405161,新息,Xinxi Xian
25342,405162,真阳,Zhenyang 
25343,405163,真阳,Zhenyang 
25344,405164,朗山,Langshan Xian
25345,405165,吴房,Wufang Xian
25346,405166,上蔡,Shangcai Xian
25347,405167,息州,Xi Zhou
25348,405168,许州,Hu Zhou
25349,405169,许州,Hu Zhou
25350,405170,许州,Hu Zhou
25351,405171,许州,Hu Zhou
25352,405172,长社,Changshe Xian
25353,405173,长葛,Changge Xian
25354,405174,许昌,Huchang Xian
25355,405175,鄢陵,Yanling Xian
25356,405176,扶沟,Fugou Xian
25357,405177,舞阳,Wuyang Xian
25358,405178,义成军节度使,Yichengjun Jiedushi
25359,405179,宣义军节度使,Xuanyijun Jiedushi
25360,405180,武宁军节度使,Wuningjun Jiedushi
25361,405181,武宁军节度使,Wuningjun Jiedushi
25362,405182,武宁军节度使,Wuningjun Jiedushi
25363,405183,武宁军节度使,Wuningjun Jiedushi
25364,405184,兖州总管府,Yanzhou Zongguanfu
25365,405185,兖州都督府,Yanzhou Dudufu
25366,405186,鲁郡都督府,Lujun Dudufu
25367,405187,鲁郡,Lujun Xian
25368,405188,兖州,Yan Zhou
25369,405189,鲁郡,Lujun Xian
25370,405190,兖州,Yan Zhou
25371,405191,鲁郡,Lujun Xian
25372,405192,兖州,Yan Zhou
25373,405193,曲阜,Qufu Xian
25374,405194,泗水,Sishui Xian
25375,405195,邹县,Ju Xian
25376,405196,鱼台,Yutai Xian
25377,405197,金乡,Jinxiang Xian
25378,405198,任城,Rencheng Xian
25379,405199,博城,Bocheng Xian
25380,405200,干封,Qianfeng 
25381,405201,博城,Bocheng Xian
25382,405202,干封,Qianfeng 
25383,405203,莱芜,Laiwu Xian
25384,405204,沂州,Yi Zhou
25385,405205,沂州,Yi Zhou
25386,405206,临沂,Linyi Xian
25387,405207,承县,Cheng Xian
25388,405208,兰陵,Lanling Xian
25389,405209,费县,Fei Xian
25390,405210,新泰,Xintai Xian
25391,405211,沂水,Yishui Xian
25392,405212,扬州都督府,Yangzhou Dudufu
25393,405213,广陵郡都督府,Guanglingjun Dudufu
25394,405214,扬州,Yang Zhou
25395,405215,扬州,Yang Zhou
25396,405216,扬州,Yang Zhou
25397,405217,江都,Jiangdu Xian
25398,405218,江阳,Jiangyang Xian
25399,405219,扬子,Yangzi Xian
25400,405220,六合,Liuhe Xian
25401,405221,千秋,Qianqiu Xian
25402,405222,天长,Tianchang Xian
25403,405223,高邮,Gaoyou Xian
25404,405224,海陵,Hailing Xian
25405,405225,海陵,Hailing Xian
25406,405226,含山,Hanshan Xian
25407,405227,含山,Hanshan Xian
25408,405228,永阳郡,Yongyang Jun
25409,405229,清流,Qingliu Xian
25410,405230,永阳,Yongyang 
25411,405231,寿州总管府,Shouzhou Zongguanfu
25412,405232,寿州都督府,Shouzhou Dudufu
25413,405233,寿春郡,Shouchun Jun
25414,405234,安丰,Anfeng Xian
25415,405235,霍山,Huoshan Xian
25416,405236,霍山,Huoshan Xian
25417,405237,盛唐,Shengtang Xian
25418,405238,霍山,Huoshan Xian
25419,405239,霍丘,Huoqiu Xian
25420,405240,濠州,Hao Zhou
25421,405241,濠州,Hao Zhou
25422,405242,豪州,Hao Zhou
25423,405243,濠州,Hao Zhou
25424,405244,招义,Zhaoyi 
25425,405245,楚州,Chu Zhou
25426,405246,楚州,Chu Zhou
25427,405247,楚州,Chu Zhou
25428,405248,山阳,Shanyang Xian
25429,405249,盐城,Yancheng Xian
25430,405250,安宜,Anyi Xian
25431,405251,宝应,Baoying Xian
25432,405252,盱眙,Xuyi Xian
25433,405253,盱眙,Xuyi Xian
25434,405254,淮阴,Huaiyin Xian
25435,405255,淮阴,Huaiyin Xian
25436,405256,合肥,Hefei Xian
25437,405257,巢县,Chao Xian
25438,405258,庐江,Lujiang Xian
25439,405259,舒城,Shucheng 
25440,405260,舒州,Shu Zhou
25441,405261,舒州,Shu Zhou
25442,405262,怀宁,Huaining Xian
25443,405263,望江,Wangjiang 
25444,405264,宿松,Susong Xian
25445,405265,太湖,Taihu Xian
25446,405266,桐城,Tongcheng Xian
25447,405267,蕲州,Qi Zhou
25448,405268,蕲州,Qi Zhou
25449,405269,蕲春,Qichun Xian
25450,405270,永宁,Yongning 
25451,405271,广济,Guangji Xian
25452,405272,黄梅,Huangmei Xian
25453,405273,兰溪,Lanxi Xian
25454,405274,蕲水,Qishui 
25455,405275,黄冈,Huanggang Xian
25456,405276,黄陂,Huangbei Xian
25457,405277,麻城,Macheng Xian
25458,405278,麻城,Macheng Xian
25459,405279,申州,Shen Zhou
25460,405280,申州,Shen Zhou
25461,405281,义阳,Yiyang Xian
25462,405282,罗山,Luoshan Xian
25463,405283,弋阳郡,Yiyang Jun
25464,405284,弋阳郡,Yiyang Jun
25465,405285,定城,Dingcheng Xian
25466,405286,殷城,Yincheng Xian
25467,405287,光山,Guangshan Xian
25468,405288,仙居,Xianju Xian
25469,405289,安州总管府,Anzhou Zongguanfu
25470,405290,安州都督府,Anzhou Dudufu
25471,405291,安陆郡都督府,Anlujun Dudufu
25472,405292,安陆,Anlu Xian
25473,405293,应山,Yingshan Xian
25474,405294,吉阳,Jiyang Xian
25475,405295,吉阳,Jiyang Xian
25476,405296,孝昌,Xiaochang Xian
25477,405297,孝昌,Xiaochang Xian
25478,405298,云梦,Yunmeng Xian
25479,405299,应城,Yingcheng 
25480,405300,应城,Yingcheng 
25481,405301,应阳,Yingyang 
25482,405302,沔州,Mian Zhou
25483,405303,汉阳郡,Hanyang Jun
25484,405304,沔州,Mian Zhou
25485,405305,汉阳,Hanyang Xian
25486,405306,郢州,Ying Zhou
25487,405307,郢州,Ying Zhou
25488,405308,郢州,Ying Zhou
25489,405309,长寿,Changshou 
25490,405310,京山,Jingshan Xian
25491,405311,富水,Fushui 
25492,405312,汉东郡,Handong Jun
25493,405313,汉东郡,Handong Jun
25494,405314,随县,Sui Xian
25495,405315,光化,Guanghua Xian
25496,405316,唐城,Tangcheng Xian
25497,405317,枣阳,Zaoyang Xian
25498,405318,江南东道,Jiangnandong Dao
25499,405319,苏州都督府,Suzhou Dudufu
25500,405320,吴郡,Wujun Xian
25501,405321,苏州,Su Zhou
25502,405322,吴郡,Wujun Xian
25503,405323,苏州,Su Zhou
25504,405324,吴郡,Wujun Xian
25505,405325,苏州,Su Zhou
25506,405326,吴县,Wu Xian
25507,405327,长洲,Changzhou Xian
25508,405328,常熟,Changshu Xian
25509,405329,华亭,Huating 
25510,405330,海盐,Haiyan Xian
25511,405331,海盐,Haiyan Xian
25512,405332,嘉兴,Jiaxing Xian
25513,405333,润州,Run Zhou
25514,405334,丹阳郡,Danyang Jun
25515,405335,润州,Run Zhou
25516,405336,延陵,Yanling Xian
25517,405337,丹徒,Dantu Xian
25518,405338,曲阿,Qua Xian
25519,405339,丹阳,Danyang 
25520,405340,金坛,Jintan Xian
25521,405341,延陵,Yanling Xian
25522,405342,丹阳郡,Danyang Jun
25523,405343,常州,Chang Zhou
25524,405344,晋陵郡,Jinling Jun
25525,405345,常州,Chang Zhou
25526,405346,晋陵,Jinling Xian
25527,405347,武进,Wujin 
25528,405348,武进,Wujin 
25529,405349,义兴,Yixing 
25530,405350,阳羡,Yangyan Xian
25531,405351,无锡,Wuxi Xian
25532,405352,江阴,Jiangyin Xian
25533,405353,湖州,Hu Zhou
25534,405354,吴兴郡,Wuxing Jun
25535,405355,湖州,Hu Zhou
25536,405356,乌程,Wucheng Xian
25537,405357,临溪,Linxi Xian
25538,405358,德清,Deqing Xian
25539,405359,武康,Wukang Xian
25540,405360,安吉,Anji Xian
25541,405361,安吉,Anji Xian
25542,405362,长城,Changcheng 
25543,405363,吴兴郡,Wuxing Jun
25544,405364,安州,An Zhou
25545,405365,杭州,Hang Zhou
25546,405366,杭州,Hang Zhou
25547,405367,钱塘,Qiantang Xian
25548,405368,富阳,Fuyang Xian
25549,405369,新城,Xincheng 
25550,405370,新城,Xincheng 
25551,405371,唐山,Tangshan Xian
25552,405372,唐山,Tangshan Xian
25553,405373,于潜,Yuqian Xian
25554,405374,临安,Linan Xian
25555,405375,余杭,Yuhang Xian
25556,405376,盐官,Yanguan Xian
25557,405377,睦州,Mu Zhou
25558,405378,睦州,Mu Zhou
25559,405379,睦州,Mu Zhou
25560,405380,建德,Jiande Xian
25561,405381,建德,Jiande Xian
25562,405382,寿昌,Shouchang Xian
25563,405383,寿昌,Shouchang Xian
25564,405384,遂安,Suian Xian
25565,405385,还淳,Haichun Xian
25566,405386,清溪,Qingxi Xian
25567,405387,分水,Fenshui Xian
25568,405388,分水,Fenshui Xian
25569,405389,桐庐,Tonglu Xian
25570,405390,歙州,Xi Zhou
25571,405391,歙州,Xi Zhou
25572,405392,歙县,Xi Xian
25573,405393,休宁,Xiuning Xian
25574,405394,婺源,Wuyuan Xian
25575,405395,黟县,Yi Xian
25576,405396,祁门,Qimen Xian
25577,405397,绩溪,Jixi Xian
25578,405398,越州总管府,Yuezhou Zongguanfu
25579,405399,越州都督府,Yuezhou Dudufu
25580,405400,会稽郡都督府,Huijijun Dudufu
25581,405401,越州,Yue Zhou
25582,405402,越州,Yue Zhou
25583,405403,会稽,Huiji Xian
25584,405404,上虞,Shangyu Xian
25585,405405,余姚,Yuyao Xian
25586,405406,剡县,Yan Xian
25587,405407,诸暨,Zhuji Xian
25588,405408,永兴,Yongxing 
25589,405409,萧山,Xiaoshan Xian
25590,405410,明州,Ming Zhou
25591,405411,余姚郡,Yuyao Jun
25592,405412,明州,Ming Zhou
25593,405413,鄮县,Mao Xian
25594,405414,奉化,Fenghua Xian
25595,405415,慈溪,Cixi Xian
25596,405416,翁山,Wengshan Xian
25597,405417,临海,Linhai Xian
25598,405418,永宁,Yongning 
25599,405419,乐安,Lean 
25600,405420,乐安,Lean 
25601,405421,唐兴,Tangxing 
25602,405422,婺州,Wu Zhou
25603,405423,婺州,Wu Zhou
25604,405424,金华,Jinhua Xian
25605,405425,金华,Jinhua Xian
25606,405426,兰溪,Lanxi Xian
25607,405427,浦阳,Puyang 
25608,405428,义乌,Yiwu Xian
25609,405429,东阳,Dongyang 
25610,405430,永康,Yongkang Xian
25611,405431,武义,Wuyi Xian
25612,405432,武成,Wucheng Xian
25613,405433,武义,Wuyi Xian
25614,405434,衢州,Qu Zhou
25615,405435,衢州,Qu Zhou
25616,405436,信安郡,Xinan Jun
25617,405437,衢州,Qu Zhou
25618,405438,西安, Xian
25619,405439,盈川,Yingchuan 
25620,405440,须江,Xujiang Xian
25621,405441,须江,Xujiang Xian
25622,405442,常山,Changshan Xian
25623,405443,括州,Kuo Zhou
25624,405444,缙云郡,Jinyun Jun
25625,405445,括州,Kuo Zhou
25626,405446,处州,Chu Zhou
25627,405447,括苍,Kuocang Xian
25628,405448,丽水,Lishui Xian
25629,405449,丽水,Lishui Xian
25630,405450,缙云,Jinyun Xian
25631,405451,缙云,Jinyun Xian
25632,405452,青田,Qingtian Xian
25633,405453,遂昌,Suichang Xian
25634,405454,遂昌,Suichang Xian
25635,405455,龙泉,Longquan Xian
25636,405456,温州,Wen Zhou
25637,405457,温州,Wen Zhou
25638,405458,永嘉,Yongjia Xian
25639,405459,永宁,Yongning 
25640,405460,乐城,Lecheng 
25641,405461,安固,Angu 
25642,405462,横阳,Hengyang Xian
25643,405463,横阳,Hengyang Xian
25644,405464,闽州都督府,Minzhou Dudufu
25645,405465,福州都督府,Fuzhou Dudufu
25646,405466,长乐郡都督府,Changlejun Dudufu
25647,405467,建安郡,Jianan Jun
25648,405468,建州,Jian Zhou
25649,405469,泉州,Quan Zhou
25650,405470,福州,Fu Zhou
25651,405471,福州,Fu Zhou
25652,405472,闽县,Min Xian
25653,405473,长乐,Changle Xian
25654,405474,福唐,Futang Xian
25655,405475,永泰,Yongtai Xian
25656,405476,尤溪,Youxi Xian
25657,405477,古田,Gutian Xian
25658,405478,连江,Lianjiang 
25659,405479,长溪,Changxi Xian
25660,405480,长溪,Changxi Xian
25661,405481,泉州,Quan Zhou
25662,405482,泉州,Quan Zhou
25663,405483,晋江,Jinjiang Xian
25664,405484,南安,Nanan 
25665,405485,莆田,Putian Xian
25666,405486,汀州,Ting Zhou
25667,405487,临汀郡,Linting Jun
25668,405488,汀州,Ting Zhou
25669,405489,长汀,Changting Xian
25670,405490,宁化,Ninghua Xian
25671,405491,建州,Jian Zhou
25672,405492,建安郡,Jianan Jun
25673,405493,建州,Jian Zhou
25674,405494,建安,Jianan Xian
25675,405495,沙县,Sha Xian
25676,405496,沙县,Sha Xian
25677,405497,将乐,Jiangle Xian
25678,405498,将乐,Jiangle Xian
25679,405499,邵武,Shaowu Xian
25680,405500,建阳,Jianyang Xian
25681,405501,建阳,Jianyang Xian
25682,405502,浦城,Pucheng Xian
25683,405503,江南西道,Jiangnanxi Dao
25684,405504,洪州总管府,Hongzhou Zongguanfu
25685,405505,洪州都督府,Hongzhou Dudufu
25686,405506,豫章郡都督府,Yuzhangjun Dudufu
25687,405507,洪州,Hong Zhou
25688,405508,豫章郡,Yuzhang Jun
25689,405509,洪州,Hong Zhou
25690,405510,豫章,Yuzhang Xian
25691,405511,南昌,Nanchang Xian
25692,405512,南昌,Nanchang Xian
25693,405513,丰城,Fengcheng Xian
25694,405514,吴皋,Wugao Xian
25695,405515,高安,Gaoan Xian
25696,405516,新吴,Xinwu Xian
25697,405517,新吴,Xinwu Xian
25698,405518,武宁,Wuning 
25699,405519,豫宁,Yuning Xian
25700,405520,武宁,Wuning 
25701,405521,分宁,Fenning Xian
25702,405522,建昌,Jianchang 
25703,405523,抚州,Fu Zhou
25704,405524,临川郡,Linchuan Jun
25705,405525,抚州,Fu Zhou
25706,405526,临川,Linchuan Xian
25707,405527,南城,Nancheng Xian
25708,405528,南丰,Nanfeng Xian
25709,405529,崇仁,Chongren 
25710,405530,虔州,Qian Zhou
25711,405531,南康郡,Nankang Jun
25712,405532,虔州,Qian Zhou
25713,405533,赣县,Gan Xian
25714,405534,安远,Anyuan 
25715,405535,虔化,Qianhua Xian
25716,405536,南安,Nanan 
25717,405537,信丰,Xinfeng Xian
25718,405538,大庾,Dayu Xian
25719,405539,南康,Nankang Xian
25720,405540,吉州,Ji Zhou
25721,405541,吉州,Ji Zhou
25722,405542,庐陵,Luling Xian
25723,405543,永新,Yongxin Xian
25724,405544,永新,Yongxin Xian
25725,405545,安福,Anfu 
25726,405546,新淦,Xingan Xian
25727,405547,袁州,Yuan Zhou
25728,405548,宜春郡,Yichun Jun
25729,405549,袁州,Yuan Zhou
25730,405550,宜春,Yichun Xian
25731,405551,新喻,Xinyu Xian
25732,405552,萍乡,Pingxiang Xian
25733,405553,潭州总管府,Tanzhou Zongguanfu
25734,405554,潭州都督府,Tanzhou Dudufu
25735,405555,长沙郡都督府,Changshajun Dudufu
25736,405556,潭州,Tan Zhou
25737,405557,长沙郡,Changsha Jun
25738,405558,潭州,Tan Zhou
25739,405559,长沙,Changsha Xian
25740,405560,浏阳,Liuyang Xian
25741,405561,醴陵,Liling Xian
25742,405562,湘乡,Xiangxiang Xian
25743,405563,益阳,Yiyang Xian
25744,405564,衡州,Heng Zhou
25745,405565,衡州,Heng Zhou
25746,405566,衡阳,Hengyang Xian
25747,405567,湘潭,Xiangtan Xian
25748,405568,衡山,Hengshan Xian
25749,405569,衡山,Hengshan Xian
25750,405570,湘潭,Xiangtan Xian
25751,405571,攸县,You Xian
25752,405572,茶陵,Chaling Xian
25753,405573,茶陵,Chaling Xian
25754,405574,耒阳,Leiyang Xian
25755,405575,常宁,Changning 
25756,405576,资兴,Zixing Xian
25757,405577,义昌,Yichang Xian
25758,405578,义章,Yizhang Xian
25759,405579,临武,Linwu Xian
25760,405580,临武,Linwu Xian
25761,405581,蓝山,Lanshan Xian
25762,405582,平阳,Pingyang 
25763,405583,高亭,Gaoting Xian
25764,405584,连州,Lian Zhou
25765,405585,连州,Lian Zhou
25766,405586,桂阳,Guiyang Xian
25767,405587,阳山,Yangshan 
25768,405588,连山,Lianshan Xian
25769,405589,道州,Dao Zhou
25770,405590,道州,Dao Zhou
25771,405591,江华郡,Jianghua Jun
25772,405592,道州,Dao Zhou
25773,405593,营道,Yingdao 
25774,405594,延唐,Yantang Xian
25775,405595,大历,Dali Xian
25776,405596,江华,Jianghua Xian
25777,405597,江华,Jianghua Xian
25778,405598,永明,Yongming Xian
25779,405599,永州,Yong Zhou
25780,405600,零陵郡,Lingling Jun
25781,405601,永州,Yong Zhou
25782,405602,零陵,Lingling Xian
25783,405603,湘源,Xiangyuan Xian
25784,405604,灌阳,Guanyang Xian
25785,405605,灌阳,Guanyang Xian
25786,405606,祁阳,Qiyang Xian
25787,405607,邵州,Shao Zhou
25788,405608,邵阳郡,Shaoyang Jun
25789,405609,邵州,Shao Zhou
25790,405610,邵阳,Shaoyang Xian
25791,405611,武冈,Wugang Xian
25792,405612,宣州总管府,Xuanzhou Zongguanfu
25793,405613,猷州总管府,Youzhou Zongguanfu
25794,405614,宣州都督府,Xuanzhou Dudufu
25795,405615,宣州,Xuan Zhou
25796,405616,宣城郡,Xuancheng Jun
25797,405617,宣州,Xuan Zhou
25798,405618,宣城,Xuancheng Xian
25799,405619,广德,Guangde 
25800,405620,宁国,Ningguo Xian
25801,405621,宁国,Ningguo Xian
25802,405622,泾县,Jing Xian
25803,405623,太平,Taiping 
25804,405624,太平,Taiping 
25805,405625,旌德,Jingde Xian
25806,405626,秋浦,Qiupu Xian
25807,405627,青阳,Qingyang Xian
25808,405628,石埭,Shidai Xian
25809,405629,南陵,Nanling Xian
25810,405630,丹阳,Danyang 
25811,405631,猷州,You Zhou
25812,405632,池州,Chi Zhou
25813,405633,池州,Chi Zhou
25814,405634,饶州,Rao Zhou
25815,405635,饶州,Rao Zhou
25816,405636,鄱阳,Poyang Xian
25817,405637,新昌,Xinchang 
25818,405638,浮梁,Fuliang Xian
25819,405639,乐平,Leping Xian
25820,405640,乐平,Leping Xian
25821,405641,上饶,Shangrao Xian
25822,405642,上饶,Shangrao Xian
25823,405643,永丰,Yongfeng Xian
25824,405644,贵溪,Guixi Xian
25825,405645,余干,Yugan Xian
25826,405646,信州,Xin Zhou
25827,405647,江州,Jiang Zhou
25828,405648,江州,Jiang Zhou
25829,405649,浔阳,Xunyang Xian
25830,405650,彭泽,Pengze Xian
25831,405651,乐城,Lecheng 
25832,405652,至德,Zhide Xian
25833,405653,都昌,Duchang 
25834,405654,鄂州,E Zhou
25835,405655,鄂州,E Zhou
25836,405656,江夏,Jiangxia Xian
25837,405657,永兴,Yongxing 
25838,405658,武昌,Wuchang 
25839,405659,唐年,Tangnian Xian
25840,405660,蒲圻,Puqi Xian
25841,405661,岳州,Yue Zhou
25842,405662,巴陵郡,Baling Jun
25843,405663,岳州,Yue Zhou
25844,405664,巴陵,Baling Xian
25845,405665,昌江,Changjiang Xian
25846,405666,湘阴,Xiangyin Xian
25847,405667,沅江,Yuanjiang Xian
25848,405668,桥江,Qiaojiang Xian
25849,405669,华容,Huarong Xian
25850,405670,华容,Huarong Xian
25851,405671,岭南道,Lingnan Dao
25852,405672,岭南东道,Lingnandong Dao
25853,405673,广州总管府,Guangzhou Zongguanfu
25854,405674,广州都督府,Guangzhou Dudufu
25855,405675,南海郡都督府,Nanhaijun Dudufu
25856,405676,广州,Guang Zhou
25857,405677,广州,Guang Zhou
25858,405678,南海,Nanhai Xian
25859,405679,增城,Zengcheng Xian
25860,405680,东莞,Dongguan Xian
25861,405681,番禺,Panyu Xian
25862,405682,四会,Sihui Xian
25863,405683,怀集,Huaiji Xian
25864,405684,洊安,Jianan Xian
25865,405685,洊水,Jianshui Xian
25866,405686,清远,Qingyuan Xian
25867,405687,浛洭,Hankuang Xian
25868,405688,韶州,Shao Zhou
25869,405689,韶州,Shao Zhou
25870,405690,曲江,Qujiang Xian
25871,405691,乐昌,Lechang Xian
25872,405692,仁化,Renhua Xian
25873,405693,始兴,Shixing Xian
25874,405694,翁源,Wengyuan Xian
25875,405695,循州,Xun Zhou
25876,405696,循州,Xun Zhou
25877,405697,归善,Guishan Xian
25878,405698,博罗,Boluo Xian
25879,405699,河源,Heyuan Xian
25880,405700,雷乡,Leixiang Xian
25881,405701,兴宁,Xingning Xian
25882,405702,海丰,Haifeng Xian
25883,405703,陆安,Luan Xian
25884,405704,潮州,Chao Zhou
25885,405705,潮州,Chao Zhou
25886,405706,海阳,Haiyang Xian
25887,405707,潮阳,Chaoyang Xian
25888,405708,潮阳,Chaoyang Xian
25889,405709,程乡,Chengxiang Xian
25890,405710,漳州,Zhang Zhou
25891,405711,漳浦,Zhangpu Xian
25892,405712,龙溪,Longxi Xian
25893,405713,新会,Xinhui Xian
25894,405714,义宁,Yining Xian
25895,405715,端州,Duan Zhou
25896,405716,端州,Duan Zhou
25897,405717,高要,Gaoyao Xian
25898,405718,平兴,Pingxing Xian
25899,405719,康州,Kang Zhou
25900,405720,康州,Kang Zhou
25901,405721,端溪,Duanxi Xian
25902,405722,悦城,Yuecheng Xian
25903,405723,晋康,Jinkang Xian
25904,405724,都城,Ducheng Xian
25905,405725,封州,Feng Zhou
25906,405726,封州,Feng Zhou
25907,405727,封川,Fengchuan Xian
25908,405728,开建,Kaijian Xian
25909,405729,泷州,Long Zhou
25910,405730,泷州,Long Zhou
25911,405731,泷水,Longshui Xian
25912,405732,镇南,Zhennan Xian
25913,405733,建水,Jianshui Xian
25914,405734,开阳,Kaiyang Xian
25915,405735,勤州,Qin Zhou
25916,405736,勤州,Qin Zhou
25917,405737,勤州,Qin Zhou
25918,405738,勤州,Qin Zhou
25919,405739,富林,Fulin Xian
25920,405740,富林,Fulin Xian
25921,405741,铜陵,Tongling Xian
25922,405742,新州,Xin Zhou
25923,405743,新州,Xin Zhou
25924,405744,新兴,Xinxing 
25925,405745,永顺,Yongshun Xian
25926,405746,恩州,En Zhou
25927,405747,恩州,En Zhou
25928,405748,恩平,Enping Xian
25929,405749,阳江,Yangjiang Xian
25930,405750,杜陵,Duling Xian
25931,405751,春州,Chun Zhou
25932,405752,春州,Chun Zhou
25933,405753,阳春,Yangchun Xian
25934,405754,罗水,Luoshui 
25935,405755,高州,Gao Zhou
25936,405756,高州,Gao Zhou
25937,405757,良德,Liangde Xian
25938,405758,电白,Dianbai Xian
25939,405759,保宁,Baoning 
25940,405760,潘州,Pan Zhou
25941,405761,潘州,Pan Zhou
25942,405762,茂名,Maoming Xian
25943,405763,南巴,Nanba Xian
25944,405764,潘水,Panshui Xian
25945,405765,潘水,Panshui Xian
25946,405766,雷州,Lei Zhou
25947,405767,雷州,Lei Zhou
25948,405768,海康,Haikang Xian
25949,405769,徐闻,Xuwen Xian
25950,405770,遂溪,Suixi Xian
25951,405771,崖州,Ya Zhou
25952,405772,崖州,Ya Zhou
25953,405773,舍城,Shecheng Xian
25954,405774,文昌,Wenchang Xian
25955,405775,临高,Lingao Xian
25956,405776,澄迈,Chengmai Xian
25957,405777,琼州,Qiong Zhou
25958,405778,琼州,Qiong Zhou
25959,405779,琼州,Qiong Zhou
25960,405780,琼山,Qiongshan Xian
25961,405781,曾口,Cengkou Xian
25962,405782,颜罗,Yanluo Xian
25963,405783,乐会,Lehui Xian
25964,405784,万安州,Wanan Zhou
25965,405785,万安郡,Wanan Jun
25966,405786,万安州,Wanan Zhou
25967,405787,陵水,Lingshui Xian
25968,405788,富云,Fuyun Xian
25969,405789,万安,Wanan 
25970,405790,万安,Wanan 
25971,405791,博辽,Boliao Xian
25972,405792,振州,Zhen Zhou
25973,405793,振州,Zhen Zhou
25974,405794,宁远,Ningyuan 
25975,405795,延德,Yande Xian
25976,405796,吉阳,Jiyang Xian
25977,405797,临川,Linchuan Xian
25978,405798,儋州,Dan Zhou
25979,405799,儋州,Dan Zhou
25980,405800,义伦,Yilun Xian
25981,405801,洛场,Luochang Xian
25982,405802,昌化,Changhua 
25983,405803,感恩,Ganen Xian
25984,405804,容州都督府,Rongzhou Dudufu
25985,405805,普宁郡都督府,Puningjun Dudufu
25986,405806,容州,Rong Zhou
25987,405807,容州,Rong Zhou
25988,405808,北流,Beiliu Xian
25989,405809,陵城,Lingcheng Xian
25990,405810,欣道,Xindao Xian
25991,405811,普宁,Puning Xian
25992,405812,渭龙,Weilong Xian
25993,405813,藤州,Teng Zhou
25994,405814,藤州,Teng Zhou
25995,405815,永平,Yongping Xian
25996,405816,镡津,Xinjin Xian
25997,405817,义昌,Yichang Xian
25998,405818,感义,Ganyi Xian
25999,405819,义州,Yi Zhou
26000,405820,义州,Yi Zhou
26001,405821,岑溪,Cenxi Xian
26002,405822,永业,Yongye Xian
26003,405823,永业,Yongye Xian
26004,405824,连城,Liancheng Xian
26005,405825,窦州,Dou Zhou
26006,405826,窦州,Dou Zhou
26007,405827,信义,Xinyi 
26008,405828,潭峨,Tane Xian
26009,405829,特亮,Teliang Xian
26010,405830,怀德,Huaide 
26011,405831,罗州,Luo Zhou
26012,405832,石龙,Shilong Xian
26013,405833,陵罗,Lingluo Xian
26014,405834,龙化,Longhua Xian
26015,405835,顺州,Shun Zhou
26016,405836,禺州,Yu Zhou
26017,405837,禺州,Yu Zhou
26018,405838,峨石,Eshi Xian
26019,405839,扶莱,Fulai Xian
26020,405840,扶莱,Fulai Xian
26021,405841,温水,Wenshui Xian
26022,405842,陆川,Luchuan Xian
26023,405843,白州,Bai Zhou
26024,405844,博白,Bobai Xian
26025,405845,龙豪,Longhao Xian
26026,405846,周罗,Zhouluo Xian
26027,405847,建宁,Jianning 
26028,405848,南昌,Nanchang Xian
26029,405849,廉州,Lian Zhou
26030,405850,廉州,Lian Zhou
26031,405851,大廉,Dalian Xian
26032,405852,封山,Fengshan Xian
26033,405853,蔡龙,Cailong Xian
26034,405854,常乐,Changle Xian
26035,405855,潘州,Pan Zhou
26036,405856,牢州,Lao Zhou
26037,405857,牢州,Lao Zhou
26038,405858,南流,Nanliu Xian
26039,405859,定川,Dingchuan Xian
26040,405860,党州,Dang Zhou
26041,405861,党州,Dang Zhou
26042,405862,善劳,Shanlao Xian
26043,405863,抚安,Fuan Xian
26044,405864,容山,Rongshan Xian
26045,405865,怀义,Huaiyi 
26046,405866,石南,Shinan Xian
26047,405867,潭栗,Tanli Xian
26048,405868,兴业,Xingye Xian
26049,405869,兴德,Xingde Xian
26050,405870,绣州,Xiu Zhou
26051,405871,绣州,Xiu Zhou
26052,405872,常林,Changlin Xian
26053,405873,阿林,Alin Xian
26054,405874,罗绣,Luoxiu Xian
26055,405875,安南都护府,Annan Duhufu
26056,405876,顺州,Shun Zhou
26057,405877,南尹州总管府,Nanyinzhou Zongguanfu
26058,405878,南尹州都督府,Nanyinzhou Dudufu
26059,405879,邕州都督府,Yongzhou Dudufu
26060,405880,邕州都督府,Yongzhou Dudufu
26061,405881,朗宁郡都督府,Langningjun Dudufu
26062,405882,邕州,Yong Zhou
26063,405883,邕州,Yong Zhou
26064,405884,宣化,Xuanhua Xian
26065,405885,武缘,Wuyuan 
26066,405886,封陵,Fengling Xian
26067,405887,如和,Ruhe Xian
26068,405888,思笼,Silong Xian
26069,405889,晋兴,Jinxing 
26070,405890,宾州,Bin Zhou
26071,405891,宾州,Bin Zhou
26072,405892,岭方,Lingfang Xian
26073,405893,保城,Baocheng Xian
26074,405894,澄州,Cheng Zhou
26075,405895,澄州,Cheng Zhou
26076,405896,上林,Shanglin Xian
26077,405897,止戈,Zhige Xian
26078,405898,贺水,Heshui Xian
26079,405899,无虞,Wuyu Xian
26080,405900,严州,Yan Zhou
26081,405901,严州,Yan Zhou
26082,405902,来宾,Laibin Xian
26083,405903,归化,Guihua 
26084,405904,归化,Guihua 
26085,405905,贵州,Gui Zhou
26086,405906,贵州,Gui Zhou
26087,405907,怀泽,Huaize Xian
26088,405908,潮水,Chaoshui Xian
26089,405909,义山,Yishan Xian
26090,405910,横州,Heng Zhou
26091,405911,横州,Heng Zhou
26092,405912,宁浦,Ningpu Xian
26093,405913,岭山,Lingshan Xian
26094,405914,岭山,Lingshan Xian
26095,405915,乐山,Leshan Xian
26096,405916,永定,Yongding 
26097,405917,永定,Yongding 
26098,405918,永定,Yongding 
26099,405919,武罗,Wuluo Xian
26100,405920,武罗,Wuluo Xian
26101,405921,灵竹,Lingzhu Xian
26102,405922,灵竹,Lingzhu Xian
26103,405923,钦州,Qin Zhou
26104,405924,钦州,Qin Zhou
26105,405925,钦江,Qinjiang Xian
26106,405926,安京,Anjing Xian
26107,405927,灵山,Lingshan Xian
26108,405928,遵化,Zunhua Xian
26109,405929,内亭,Neiting Xian
26110,405930,罗州,Luo Zhou
26111,405931,罗州,Luo Zhou
26112,405932,廉江,Lianjiang Xian
26113,405933,吴川,Wuchuan Xian
26114,405934,南河,Nanhe Xian
26115,405935,瀼州,Rang Zhou
26116,405936,瀼州,Rang Zhou
26117,405937,鹄山,Hushan Xian
26118,405938,弘远,Hongyuan Xian
26119,405939,笼州,Long Zhou
26120,405940,笼州,Long Zhou
26121,405941,扶南,Funan Xian
26122,405942,田州,Tian Zhou
26123,405943,田州,Tian Zhou
26124,405944,武龙,Wulong Xian
26125,405945,桂州总管府,Guizhou Zongguanfu
26126,405946,桂州都督府,Guizhou Dudufu
26127,405947,始安郡都督府,Shianjun Dudufu
26128,405948,桂州,Gui Zhou
26129,405949,桂州,Gui Zhou
26130,405950,临桂,Lingui Xian
26131,405951,灵川,Lingchuan 
26132,405952,全义,Quanyi 
26133,405953,阳朔,Yangshuo Xian
26134,405954,永丰,Yongfeng Xian
26135,405955,荔浦,Lipu Xian
26136,405956,建陵,Jianling Xian
26137,405957,武龙,Wulong Xian
26138,405958,慕化,Muhua Xian
26139,405959,永福,Yongfu Xian
26140,405960,昭州,Zhao Zhou
26141,405961,昭州,Zhao Zhou
26142,405962,平乐,Pingle 
26143,405963,恭城,Gongcheng Xian
26144,405964,永平,Yongping Xian
26145,405965,临贺,Linhe Xian
26146,405966,封阳,Fengyang Xian
26147,405967,荡山,Tangshan Xian
26148,405968,富川,Fuchuan Xian
26149,405969,富川,Fuchuan Xian
26150,405970,冯乘,Fengcheng Xian
26151,405971,桂岭,Guiling Xian
26152,405972,梧州,Wu Zhou
26153,405973,梧州,Wu Zhou
26154,405974,苍梧,Cangwu Xian
26155,405975,戎城,Rongcheng Xian
26156,405976,孟陵,Mengling Xian
26157,405977,龙平,Longping Xian
26158,405978,开江,Kaijiang Xian
26159,405979,蒙州,Meng Zhou
26160,405980,蒙州,Meng Zhou
26161,405981,立山,Lishan Xian
26162,405982,正义,Zhengyi 
26163,405983,东区,Dongqu Xian
26164,405984,龚州,Gong Zhou
26165,405985,龚州,Gong Zhou
26166,405986,平南,Pingnan Xian
26167,405987,阳川,Yangchuan Xian
26168,405988,平原,Pingyuan Xian
26169,405989,平原,Pingyuan Xian
26170,405990,大同,Datong 
26171,405991,武郎,Wulang 
26172,405992,武郎,Wulang 
26173,405993,宁风,Ningfeng Xian
26174,405994,武林,Wulin 
26175,405995,隋建,Suijian Xian
26176,405996,浔州,Xun Zhou
26177,405997,浔州,Xun Zhou
26178,405998,浔州,Xun Zhou
26179,405999,桂平,Guiping Xian
26180,406000,大宾,Dabin Xian
26181,406001,皇化,Huanghua Xian
26182,406002,象州,Xiang Zhou
26183,406003,象州,Xiang Zhou
26184,406004,武化,Wuhua Xian
26185,406005,阳寿,Yangshou Xian
26186,406006,武仙,Wu Xian
26187,406007,桂林,Guilin Xian
26188,406008,柳州,Liu Zhou
26189,406009,柳州,Liu Zhou
26190,406010,马平,Maping Xian
26191,406011,洛封,Luofeng Xian
26192,406012,龙城,Longcheng 
26193,406013,洛容,Luorong Xian
26194,406014,象县,Xiang Xian
26195,406015,芝州,Zhi Zhou
26196,406016,芝州,Zhi Zhou
26197,406017,忻城,Xincheng Xian
26198,406018,富川,Fuchuan Xian
26199,406019,思龙,Silong Xian
26200,406020,平西,Pingxi Xian
26201,406021,乐光,Leguang Xian
26202,406022,多云,Duoyun Xian
26203,406023,乐艳,Leyan Xian
26204,406024,宜州,Yi Zhou
26205,406025,宜州,Yi Zhou
26206,406026,宜州,Yi Zhou
26207,406027,龙水,Longshui Xian
26208,406028,龙水,Longshui Xian
26209,406029,崖山,Yashan Xian
26210,406030,崖山,Yashan Xian
26211,406031,东玺,Dongxi Xian
26212,406032,东玺,Dongxi Xian
26213,406033,天河,Tianhe Xian
26214,406034,天河,Tianhe Xian
26215,406035,环州,Huan Zhou
26216,406036,环州,Huan Zhou
26217,406037,环州,Huan Zhou
26218,406038,正平,Zhengping 
26219,406039,正平,Zhengping 
26220,406040,都蒙,Dumeng Xian
26221,406041,都蒙,Dumeng Xian
26222,406042,思恩,Sien Xian
26223,406043,思恩,Sien Xian
26224,406044,歌良,Geliang Xian
26225,406045,歌良,Geliang Xian
26226,406046,福零,Fuling Xian
26227,406047,福零,Fuling Xian
26228,406048,龙源,Longyuan Xian
26229,406049,龙源,Longyuan Xian
26230,406050,武石,Wushi Xian
26231,406051,武石,Wushi Xian
26232,406052,饶勉,Raomian Xian
26233,406053,饶勉,Raomian Xian
26234,406054,融州,Rong Zhou
26235,406055,融州,Rong Zhou
26236,406056,融水,Rongshui Xian
26237,406057,武阳,Wuyang 
26238,406058,岭南西道,Lingnanxi Dao
26239,406059,黔中道,Qianzhong Dao
26240,406060,黔州都督府,Qianzhou Dudufu
26241,406061,黔中郡都督府,Qianzhongjun Dudufu
26242,406062,黔州,Qian Zhou
26243,406063,黔州,Qian Zhou
26244,406064,彭水,Pengshui Xian
26245,406065,黔江,Qianjiang Xian
26246,406066,洪杜,Hongdu Xian
26247,406067,都濡,Duru Xian
26248,406068,夜郎,Yelang 
26249,406069,洋水,Yangshui Xian
26250,406070,信宁,Xinning Xian
26251,406071,思州,Si Zhou
26252,406072,思州,Si Zhou
26253,406073,务川,Wuchuan Xian
26254,406074,思邛,Siqiong Xian
26255,406075,思王,Siwang Xian
26256,406076,宁夷,Ningyi Xian
26257,406077,宁夷,Ningyi Xian
26258,406078,思州,Si Zhou
26259,406079,费州,Fei Zhou
26260,406080,费州,Fei Zhou
26261,406081,涪川,Fuchuan Xian
26262,406082,扶阳,Fuyang 
26263,406083,城乐,Chengle Xian
26264,406084,多田,Duotian Xian
26265,406085,夷州,Yi Zhou
26266,406086,夷州,Yi Zhou
26267,406087,夷州,Yi Zhou
26268,406088,绥阳,Suiyang Xian
26269,406089,都上,Dushang Xian
26270,406090,义泉,Yiquan Xian
26271,406091,洋川,Yangchuan Xian
26272,406092,播州,Bo Zhou
26273,406093,播州,Bo Zhou
26274,406094,遵义,Zunyi Xian
26275,406095,带水,Daishui Xian
26276,406096,芙蓉,Furong Xian
26277,406097,牂州,Zang Zhou
26278,406098,牂州,Zang Zhou
26279,406099,建安,Jianan Xian
26280,406100,珍州,Zhen Zhou
26281,406101,珍州,Zhen Zhou
26282,406102,夜郎,Yelang 
26283,406103,丽皋,Ligao Xian
26284,406104,溱州,Qin Zhou
26285,406105,溱州,Qin Zhou
26286,406106,荣懿,Rongyi Xian
26287,406107,扶欢,Fuhuan Xian
26288,406108,南州,Nan Zhou
26289,406109,南州,Nan Zhou
26290,406110,南川,Nanchuan Xian
26291,406111,三溪,Sanxi Xian
26292,406112,涪州,Fu Zhou
26293,406113,涪州,Fu Zhou
26294,406114,涪陵,Fuling Xian
26295,406115,武龙,Wulong Xian
26296,406116,宾化,Binhua 
26297,406117,乐温,Lewen Xian
26298,406118,施州,Shi Zhou
26299,406119,施州,Shi Zhou
26300,406120,清江,Qingjiang Xian
26301,406121,建始,Jianshi Xian
26302,406122,辰州都督府,Chenzhou Dudufu
26303,406123,辰州,Chen Zhou
26304,406124,卢溪郡,Luxi Jun
26305,406125,辰州,Chen Zhou
26306,406126,沅陵,Yuanling Xian
26307,406127,辰溪,Chenxi Xian
26308,406128,麻阳,Mayang Xian
26309,406129,卢溪,Luxi Xian
26310,406130,叙州,Xu Zhou
26311,406131,龙标,Longbiao Xian
26312,406132,朗溪,Langxi Xian
26313,406133,潭阳,Tanyang Xian
26314,406134,奖州,Jiang Zhou
26315,406135,峨山,Eshan Xian
26316,406136,渭溪,Weixi Xian
26317,406137,锦州,Jin Zhou
26318,406138,锦州,Jin Zhou
26319,406139,卢阳,Luyang 
26320,406140,渭阳,Weiyang Xian
26321,406141,常丰,Changfeng Xian
26322,406142,洛浦,Luopu Xian
26323,406143,溪州,Xi Zhou
26324,406144,溪州,Xi Zhou
26325,406145,大乡,Daxiang Xian
26326,406146,三亭,Santing Xian
26327,406147,山南东道,Shannandong Dao
26328,406148,襄阳郡,Xiangyang Jun
26329,406149,襄阳郡,Xiangyang Jun
26330,406150,襄阳,Xiangyang Xian
26331,406151,率道,Lvdao Xian
26332,406152,宜城,Yicheng Xian
26333,406153,乐乡,Lexiang Xian
26334,406154,南漳,Nanzhang Xian
26335,406155,南漳,Nanzhang Xian
26336,406156,义清,Yiqing Xian
26337,406157,安养,Anyang Xian
26338,406158,临汉,Linhan Xian
26339,406159,邓城,Dengcheng Xian
26340,406160,淮安郡,Huaian Jun
26341,406161,唐州,Tang Zhou
26342,406162,淮安郡,Huaian Jun
26343,406163,唐州,Tang Zhou
26344,406164,桐柏,Tongbai Xian
26345,406165,平氏,Pingshi Xian
26346,406166,湖阳,Huyang Xian
26347,406167,上马,Shangma Xian
26348,406168,上马,Shangma Xian
26349,406169,泌阳,Miyang Xian
26350,406170,方城,Fangcheng Xian
26351,406171,南阳郡,Nanyang Jun
26352,406172,南阳郡,Nanyang Jun
26353,406173,穰县,Rang Xian
26354,406174,新城,Xincheng 
26355,406175,临湍,Lintuan Xian
26356,406176,内乡,Neixiang Xian
26357,406177,菊潭,Jutan Xian
26358,406178,菊潭,Jutan Xian
26359,406179,向城,Xiangcheng Xian
26360,406180,向城,Xiangcheng Xian
26361,406181,南阳,Nanyang 
26362,406182,南阳,Nanyang 
26363,406183,新野,Xinye Xian
26364,406184,均州,Jun Zhou
26365,406185,均州,Jun Zhou
26366,406186,武当,Wudang Xian
26367,406187,郧乡,Yunxiang Xian
26368,406188,丰利,Fengli 
26369,406189,房陵,Fangling Xian
26370,406190,房陵,Fangling Xian
26371,406191,永清,Yongqing Xian
26372,406192,竹山,Zhushan Xian
26373,406193,兴山,Xingshan Xian
26374,406194,奉节,Fengjie Xian
26375,406195,万州,Wan Zhou
26376,406196,万州,Wan Zhou
26377,406197,南浦,Nanpu Xian
26378,406198,武宁,Wuning 
26379,406199,梁山,Liangshan 
26380,406200,忠州,Zhong Zhou
26381,406201,忠州,Zhong Zhou
26382,406202,临江,Linjiang 
26383,406203,南宾,Nanbin 
26384,406204,垫江,Dianjiang Xian
26385,406205,清水,Qingshui 
26386,406206,桂溪,Guixi Xian
26387,406207,江陵郡都督府,Jianglingjun Dudufu
26388,406208,荆州,Jing Zhou
26389,406209,江陵郡,Jiangling Jun
26390,406210,荆州,Jing Zhou
26391,406211,江陵府,Jiangling Fu
26392,406212,江陵,Jiangling Xian
26393,406213,石首,Shishou Xian
26394,406214,公安,Gongan Xian
26395,406215,松滋,Songzi 
26396,406216,当阳,Dangyang Xian
26397,406217,长林,Changlin 
26398,406218,荆门,Jingmen Xian
26399,406219,峡州,Xia Zhou
26400,406220,峡州,Xia Zhou
26401,406221,夷陵,Yiling 
26402,406222,宜都,Yidu Xian
26403,406223,长阳,Changyang Xian
26404,406224,巴山,Bashan 
26405,406225,澧州,Li Zhou
26406,406226,澧州,Li Zhou
26407,406227,澧阳,Liyang Xian
26408,406228,安乡,Anxiang 
26409,406229,石门,Shimen 
26410,406230,慈利,Cili Xian
26411,406231,朗州,Lang Zhou
26412,406232,朗州,Lang Zhou
26413,406233,武陵,Wuling 
26414,406234,龙阳,Longyang 
26415,406235,复州,Fu Zhou
26416,406236,竟陵郡,Jingling Jun
26417,406237,复州,Fu Zhou
26418,406238,沔阳,Mianyang Xian
26419,406239,监利,Jianli Xian
26420,406240,竟陵,Jingling Xian
26421,406241,山南西道,Shannanxi Dao
26422,406242,梁州总管府,Jinzhou
26423,406243,梁州都督府,Liangzhou Dudufu
26424,406244,汉中郡都督府,Hanzhongjun Dudufu
26425,406245,梁州,Liang Zhou
26426,406246,梁州,Liang Zhou
26427,406247,梁州,Liang Zhou
26428,406248,兴元府,Xingyuan Fu
26429,406249,南郑,Nanzheng Xian
26430,406250,金牛,Jinniu Xian
26431,406251,西县,Xi Xian
26432,406252,褒城,Baocheng Xian
26433,406253,城固,Chenggu Xian
26434,406254,城固,Chenggu Xian
26435,406255,西乡,Xixiang Xian
26436,406256,兴道,Xingdao Xian
26437,406257,华阳,Huayang 
26438,406258,真符,Zhenfu Xian
26439,406259,黄金,Huangjin Xian
26440,406260,洋源,Yangyuan Xian
26441,406261,壁州,Bi Zhou
26442,406262,壁州,Bi Zhou
26443,406263,诺水,Nuoshui Xian
26444,406264,通江,Tongjiang Xian
26445,406265,白石,Baishi 
26446,406266,太平,Taiping 
26447,406267,东巴,Dongba Xian
26448,406268,广纳,Guangna Xian
26449,406269,广纳,Guangna Xian
26450,406270,难江,Nanjiang Xian
26451,406271,地平,Diping Xian
26452,406272,通平,Tongping Xian
26453,406273,通平,Tongping Xian
26454,406274,利州总管府,Lizhou Zongguanfu
26455,406275,利州都督府,Lizhou Dudufu
26456,406276,通川,Tongchuan Xian
26457,406277,永穆,Yongmu Xian
26458,406278,太平,Taiping 
26459,406279,宣汉,Xuanhan Xian
26460,406280,巴渠,Baqu Xian
26461,406281,东乡,Dongxiang Xian
26462,406282,阆英,Langying Xian
26463,406283,万州,Wan Zhou
26464,406284,盛山,Shengshan Xian
26465,406285,开江,Kaijiang Xian
26466,406286,万岁,Wansui Xian
26467,406287,渝州,Yu Zhou
26468,406288,巴县,Ba Xian
26469,406289,壁山,Bishan Xian
26470,406290,南平,Nanping 
26471,406291,江津,Jiangjin Xian
26472,406292,万寿,Wanshou Xian
26473,406293,合州,He Zhou
26474,406294,石镜,Shijing Xian
26475,406295,巴川,Bachuan Xian
26476,406296,大足,Dazu Xian
26477,406297,铜梁,Tongliang Xian
26478,406298,赤水,Chishui Xian
26479,406299,汉初,Hanchu Xian
26480,406300,新明,Xinming Xian
26481,406301,流江,Liujiang Xian
26482,406302,潾水,Linshui Xian
26483,406303,潾水,Linshui Xian
26484,406304,始安,Shian 
26485,406305,渠江,Qujiang Xian
26486,406306,大寅,Dayin Xian
26487,406307,蓬池,Pengchi Xian
26488,406308,蓬池,Pengchi Xian
26489,406309,仪陇,Yilong Xian
26490,406310,安固,Angu 
26491,406311,良山,Liangshan Xian
26492,406312,良山,Liangshan Xian
26493,406313,良山,Liangshan Xian
26494,406314,咸安,Xianan Xian
26495,406315,蓬山,Pengshan Xian
26496,406316,曾口,Cengkou Xian
26497,406317,归仁,Guiren 
26498,406318,恩阳,Enyang Xian
26499,406319,恩阳,Enyang Xian
26500,406320,清化,Qinghua Xian
26501,406321,义清,Yiqing Xian
26502,406322,胤山,Yinshan Xian
26503,406323,景谷,Jinggu Xian
26504,406324,鸣水,Mingshui Xian
26505,406325,长举,Changju Xian
26506,406326,河池郡,Hechi Jun
26507,406327,剑南道,Jiannan Dao
26508,406328,益州总管府,Yizhou Zongguanfu
26509,406329,益州都督府,Yizhou Dudufu
26510,406330,蜀郡都督府,Shujun Dudufu
26511,406331,蜀郡,Shujun Xian
26512,406332,成都府,Chengdu Fu
26513,406333,成都,Chengdu Xian
26514,406334,华阳,Huayang 
26515,406335,灵池,Lingchi Xian
26516,406336,广都,Guangdu Xian
26517,406337,双流,Shuangliu Xian
26518,406338,温江,Wenjiang Xian
26519,406339,郫县,Pi Xian
26520,406340,犀浦,Xipu Xian
26521,406341,新繁,Xinfan Xian
26522,406342,新都,Xindu Xian
26523,406343,简州,Jian Zhou
26524,406344,简州,Jian Zhou
26525,406345,阳安,Yangan Xian
26526,406346,平泉,Pingquan Xian
26527,406347,金水,Jinshui 
26528,406348,陵州,Ling Zhou
26529,406349,陵州,Ling Zhou
26530,406350,仁寿,Renshou Xian
26531,406351,籍县,Ji Xian
26532,406352,贵平,Guiping Xian
26533,406353,始建,Shijian Xian
26534,406354,井研,Jingyan Xian
26535,406355,嘉州,Jia Zhou
26536,406356,嘉州,Jia Zhou
26537,406357,玉津,Yujin Xian
26538,406358,犍为,Jianwei Xian
26539,406359,绥山,Suishan Xian
26540,406360,罗目,Luomu Xian
26541,406361,峨眉,Emei Xian
26542,406362,夹江,Jiajiang Xian
26543,406363,平羌,Pingqiang Xian
26544,406364,眉州,Mei Zhou
26545,406365,眉州,Mei Zhou
26546,406366,通义,Tongyi Xian
26547,406367,彭山,Pengshan Xian
26548,406368,青神,Qingshen Xian
26549,406369,丹棱,Dan稜 Xian
26550,406370,洪雅,Hongya Xian
26551,406371,邛州,Qiong Zhou
26552,406372,邛州,Qiong Zhou
26553,406373,临邛,Linqiong Xian
26554,406374,依政,Yizheng Xian
26555,406375,蒲江,Pujiang Xian
26556,406376,临溪,Linxi Xian
26557,406377,火井,Huojing Xian
26558,406378,大邑,Dayi Xian
26559,406379,安仁,Anren 
26560,406380,安仁,Anren 
26561,406381,蜀州,Shu Zhou
26562,406382,蜀州,Shu Zhou
26563,406383,晋原,Jinyuan Xian
26564,406384,青城,Qingcheng 
26565,406385,唐兴,Tangxing 
26566,406386,新津,Xinjin Xian
26567,406387,彭州,Peng Zhou
26568,406388,彭州,Peng Zhou
26569,406389,蒙阳,Mengyang Xian
26570,406390,唐昌,Tangchang Xian
26571,406391,唐昌,Tangchang Xian
26572,406392,导江,Daojiang Xian
26573,406393,汉州,Han Zhou
26574,406394,汉州,Han Zhou
26575,406395,雒县,Luo Xian
26576,406396,什邡,Shenfang Xian
26577,406397,绵竹,Mianzhu Xian
26578,406398,德阳,Deyang Xian
26579,406399,金堂,Jintang Xian
26580,406400,绵州,Mian Zhou
26581,406401,绵州,Mian Zhou
26582,406402,巴西,Baxi Xian
26583,406403,魏城,Weicheng Xian
26584,406404,盐泉,Yanquan 
26585,406405,涪城,Fucheng Xian
26586,406406,罗江,Luojiang Xian
26587,406407,神泉,Shenquan 
26588,406408,西昌,Xichang Xian
26589,406409,龙安,Longan 
26590,406410,昌明,Changming 
26591,406411,梓州,Zi Zhou
26592,406412,梓州,Zi Zhou
26593,406413,郪县,Qi Xian
26594,406414,盐亭,Yanting Xian
26595,406415,永泰,Yongtai Xian
26596,406416,射洪,Shehong Xian
26597,406417,通泉,Tongquan Xian
26598,406418,飞乌,Feiwu Xian
26599,406419,铜山,Tongshan Xian
26600,406420,龙州,Long Zhou
26601,406421,龙州,Long Zhou
26602,406422,龙州,Long Zhou
26603,406423,江油,Jiangyou Xian
26604,406424,江油,Jiangyou Xian
26605,406425,清川,Qingchuan Xian
26606,406426,始州,Shi Zhou
26607,406427,剑州,Jian Zhou
26608,406428,普安郡,Puan Jun
26609,406429,剑州,Jian Zhou
26610,406430,普安,Puan Xian
26611,406431,永归,Yonggui Xian
26612,406432,临津,Linjin 
26613,406433,黄安,Huangan Xian
26614,406434,梓潼,Zitong Xian
26615,406435,武连,Wulian Xian
26616,406436,阴平,Yinping Xian
26617,406437,剑门,Jianmen Xian
26618,406438,阆州,Lang Zhou
26619,406439,阆中,Langzhong Xian
26620,406440,南部,Nanbu Xian
26621,406441,新政,Xinzheng Xian
26622,406442,新井,Xinjing Xian
26623,406443,晋安,Jinan Xian
26624,406444,西水,Xishui Xian
26625,406445,苍溪,Cangxi Xian
26626,406446,奉国,Fengguo Xian
26627,406447,果州,Guo Zhou
26628,406448,南充,Nanchong Xian
26629,406449,岳池,Yuechi Xian
26630,406450,流溪,Liuxi Xian
26631,406451,西充,Xichong Xian
26632,406452,朗池,Langchi Xian
26633,406453,遂州,Sui Zhou
26634,406454,遂州,Sui Zhou
26635,406455,方义,Fangyi Xian
26636,406456,长江,Changjiang 
26637,406457,蓬溪,Pengxi Xian
26638,406458,青石,Qingshi Xian
26639,406459,遂宁,Suining Xian
26640,406460,普州,Pu Zhou
26641,406461,普州,Pu Zhou
26642,406462,安岳,Anyue Xian
26643,406463,普康,Pukang Xian
26644,406464,静南,Jingnan Xian
26645,406465,乐至,Lezhi Xian
26646,406466,普慈,Puci Xian
26647,406467,安居,Anju 
26648,406468,崇龛,Chongkan Xian
26649,406469,资州,Zi Zhou
26650,406470,资州,Zi Zhou
26651,406471,月山,Yueshan Xian
26652,406472,龙水,Longshui Xian
26653,406473,资阳,Ziyang Xian
26654,406474,丹山,Danshan Xian
26655,406475,清溪,Qingxi Xian
26656,406476,银山,Yinshan Xian
26657,406477,内江,Neijiang Xian
26658,406478,昌州,Chang Zhou
26659,406479,泸州总管府,Luzhou Zongguanfu
26660,406480,泸州都督府,Luzhou Dudufu
26661,406481,泸川郡都督府,Luchuanjun Dudufu
26662,406482,泸州,Lu Zhou
26663,406483,泸州,Lu Zhou
26664,406484,泸川,Luchuan Xian
26665,406485,永川,Yongchuan Xian
26666,406486,合江,Hejiang Xian
26667,406487,江安,Jiangan Xian
26668,406488,绵水,Mianshui Xian
26669,406489,富义,Fuyi Xian
26670,406490,荣州,Rong Zhou
26671,406491,荣州,Rong Zhou
26672,406492,旭川,Xuchuan Xian
26673,406493,应灵,Yingling Xian
26674,406494,威远,Weiyuan Xian
26675,406495,公井,Gongjing Xian
26676,406496,戎州都督府,Rongzhou Dudufu
26677,406497,南溪郡都督府,Nanxijun Dudufu
26678,406498,戎州,Rong Zhou
26679,406499,戎州,Rong Zhou
26680,406500,归顺,Guishun 
26681,406501,南溪,Nanxi Xian
26682,406502,义宾,Yibin Xian
26683,406503,恭州,Gong Zhou
26684,406504,曲州,Qu Zhou
26685,406505,朱提,Zhuti Xian
26686,406506,唐兴,Tangxing 
26687,406507,协州,Xie Zhou
26688,406508,东安,Dongan Xian
26689,406509,味县,Wei Xian
26690,406510,同乐,Tongle Xian
26691,406511,陇堤,Longdi Xian
26692,406512,新丰,Xinfeng 
26693,406513,姚州,Yao Zhou
26694,406514,姚州,Yao Zhou
26695,406515,姚城,Yaocheng Xian
26696,406516,姚城,Yaocheng Xian
26697,406517,长城,Changcheng 
26698,406518,长明,Changming Xian
26699,406519,长明,Changming Xian
26700,406520,铜山,Tongshan Xian
26701,406521,附唐,Futang Xian
26702,406522,平夷,Pingyi 
26703,406523,巂州总管府,Xizhou Zongguanfu
26704,406524,巂州都督府,Xizhou Dudufu
26705,406525,越巂郡都督府,Yuexijun Dudufu
26706,406526,会川,Huichuan Xian
26707,406527,会川,Huichuan Xian
26708,406528,昆明,Kunming Xian
26709,406529,西泸,Xilu Xian
26710,406530,西泸,Xilu Xian
26711,406531,苏祁,Suqi Xian
26712,406532,苏祁,Suqi Xian
26713,406533,台登,Taideng Xian
26714,406534,台登,Taideng Xian
26715,406535,邛部,Qiongbu Xian
26716,406536,邛部,Qiongbu Xian
26717,406537,黎州都督府,Lizhou Dudufu
26718,406538,汉源郡都督府,Hanyuanjun Dudufu
26719,406539,黎州,Li Zhou
26720,406540,黎州,Li Zhou
26721,406541,汉源,Hanyuan 
26722,406542,通望,Tongwang Xian
26723,406543,雅州都督府,Yazhou Dudufu
26724,406544,卢山郡都督府,Lushanjun Dudufu
26725,406545,雅州,Ya Zhou
26726,406546,雅州,Ya Zhou
26727,406547,严道,Yandao Xian
26728,406548,荣经,Rongjing Xian
26729,406549,名山,Mingshan Xian
26730,406550,百丈,Baizhang Xian
26731,406551,会州总管府,Huizhou Zongguanfu
26732,406552,南会州总管府,Nanhuizhou Zongguanfu
26733,406553,南会州都督府,Nanhuizhou Dudufu
26734,406554,茂州都督府,Maozhou Dudufu
26735,406555,通化郡都督府,Tonghuajun Dudufu
26736,406556,茂州,Mao Zhou
26737,406557,茂州,Mao Zhou
26738,406558,汶山,Wenshan Xian
26739,406559,汶川,Wenchuan Xian
26740,406560,通化,Tonghua Xian
26741,406561,石泉,Shiquan 
26742,406562,维州,Wei Zhou
26743,406563,维州,Wei Zhou
26744,406564,维州,Wei Zhou
26745,406565,维州,Wei Zhou
26746,406566,维州,Wei Zhou
26747,406567,维州,Wei Zhou
26748,406568,薛城,Xuecheng Xian
26749,406569,薛城,Xuecheng Xian
26750,406570,薛城,Xuecheng Xian
26751,406571,薛城,Xuecheng Xian
26752,406572,薛城,Xuecheng Xian
26753,406573,盐溪,Yanxi Xian
26754,406574,定廉,Dinglian Xian
26755,406575,定廉,Dinglian Xian
26756,406576,松州都督府,Songzhou Dudufu
26757,406577,交川郡都督府,Jiaochuanjun Dudufu
26758,406578,松州,Song Zhou
26759,406579,松州,Song Zhou
26760,406580,嘉诚,Jiacheng Xian
26761,406581,交川,Jiaochuan Xian
26762,406582,平康,Pingkang Xian
26763,406583,平康,Pingkang Xian
26764,406584,翼州,Yi Zhou
26765,406585,翼州,Yi Zhou
26766,406586,卫山,Weishan Xian
26767,406587,翼水,Yishui Xian
26768,406588,昭远,Zhaoyuan Xian
26769,406589,峨和,Ehe Xian
26770,406590,峨和,Ehe Xian
26771,406591,曲水,Qushui Xian
26772,406592,长松,Changsong 
26773,406593,扶州,Fu Zhou
26774,406594,同昌,Tongchang 
26775,406595,帖夷,Tieyi 
26776,406596,尚安,Shangan Xian
26777,406597,万全,Wanquan 
26778,406598,当州,Dang Zhou
26779,406599,当州,Dang Zhou
26780,406600,通轨,Tonggui Xian
26781,406601,谷和,Guhe Xian
26782,406602,利和,Lihe Xian
26783,406603,悉州,Xi Zhou
26784,406604,悉州,Xi Zhou
26785,406605,左封,Zuofeng Xian
26786,406606,归诚,Guicheng 
26787,406607,柘州,Zhe Zhou
26788,406608,柘州,Zhe Zhou
26789,406609,乔珠,Qiaozhu Xian
26790,406610,静州,Jing Zhou
26791,406611,静州,Jing Zhou
26792,406612,悉唐,Xitang Xian
26793,406613,静居,Jingju Xian
26794,406614,恭州,Gong Zhou
26795,406615,恭州,Gong Zhou
26796,406616,真州,Zhen Zhou
26797,406617,真符,Zhenfu Xian
26798,406618,识臼,Shijiu Xian
26799,406619,昭德,Zhaode 
26800,406620,鸡川,Jichuan Xian
26801,406621,陇右道,Longyou Dao
26802,406622,陇右道,Longyou Dao
26803,406623,兰州都督府,Lanzhou Dudufu
26804,406624,鄯州都督府,Shanzhou Dudufu
26805,406625,西平郡都督府,Xipingjun Dudufu
26806,406626,鄯州,Shan Zhou
26807,406627,西平郡,Xiping Jun
26808,406628,鄯州,Shan Zhou
26809,406629,鄯州,Shan Zhou
26810,406630,湟水,Huangshui Xian
26811,406631,湟水,Huangshui Xian
26812,406632,龙支,Longzhi Xian
26813,406633,龙支,Longzhi Xian
26814,406634,兰州,Lan Zhou
26815,406635,兰州,Lan Zhou
26816,406636,五泉,Wuquan Xian
26817,406637,五泉,Wuquan Xian
26818,406638,广武,Guangwu 
26819,406639,临州,Lin Zhou
26820,406640,狄道,Didao Xian
26821,406641,长乐,Changle Xian
26822,406642,河州,He Zhou
26823,406643,河州,He Zhou
26824,406644,枹罕,Fuhan Xian
26825,406645,大夏,Daxia Xian
26826,406646,凤林,Fenglin Xian
26827,406647,廓州,Kuo Zhou
26828,406648,廓州,Kuo Zhou
26829,406649,廓州,Kuo Zhou
26830,406650,米川,Michuan Xian
26831,406651,米川,Michuan Xian
26832,406652,达化,Dahua Xian
26833,406653,达化,Dahua Xian
26834,406654,鄯城,Shancheng Xian
26835,406655,鄯城,Shancheng Xian
26836,406656,秦州总管府,Qinzhou Zongguanfu
26837,406657,秦州都督府,Qinzhou Dudufu
26838,406658,天水郡都督府,Tianshuijun Dudufu
26839,406659,秦州,Qin Zhou
26840,406660,天水郡,Tianshui Jun
26841,406661,秦州,Qin Zhou
26842,406662,秦州,Qin Zhou
26843,406663,上邽,Shanggui Xian
26844,406664,伏羌,Fuqiang Xian
26845,406665,成纪,Chengji Xian
26846,406666,成纪,Chengji Xian
26847,406667,陇城,Longcheng Xian
26848,406668,陇城,Longcheng Xian
26849,406669,清水,Qingshui 
26850,406670,清水,Qingshui 
26851,406671,成州,Cheng Zhou
26852,406672,上禄,Shanglu 
26853,406673,长道,Changdao 
26854,406674,同谷,Tonggu 
26855,406675,渭州,Wei Zhou
26856,406676,陇西郡,Longxi Jun
26857,406677,渭州,Wei Zhou
26858,406678,襄武,Xiangwu Xian
26859,406679,陇西,Longxi Xian
26860,406680,渭源,Weiyuan Xian
26861,406681,岷州总管府,Minzhou Zongguanfu
26862,406682,岷州都督府,Minzhou Dudufu
26863,406683,洮州都督府,Taozhou Dudufu
26864,406684,洮州都督府,Taozhou Dudufu
26865,406685,临洮郡都督府,Lintaojun Dudufu
26866,406686,洮州,Tao Zhou
26867,406687,临州,Lin Zhou
26868,406688,洮州,Tao Zhou
26869,406689,洮州,Tao Zhou
26870,406690,临潭,Lintan Xian
26871,406691,美相,Meixiang Xian
26872,406692,洮州,Tao Zhou
26873,406693,岷州,Min Zhou
26874,406694,岷州,Min Zhou
26875,406695,溢乐,Yile Xian
26876,406696,祐川,Youchuan Xian
26877,406697,和政,Hezheng Xian
26878,406698,武州,Wu Zhou
26879,406699,武州,Wu Zhou
26880,406700,武州,Wu Zhou
26881,406701,将利,Jiangli Xian
26882,406702,福津,Fujin Xian
26883,406703,将利,Jiangli Xian
26884,406704,宕州,Dang Zhou
26885,406705,宕州,Dang Zhou
26886,406706,怀道,Huaidao Xian
26887,406707,良恭,Lianggong Xian
26888,406708,叠州,Die Zhou
26889,406709,叠州,Die Zhou
26890,406710,合川,Hechuan 
26891,406711,丹岭,Danling Xian
26892,406712,恒香,Hengxiang Xian
26893,406713,芳州,Fang Zhou
26894,406714,凉州总管府,Liangzhou Zongguanfu
26895,406715,凉州都督府,Liangzhou Dudufu
26896,406716,武威郡都督府,Wuweijun Dudufu
26897,406717,凉州,Liang Zhou
26898,406718,凉州,Liang Zhou
26899,406719,凉州,Liang Zhou
26900,406720,姑臧,Guzang Xian
26901,406721,姑臧,Guzang Xian
26902,406722,神乌,Shenwu Xian
26903,406723,神乌,Shenwu Xian
26904,406724,神乌,Shenwu Xian
26905,406725,神乌,Shenwu Xian
26906,406726,昌松,Changsong Xian
26907,406727,昌松,Changsong Xian
26908,406728,嘉麟,Jialin Xian
26909,406729,嘉麟,Jialin Xian
26910,406730,天宝,Tianbao Xian
26911,406731,甘州,Gan Zhou
26912,406732,甘州,Gan Zhou
26913,406733,甘州,Gan Zhou
26914,406734,张掖,Zhangye Xian
26915,406735,张掖,Zhangye Xian
26916,406736,删丹,Shandan Xian
26917,406737,删丹,Shandan Xian
26918,406738,肃州,Su Zhou
26919,406739,肃州,Su Zhou
26920,406740,肃州,Su Zhou
26921,406741,酒泉,Jiuquan Xian
26922,406742,酒泉,Jiuquan Xian
26923,406743,玉门,Yumen Xian
26924,406744,玉门,Yumen Xian
26925,406745,玉门,Yumen Xian
26926,406746,玉门,Yumen Xian
26927,406747,福禄,Fulu 
26928,406748,福禄,Fulu 
26929,406749,瓜州总管府,Guazhou Zongguanfu
26930,406750,瓜州都督府,Guazhou Dudufu
26931,406751,瓜州都督府,Guazhou Dudufu
26932,406752,瓜州都督府,Guazhou Dudufu
26933,406753,晋昌郡都督府,Jinchangjun Dudufu
26934,406754,瓜州,Gua Zhou
26935,406755,瓜州,Gua Zhou
26936,406756,瓜州,Gua Zhou
26937,406757,常乐,Changle Xian
26938,406758,晋昌,Jinchang Xian
26939,406759,晋昌,Jinchang Xian
26940,406760,常乐,Changle Xian
26941,406761,常乐,Changle Xian
26942,406762,沙州,Sha Zhou
26943,406763,沙州,Sha Zhou
26944,406764,沙州,Sha Zhou
26945,406765,寿昌,Shouchang Xian
26946,406766,寿昌,Shouchang Xian
26947,406767,寿昌,Shouchang Xian
26948,406768,西州都督府,Xizhou Dudufu
26949,406769,交河郡都督府,Jiaohejun Dudufu
26950,406770,西州,Xi Zhou
26951,406771,交河郡,Jiaohe Jun
26952,406772,西州,Xi Zhou
26953,406773,高昌,Gaochang Xian
26954,406774,前庭,Qianting Xian
26955,406775,柳中,Liuzhong Xian
26956,406776,天山,Tianshan 
26957,406777,交河,Jiaohe Xian
26958,406778,蒲昌,Puchang Xian
26959,406779,伊州,Yi Zhou
26960,406780,伊州,Yi Zhou
26961,406781,伊州,Yi Zhou
26962,406782,伊吾,Yiwu Xian
26963,406783,伊吾,Yiwu Xian
26964,406784,柔远,Rouyuan 
26965,406785,柔远,Rouyuan 
26966,406786,纳职,Nazhi Xian
26967,406787,纳职,Nazhi Xian
26968,406788,安西都护府,Anxi Duhufu
26969,406789,北庭都护府,Beiting Duhufu
26970,406790,庭州,Ting Zhou
26971,406791,后庭,Houting Xian
26972,406792,蒲类,Pulei Xian
26973,406793,蒲类,Pulei Xian
26974,406794,轮台,Luntai Xian
26975,406795,轮台,Luntai Xian
26976,406796,长安,Changan Xian
26977,406797,新丰,Xinfeng Xian
26978,406798,新丰,Xinfeng Xian
26979,406799,盩厔,Zhouzhi Xian
26980,406800,盩厔,Zhouzhi Xian
26981,406801,门山,Menshan Xian
26982,406802,五原,Wuyuan Xian
26983,406803,五原,Wuyuan Xian
26984,406804,长泽,Changze Xian
26985,406805,延恩,Yanen Xian
26986,406806,延恩,Yanen Xian
26987,406807,延恩,Yanen Xian
26988,406808,连谷,Liangu Xian
26989,406809,银城,Yincheng Xian
26990,406810,清源,Qingyuan Xian
26991,406811,安邑,Anyi Xian
26992,406812,安邑,Anyi Xian
26993,406813,垣县,Yuan Xian
26994,406814,广平,Guangping Xian
26995,406815,固安,Guan Xian
26996,406816,归义,Guiyi Xian
26997,406817,范阳,Fanyang Xian
26998,406818,临黄,Linhuang Xian
26999,406819,观城,Guancheng Xian
27000,406820,观城,Guancheng Xian
27001,406821,滏阳,Fuyang Xian
27002,406822,内黄,Neihuang Xian
27003,406823,临河,Linhe Xian
27004,406824,肥乡,Feixiang Xian
27005,406825,邯郸,Handan Xian
27006,406826,武安,Wuan Xian
27007,406827,曲周,Quzhou Xian
27008,406828,灵寿,Lingshou Xian
27009,406829,行唐,Xingtang Xian
27010,406830,行唐,Xingtang Xian
27011,406831,深泽,Shenze Xian
27012,406832,鼓城,Gucheng Xian
27013,406833,无极,Wuji Xian
27014,406834,恒阳,Hengyang Xian
27015,406835,弓高,Gonggao Xian
27016,406836,夏津,Xiajin Xian
27017,406837,夏津,Xiajin Xian
27018,406838,临清,Linqing Xian
27019,406839,永济,Yongji Xian
27020,406840,经城,Jingcheng Xian
27021,406841,武水,Wushui Xian
27022,406842,来庭,Laiting Xian
27023,406843,河阴,Heyin Xian
27024,406844,阳翟,Yangzhai Xian
27025,406845,王屋,Wangwu Xian
27026,406846,济源,Jiyuan Xian
27027,406847,河阳,Heyang Xian
27028,406848,温县,Wen Xian
27029,406849,襄城,Xiangcheng Xian
27030,406850,平陆,Pinglu Xian
27031,406851,成武,Chengwu Xian
27032,406852,范县,Fan Xian
27033,406853,天平,Tianping Xian
27034,406854,东阿,Donga Xian
27035,406855,卢县,Lu Xian
27036,406856,平阴,Pingyin Xian
27037,406857,长清,Changqing Xian
27038,406858,临邑,Linyi Xian
27039,406859,虹县,Hong Xian
27040,406860,下邳,Xiapi Xian
27041,406861,符离,Fuli Xian
27042,406862,蕲县,Qi Xian
27043,406863,虞城,Yucheng Xian
27044,406864,砀山,Dangshan Xian
27045,406865,单父,Danfu Xian
27046,406866,临涣,Linhuan Xian
27047,406867,溵水,Yinshui Xian
27048,406868,遂平,Suiping Xian
27049,406869,西平,Xiping Xian
27050,406870,西平,Xiping Xian
27051,406871,西平,Xiping Xian
27052,406872,平陆,Pinglu Xian
27053,406873,中都,Zhongdou Xian
27054,406874,句容,Jurong Xian
27055,406875,江宁,Jiangning Xian
27056,406876,江宁,Jiangning Xian
27057,406877,上元,Shangyuan Xian
27058,406878,山阴,Shanyin Xian
27059,406879,山阴,Shanyin Xian
27060,406880,宁海,Ninghai Xian
27061,406881,宁海,Ninghai Xian
27062,406882,象山,Xiangshan Xian
27063,406883,信安,Xinan Xian
27064,406884,玉山,Yushan Xian
27065,406885,松阳,Songyang Xian
27066,406886,雩都,Yudou Xian
27067,406887,当涂,Dangtu Xian
27068,406888,溧水,Lishui Xian
27069,406889,溧阳,Liyang Xian
27070,406890,弋阳,Yiyang Xian
27071,406891,合浦,Hepu Xian
27072,406892,枝江,Zhijiang Xian
27073,406893,枝江,Zhijiang Xian
27074,406894,三泉,Sanquan Xian
27075,406895,符阳,Fuyang Xian
27076,406896,新宁,Xinning Xian
27077,406897,潾山,Linshan Xian
27078,406898,宕渠,Dangqu Xian
27079,406899,大牟,Damou Xian
27080,406900,嘉川,Jiachuan Xian
27081,406901,相如,Xiangru Xian
27082,406902,朗池,Langchi Xian
27083,406903,盐州,Yan Zhou
27084,406904,盐州,Yan Zhou
27085,406905,盐州,Yan Zhou
27086,406906,宥州,You Zhou
27087,406907,宥州,You Zhou
27088,406908,宥州,You Zhou
27089,406909,景州,Jing Zhou
27090,406910,景州,Jing Zhou
27091,406911,景州,Jing Zhou
27092,406912,宿州,Su Zhou
27093,406913,宿州,Su Zhou
27094,406914,溵州,Yin Zhou
27095,406915,溵州,Yin Zhou
27096,406916,升州,Shengshan Zhou
27097,600001,镇东,Zhendong
27098,600002,宁江州,Ningjiang Zhou
27099,600003,黄龙府路,Huanglong Fu Lu
27100,600004,济州路,Ji Zhou Lu
27101,600005,隆州路,Long Zhou Lu
27102,600006,隆安路,Long'an Lu
27103,600007,黄龙,Huanglong
27104,600008,会州,Hui Zhou
27105,600009,昌州,Chang Zhou
27106,600010,宁州,Ning Zhou
27107,600011,咸州路,Xian Zhou Lu
27108,600012,南路,Nan Lu
27109,600013,东南路,Dongnan Lu
27110,600014,咸州,Xian Zhou
27111,600015,咸平,Xianping
27112,600016,荣安,Rong'an
27113,600017,玉山,Yushan
27114,600018,玉山州,Yushan Zhou
27115,600019,银州,Yin Zhou
27116,600020,延津,Yanjin
27117,600021,祺州,Qi Zhou
27118,600022,肃州,Shu Zhou
27119,600023,荣州,Rong Zhou
27120,600024,安州,An Zhou
27121,600025,同州,Tong Zhou
27122,600026,东平,Dongping 
27123,600027,衍州,Yan Zhou
27124,600028,岩州,Yan Zhou
27125,600029,岩州,Yan Zhou
27126,600030,东安,Dong'an
27127,600031,海州,Hai Zhou
27128,600032,耀州,Yao Zhou
27129,600033,嫔州,Pin Zhou
27130,600034,铜州,Tong Zhou
27131,600035,广州,Guang Zhou
27132,600036,昌义,Changyi
27133,600037,辽州,Liao Zhou
27134,600038,兴州,Xing Zhou
27135,600039,常安,Chang'an
27136,600040,双州,Shuang Zhou
27137,600041,集州,Ji Zhou
27138,600042,辰州,Chen Zhou
27139,600043,卢州,Lu Zhou
27140,600044,永宁,Yongning
27141,600045,苏州,Su Zhou
27142,600046,金州,Jin Zhou
27143,600047,宁州,Ning Zhou
27144,600048,新安,Xin'an
27145,600049,来远城,Laiyuan Cheng
27146,600050,来远城,Laiyuan Jun
27147,600051,中京路,Zhongjing Lu
27148,600052,中京大定府,Zhongjing Dading Fu
27149,600053,松山州,Songshan Zhou
27150,600054,高州,Gao Zhou
27151,600055,高州,Gao Zhou
27152,600056,泽州,Ze Zhou
27153,600057,惠州,Hui Zhou
27154,600058,滦阳,Luanyan
27155,600059,神山,Shenshan
27156,600060,惠州,Hui Zhou
27157,600061,榆州,Yu Zhou
27158,600062,武安州,Wu'an Zhou
27159,600063,沃野,Woye
27160,600064,武安,Wu'an
27161,600065,川州,Chuan Zhou
27162,600066,川州,Chuan Zhou
27163,600067,徽川,Huichuan
27164,600068,恩州,En Zhou
27165,600069,潭州,Tan Zhou
27166,600070,宜州,Yi Zhou
27167,600071,海北州,Haibei Zhou
27168,600072,干州,Qian Zhou
27169,600073,严州,Yan Zhou
27170,600074,神水,Shenshui
27171,600075,来州,Lai Zhou
27172,600076,宗州,Zong Zhou
27173,600077,来宾,Laibin
27174,600078,宗安,Zong'an
27175,600079,润州,Run Zhou
27176,600080,隰州,Xi Zhou
27177,600081,山东,Shandong
27178,600082,奉陵,Fengling
27179,600083,钟秀,Zhongxiu
27180,600084,奉玄,Fengxuan
27181,600085,茂州,Mao Zhou
27182,600086,安德,Ande
27183,600087,北安州,Bei'an Zhou
27184,600088,永德,Yongde
27185,600089,利民,Limin
27186,600090,上京路,Shangjing Lu
27187,600091,北京路,Beijing Lu
27188,600092,永州,Yong Zhou
27189,600093,玄德,Xuande
27190,600094,孝安,Xiao'an
27191,600095,庆民,Qingmin
27192,600096,祖州,Zu Zhou
27193,600097,奉州,Feng Zhou
27194,600098,奉州,Feng Zhou
27195,600099,长霸,Changba
27196,600100,咸宁,Xianning
27197,600101,怀州,Huai Zhou
27198,600102,扶余,Fuyu
27199,600103,显理,Xianli
27200,600104,泰州路,Tai Zhou Lu
27201,600105,东北路,Dongbei Lu
27202,600106,长春州,Changchun Zhou
27203,600107,长春,Changchun
27204,600108,泰州,Tai Zhou
27205,600109,金山,Jinshan
27206,600110,金安,Jin'an
27207,600111,宣德,Xuande
27208,600112,长清,Changqing
27209,600113,云州,Yun Zhou
27210,600114,西南路,Xinan Lu
27211,600115,天德府,Tiande Fu
27212,600116,丰州,Feng Zhou
27213,600117,永宁,Yongning
27214,600118,阳门,Yangmen
27215,600119,西北路,Xibei Lu
27216,600120,奉圣州,Fengsheng Zhou
27217,600121,永兴,Yongxing
27218,600122,怀来,Huailai
27219,600123,儒州,Rui Zhou
27220,600124,镇州,Zhen Zhou
27221,600125,建昌,Jianchang
27222,600126,归化州,Guihua
27223,600127,文德,Wende
27224,600128,固州,Gu Zhou
27225,600129,河阴,Heyin
27226,600130,忠州,Zhong Zhou
27227,600131,浑源州,Hunyuan Zhou
27228,600132,成州,Cheng Zhou
27229,600133,定安州,Ding'an Zhou
27230,600134,宁仁,Ningren
27231,600135,燕京路,Yanjing
27232,600136,析津府,Xijin Fu
27233,600137,析津,Xijin
27234,600138,永济,Yongji
27235,600139,万宁,Wanning
27236,600140,怀柔,Huairou
27237,600141,檀州,Tan Zhou
27238,600142,南京路,Nanjing Lu
27239,600143,望都,Wangdu
27240,600144,安喜,Anxi
27241,600145,营州,Ying Zhou
27242,600146,广宁,Guangning
27243,600147,信安军,Xin'an Jun
27244,600148,信安府,Xin'an Fu
27245,600149,保塞,Baosai
27246,600150,遂州,Sui Zhou
27247,600151,徐州,Xu Zhou
27248,600152,汴京路,Bianjing Lu
27249,600153,延州,Yan Zhou
27250,600154,咸平,Xianping
27251,600155,雍丘,Yongqiu
27252,600156,兰阳,Lanyang
27253,600157,拱州,Gong Zhou
27254,600158,宋城,Songcheng
27255,600159,永州,Yong Zhou
27256,600160,申州,Shen Zhou
27257,600161,新野,Xinye
27258,600162,顺阳,Shunyang
27259,600163,淅川,Xichuan
27260,600164,镇平,Zhenping
27261,600165,金昌府,Jinchang
27262,600166,永安,Yongan
27263,600167,寿安,Shou'an
27264,600168,顺州,Shun Zhou
27265,600169,韶州,Shao Zhou
27266,600170,阳翟,YangZhai
27267,600171,颖顺州,Yingshun Zhou
27268,600172,故市,Gushi
27269,600173,绥滨,Suibin
27270,600174,宁州,Ning Zhou
27271,600175,鄚亭,Moting
27272,600176,莫州,Mo Zhou
27273,600177,任丘,Renqiu
27274,600178,寿州,Shou Zhou
27275,600179,干宁,Qianning
27276,600180,观州,Guan Zhou
27277,600181,蓨县,Tiao Xian
27278,600182,镇宁州,Zhenning Zhou 
27279,600183,赵州,Zhao Zhou
27280,600184,魏县,Wei Xian
27281,600185,相州,Xiang Zhou
27282,600186,林州,Lin Zhou
27283,600187,定州,Ding Zhou
27284,600188,完州,Wan Zhou
27285,600189,望都,Wangdu
27286,600190,共城,Gongcheng
27287,600191,河平,Heping
27288,600192,辉州,Hui Zhou
27289,600193,山阳,Shanyang
27290,600194,招安,Zhao'an
27291,600195,怀仁,Huairen
27292,600196,城阳军,Chengyang Jun
27293,600197,城阳州,Chengyang Zhou
27294,600198,宁海军,Ninghai Jun
27295,600199,中都,Zhongdu
27296,600200,汶阳,Wenyang
27297,600201,巨野,Juye
27298,600202,承县,Cheng Xian
27299,600203,滕阳军,Tengyang Jun
27300,600204,滕阳州,Tengyang Zhou
27301,600205,滕阳,Tengyang
27302,600206,龚县,Gong Xian
27303,600207,泰安军,Tai'an Jun
27304,600208,南华,Nanhua
27305,600209,乘县,Cheng Xian
27306,600210,大名府路,Damingfu Lu
27307,600211,临濮,Linpu
27308,600212,雷泽,Leize
27309,600213,澶州,Chan Zhou
27310,600214,盂州,Yu Zhou
27311,600215,皋州,Gao Zhou
27312,600216,平定军,Pingding Jun
27313,600217,定胡,Dinghu
27314,600218,平夷,Pingyin
27315,600219,晋宁军,Jinning Jun
27316,600220,晋宁州,Jinning Zhou
27317,600221,葭芦,Jialu
27318,600222,吴堡,Wubao
27319,600223,弥川,Michuan
27320,600224,通秦,Tongqin
27321,600225,太和,Taihe
27322,600226,建宁,Jianning
27323,600227,台州,Taizhou
27324,600228,坚州,Jianzhou
27325,600229,广武,Guanwu
27326,600230,火山军,Huoshan Jun
27327,600231,火山州,Huoshan Zhou
27328,600232,宁化军,Ninghua Jun
27329,600233,岢岚军,Kelan Jun
27330,600234,保德军,Baode Jun
27331,600235,宪州,Xian Zhou
27332,600236,麟州,Lin Zhou
27333,600237,霍州,Huo Zhou
27334,600238,神山,Shenshan
27335,600239,忠孝,Zhongxiao
27336,600240,南隰州,Nanxi Zhou
27337,600241,蒲州,Pu Zhou
27338,600242,慈州,Ci Zhou
27339,600243,耿州,Geng Zhou
27340,600244,蒲州,Pu Zhou
27341,600245,荣州,Rong Zhou
27342,600246,翼州,Yi Zhou
27343,600247,南泽州,Nanze Zhou
27344,600248,??州,Ji Zhou
27345,600249,崇州,Chong Zhou
27346,600250,南辽州,Nanliao Zhou
27347,600251,平城,Pingcheng
27348,600252,谷州,Gu Zhou
27349,600253,南怀州,Nanhuai Zhou
27350,600254,干祐,Qianyou
27351,600255,商洛,Shangluo
27352,600256,丰阳,Fengyang
27353,600257,栾川,Luanchuan
27354,600258,醴州,Li Zhou
27355,600259,桢州,Zhen Zhou
27356,600260,富平,Fuping
27357,600261,天兴,Tianxing
27358,600262,恒州,Heng Zhou
27359,600263,安化,Anhua
27360,600264,镇戎军,Zhenrong Jum
27361,600265,熙秦路,Xiqin
27362,600266,西宁州,Xining Zhou
27363,600267,吴山,Wushan
27364,600268,吴山,Wushan
27365,600269,保安军,Bao'an Jun
27366,600270,绥德军,Suide Jun
27367,600271,绥德,Suide
27368,600272,米脂,Mizhi
27369,600273,嗣武,Siwu
27370,600274,绥平,Suiping
27371,600275,怀宁,Huaining
27372,600276,定戎,Dingrong
27373,600277,义合,Yihe
27374,600278,坊州,Fang Zhou
27375,600279,西宁州,Xining Zhou
27376,600280,安定,Anding
27377,600281,定边军,Dingbian Jun
27378,600282,定边,Dingbian
27379,600283,保定,Baoding
27380,600284,积石军,Jishi Jun
27381,600285,金州,Jin Zhou
27382,600286,定西州,Dingxi Zhou
27383,600287,敷文,Fuwen
27384,600288,西安州,Xi'an Zhou
